timestamp,satellite_id,satellite_type,clock_error_ns,ephemeris_error_x_m,ephemeris_error_y_m,ephemeris_error_z_m,total_eph_error_m
2024-01-01 00:00:00,GEO_01,GEO,-0.053318990177354864,-0.02530192369283732,-0.12408882254799103,0.06325231068063376,0.14155945051583235
2024-01-01 00:15:00,GEO_01,GEO,0.044385268229680974,-0.20099281609113565,-0.06889720538114505,0.03939616984851728,0.21609487552533488
2024-01-01 00:30:00,GEO_01,GEO,-0.037094319293646594,0.26212585991317067,0.004981716222764054,0.3422619820614579,0.4311357655036068
2024-01-01 00:45:00,GEO_01,GEO,0.23782760169820805,0.09738878399792086,0.15529920824487586,0.20149957297864945,0.2724050242573677
2024-01-01 01:00:00,GEO_01,GEO,0.26114137481235233,0.3686139478899392,0.3291667731887915,0.49945421132641127,0.7026247336681335
2024-01-01 01:15:00,GEO_01,GEO,0.9166772142485273,0.4879680342621809,0.736237180527396,0.45257564280363843,0.9924629468709413
2024-01-01 01:30:00,GEO_01,GEO,0.8834818437253585,0.7144844189223354,0.5267923796364884,0.45713244991100876,0.9984829857776757
2024-01-01 01:45:00,GEO_01,GEO,1.0461476691544944,0.3587598933663063,0.7102729724671852,0.6824369039423146,1.0482921750962115
2024-01-01 02:00:00,GEO_01,GEO,0.9828103335838403,0.17137655178247885,0.8184804255021881,0.7213826694609329,1.1043881044404984
2024-01-01 02:15:00,GEO_01,GEO,0.6783505546966676,0.7124354734295257,0.8103978984139001,0.773109562320508,1.3274062878055934
2024-01-01 02:30:00,GEO_01,GEO,0.8213550722494545,0.9825035213223252,0.8334369568569094,0.7515644339753431,1.4915694515785554
2024-01-01 02:45:00,GEO_01,GEO,1.0328092690165795,0.8819874484702381,0.7473698339331805,0.7622450250723666,1.3847313841247058
2024-01-01 03:00:00,GEO_01,GEO,0.707154291903267,0.728556970915849,1.0814631977727514,1.1109233035607997,1.7130407159204895
2024-01-01 03:15:00,GEO_01,GEO,1.0309522280062144,0.6246866930411126,1.1402387461085377,0.9384624948694249,1.6034617915205702
2024-01-01 03:30:00,GEO_01,GEO,0.7690991823748157,0.7787717129030306,0.7411690985276832,0.8667727195537606,1.380982244923113
2024-01-01 03:45:00,GEO_01,GEO,0.6932412868770779,0.4827160583282185,0.8078320965922634,0.7884751860306122,1.2277217144933914
2024-01-01 04:00:00,GEO_01,GEO,0.8348104000891678,0.6554143644338494,0.8572972617665193,0.8634613184363524,1.382060791924307
2024-01-01 04:15:00,GEO_01,GEO,0.7345038214099608,0.6119558345037426,0.7382975716023628,0.7458487450823624,1.2148512658585218
2024-01-01 04:30:00,GEO_01,GEO,0.4779906102104624,0.6293302165243796,0.8498509313343938,0.6023906244257624,1.2170363968742344
2024-01-01 04:45:00,GEO_01,GEO,0.6612553215033685,0.7919926911392197,0.624670661347415,0.4826612910412602,1.1182252813435118
2024-01-01 05:00:00,GEO_01,GEO,0.1720224752988121,0.3689616210597448,0.8791653631006212,0.43253355884533634,1.0469716772760826
2024-01-01 05:15:00,GEO_01,GEO,0.411394555412837,0.13824442110994772,0.6986787279315089,-0.0751736529112964,0.7161805379400112
2024-01-01 05:30:00,GEO_01,GEO,0.3103381112382594,0.11178092388173376,0.46728655592352,0.26969239572839654,0.5509861056364679
2024-01-01 05:45:00,GEO_01,GEO,-0.016157017230551435,-0.26618664027331274,0.49167990686789265,0.07563715419668207,0.5642033652616636
2024-01-01 06:00:00,GEO_01,GEO,-0.010014042423810737,-0.21605697528454548,0.40628826358440373,0.27093946091331006,0.5340027726290676
2024-01-01 06:15:00,GEO_01,GEO,-0.42659287870381724,-0.2911654095203397,0.0749172718942619,-0.040261768408054406,0.3033329908278519
2024-01-01 06:30:00,GEO_01,GEO,-0.1297843506230421,-0.41395951973969647,-0.05135774292807026,-0.29406076507777945,0.5103644142178361
2024-01-01 06:45:00,GEO_01,GEO,-0.4396838831354665,-0.38620395901053217,-0.08337102864656283,-0.24293391247871607,0.46381150503756513
2024-01-01 07:00:00,GEO_01,GEO,-0.6202468972972219,-0.6477856214252274,-0.07211957286908971,-0.46245195525547056,0.7991803645208607
2024-01-01 07:15:00,GEO_01,GEO,-0.402796406874132,-0.46865466967702707,-0.230047636206529,-0.34171033972686016,0.6239591898598346
2024-01-01 07:30:00,GEO_01,GEO,-0.8517311317090698,-0.6943349702498128,-0.5270048748237951,-0.4583073932732109,0.9848252919826633
2024-01-01 07:45:00,GEO_01,GEO,-1.0061513933148296,-0.7692776166789117,-0.5021154988092718,-0.43455935393457445,1.0162430111738554
2024-01-01 08:00:00,GEO_01,GEO,-1.0958785198463779,-0.8868758875820217,-0.4373797142625181,-0.7429734350629204,1.236874843964399
2024-01-01 08:15:00,GEO_01,GEO,-0.7437683616442461,-0.8466810503391509,-0.49515773412514225,-0.6877016183258602,1.1979079674646798
2024-01-01 08:30:00,GEO_01,GEO,-1.1313976081304804,-0.7909061770575866,-0.3049398599914285,-0.9096971725567086,1.243410569714247
2024-01-01 08:45:00,GEO_01,GEO,-0.5842485062877002,-1.0395873880631687,-0.7024357483580251,-0.6494147165115125,1.412762326795639
2024-01-01 09:00:00,GEO_01,GEO,-1.354274739378947,-1.007052969769956,-0.447414227041216,-0.6983274153884254,1.3046058230609179
2024-01-01 09:15:00,GEO_01,GEO,-0.6541826855085704,-0.9568248301939627,-0.3248654143737479,-0.6835336392438082,1.2199465271518326
2024-01-01 09:30:00,GEO_01,GEO,-0.9740779570375991,-1.0626010610345116,-0.19397198668394416,-0.7250624266500947,1.3009464512690405
2024-01-01 09:45:00,GEO_01,GEO,-0.9986150836535068,-0.9618015460294556,-0.45872852197459796,-0.6473033784708625,1.2467941829337523
2024-01-01 10:00:00,GEO_01,GEO,-1.0221260502695895,-0.8556066230229626,-0.3217650706438811,-0.46283079499162905,1.0246012877406525
2024-01-01 10:15:00,GEO_01,GEO,-0.7728124741875375,-0.5932320384326946,-0.26629053320627405,-0.6645015795501137,0.9297296643233923
2024-01-01 10:30:00,GEO_01,GEO,-0.7976929318905013,-0.5992821670630435,-0.22191083473729345,-0.5469711914750369,0.8411664630958615
2024-01-01 10:45:00,GEO_01,GEO,-0.5031168681305923,-0.5103740742872684,-0.14975193600548609,-0.6352572869126656,0.8285283088812464
2024-01-01 11:00:00,GEO_01,GEO,-0.662353145912959,-0.3274152335750682,0.008948876875211259,-0.5266016727809097,0.6201533192283957
2024-01-01 11:15:00,GEO_01,GEO,-0.5865263827054861,-0.3963948732875368,-0.27320839465591207,-0.33113528749348764,0.5843135297958603
2024-01-01 11:30:00,GEO_01,GEO,-0.6075591106477806,-0.21439255476059105,0.24594860717754075,-0.10440208361757783,0.3425706933948626
2024-01-01 11:45:00,GEO_01,GEO,-0.41445912648853,-0.19932735076268723,0.2685789516505607,-0.19255340242208557,0.38593115813070494
2024-01-01 12:00:00,GEO_01,GEO,-0.2298309348493306,-0.012408263368878916,0.3215538724897646,-0.08056623528098515,0.331725453018526
2024-01-01 12:15:00,GEO_01,GEO,-0.5862909054920589,-0.036408608376869225,0.7014988161604965,-0.011407088332521145,0.7025356200953402
2024-01-01 12:30:00,GEO_01,GEO,-0.4045867668067223,-0.22096985822698162,0.503650967218375,0.09213272534095876,0.5576561791136269
2024-01-01 12:45:00,GEO_01,GEO,0.09776813345530816,0.22337002013325746,0.6482861363641204,0.2756117381414406,0.7390067054483312
2024-01-01 13:00:00,GEO_01,GEO,0.05321541085392608,0.527196784460633,1.0341536810789727,0.14106159133724067,1.1693197416384518
2024-01-01 13:15:00,GEO_01,GEO,0.08486456309698065,0.5218857291456489,0.7879589540095062,0.5971334353389555,1.1179500736121195
2024-01-01 13:30:00,GEO_01,GEO,0.23255027973708164,0.6215501941334762,0.8982294334462881,0.42095924125443956,1.1706184014161554
2024-01-01 13:45:00,GEO_01,GEO,0.3929297546382705,0.7182324399244113,1.0231717607244462,0.6752836843505065,1.420825937282161
2024-01-01 14:00:00,GEO_01,GEO,0.24500127771794067,0.5855143675381566,1.149120412210002,0.4761727299793004,1.3747891711557931
2024-01-01 14:15:00,GEO_01,GEO,0.23132328649468978,0.653442263738917,1.111064444305887,0.7764769867694065,1.504781546412464
2024-01-01 14:30:00,GEO_01,GEO,0.46728014048999117,0.5801249767890807,0.9665540359690242,0.793852265160367,1.3787578148619093
2024-01-01 14:45:00,GEO_01,GEO,0.2802116879372949,0.6541320774865357,1.0539288906325308,0.79102242196011,1.471180258619047
2024-01-01 15:00:00,GEO_01,GEO,0.5473117235591278,0.8134439094354435,1.0566681207183877,0.6079150413205282,1.4655371740777805
2024-01-01 15:15:00,GEO_01,GEO,0.11037539471468882,0.8811230175331628,1.107336762425105,0.7695988070445958,1.6108553011519453
2024-01-01 15:30:00,GEO_01,GEO,0.600336000991257,0.6356077105490132,1.1784101127683968,0.5694650107797264,1.4549700870074744
2024-01-01 15:45:00,GEO_01,GEO,0.4168316601810036,0.5761821075770371,1.1716969176894259,0.6463412303869975,1.4569202016970577
2024-01-01 16:00:00,GEO_01,GEO,0.3504015119974403,0.5908935476657843,0.8515712225156141,0.7790239841680466,1.2966137048476893
2024-01-01 16:15:00,GEO_01,GEO,0.4776067734652415,0.6175179868120955,1.1298331544532563,0.6803993412990081,1.4562948480916849
2024-01-01 16:30:00,GEO_01,GEO,0.5416096035756948,0.2605186997566552,0.9607225434164034,0.5028598611347298,1.115224568547439
2024-01-01 16:45:00,GEO_01,GEO,0.36230656193557587,0.06126173516055017,1.008188320795608,0.29030493524708123,1.0509394111043515
2024-01-01 17:00:00,GEO_01,GEO,-0.2856212749294432,0.24205110881723693,0.8110773182128056,0.40195243871139685,0.9370170320677047
2024-01-01 17:15:00,GEO_01,GEO,-0.2877234881642842,0.07970452161958383,0.780996740853095,0.21287831801322407,0.8134038961487107
2024-01-01 17:30:00,GEO_01,GEO,-0.24532371483410265,0.07722364285274665,0.5838187117675719,-0.18536198149277314,0.6173871098495035
2024-01-01 17:45:00,GEO_01,GEO,-0.17097378974760974,0.04236921336837292,0.5982010068828838,0.1418908079852147,0.6162569239106752
2024-01-01 18:00:00,GEO_01,GEO,-0.1782858559517299,-0.10711588593181043,0.40670054891339513,-0.07236310537323522,0.4267500070587832
2024-01-01 18:15:00,GEO_01,GEO,-0.4833421389706961,0.07849382485624276,0.2127569281154338,-0.007971756137404917,0.22691482961144835
2024-01-01 18:30:00,GEO_01,GEO,-0.48341841019507337,-0.1695386823899406,0.4118167431595688,-0.4242330861900351,0.6150691881336547
2024-01-01 18:45:00,GEO_01,GEO,-0.7452250997649135,-0.26434964707686553,0.13530720561095722,-0.7864715210211722,0.8406701072223667
2024-01-01 19:00:00,GEO_01,GEO,-0.8068953720956319,-0.3010507450861034,0.009149218901833372,-0.415607495369293,0.5132687887749932
2024-01-01 19:15:00,GEO_01,GEO,-1.0611444970839516,-0.6350294513832766,-0.2834030866782675,-0.49702316019916715,0.8547582906513875
2024-01-01 19:30:00,GEO_01,GEO,-1.0391712751335884,-0.39138648780934177,-0.3630028448040131,-0.8275223035478144,0.9847576407647821
2024-01-01 19:45:00,GEO_01,GEO,-1.2534043931374703,-0.6389696039542817,-0.2323277146294023,-0.8089472956834731,1.0567185287275023
2024-01-01 20:00:00,GEO_01,GEO,-1.2415678024516033,-0.599445521376027,-0.3163521281778458,-0.3415964742263282,0.7590136713553238
2024-01-01 20:15:00,GEO_01,GEO,-0.8692789468849382,-0.9351203898001159,-0.4557801260288756,-0.8188965499152436,1.3239249322245985
2024-01-01 20:30:00,GEO_01,GEO,-1.2563379913375954,-1.0080079161284845,-0.40079156973360613,-0.6898923344186179,1.285560295916449
2024-01-01 20:45:00,GEO_01,GEO,-0.5742003240947724,-0.6873016782414872,-0.25953179959119954,-0.8995067501179006,1.161401199164302
2024-01-01 21:00:00,GEO_01,GEO,-1.031391569696217,-0.7614807167946513,-0.3746690378456915,-1.1015635020470882,1.3905653235330433
2024-01-01 21:15:00,GEO_01,GEO,-1.0992288006829958,-0.9482083969180854,-0.6150909614698784,-0.8572468415880388,1.4185584944867704
2024-01-01 21:30:00,GEO_01,GEO,-1.2568766746489008,-0.9157518477928837,-0.477894394084161,-0.8529785295603669,1.339610716038101
2024-01-01 21:45:00,GEO_01,GEO,-0.8987741387639296,-0.5678411253547323,-0.5301997855228472,-0.8480795617961543,1.1501279491208616
2024-01-01 22:00:00,GEO_01,GEO,-1.121132872136317,-0.8529796019565915,-0.43591040723603836,-0.7682658716573202,1.2279350691482411
2024-01-01 22:15:00,GEO_01,GEO,-0.9048544329625249,-0.37597086959975917,-0.38256385879663607,-0.6578423768675139,0.8488025645859417
2024-01-01 22:30:00,GEO_01,GEO,-0.34228767693473183,-0.688017468664627,-0.31943791533795446,-0.6295829184807398,0.9857906827444987
2024-01-01 22:45:00,GEO_01,GEO,-0.7621003483804015,-0.37114911093208974,-0.321931849288413,-0.6955699149935441,0.8515922056806675
2024-01-01 23:00:00,GEO_01,GEO,-0.44440332492232837,-0.4298254425189373,-0.07995666259451965,-0.36522720368041833,0.5696787596866079
2024-01-01 23:15:00,GEO_01,GEO,-0.7278926299979664,-0.16868125741397377,-0.04715855217178154,-0.6109693710881696,0.6355791595494392
2024-01-01 23:30:00,GEO_01,GEO,-0.5039488945793587,-0.23102388503534182,-0.25185259552035655,-0.5335234753583826,0.6336000821382916
2024-01-01 23:45:00,GEO_01,GEO,-0.08174039539062405,-0.05680996847655977,0.4322230016099157,-0.028088929509427013,0.4368444615649585
2024-01-02 00:00:00,GEO_01,GEO,-0.4445301713077173,0.09147331521600545,0.4149966966339136,0.03887744168328894,0.4267330325689643
2024-01-02 00:15:00,GEO_01,GEO,0.1590423788487791,0.060463654529865934,0.34022444001821617,0.0915100370356046,0.35746693551022796
2024-01-02 00:30:00,GEO_01,GEO,0.04415015794379573,0.4305463460093436,0.47896842757463687,0.013661195107971091,0.6441797411647588
2024-01-02 00:45:00,GEO_01,GEO,-0.11476124327199719,0.3251276333229877,0.41392144145155263,0.20882768267302076,0.5662578376447625
2024-01-02 01:00:00,GEO_01,GEO,0.17788865009857233,0.4709102481866793,0.8464210382235757,0.37962522836691087,1.0403366521503243
2024-01-02 01:15:00,GEO_01,GEO,0.3231702553051256,0.4363270998195414,0.964179923866574,0.30602322781886415,1.1016689519038652
2024-01-02 01:30:00,GEO_01,GEO,0.32425961227965017,0.27486520797945324,0.8482991660587147,0.5020242635925838,1.0233233696780186
2024-01-02 01:45:00,GEO_01,GEO,-0.06675030864999587,0.7114155689763537,1.013756094868338,0.7568802304189649,1.4514410821193249
2024-01-02 02:00:00,GEO_01,GEO,0.1579488797356817,1.1817316335018193,0.9651801537816058,0.9218113824567967,1.7826381034017178
2024-01-02 02:15:00,GEO_01,GEO,0.31531387560402196,0.9869138085320752,0.8152764022746212,0.7258765128859858,1.4715879822615616
2024-01-02 02:30:00,GEO_01,GEO,0.444017236412773,0.9073061269825915,0.9619667228019889,0.9322981187076385,1.6179506067814156
2024-01-02 02:45:00,GEO_01,GEO,0.6113315745850689,0.9194758433678629,1.0341173298548798,0.5947725129020893,1.506183528175466
2024-01-02 03:00:00,GEO_01,GEO,0.5398604472566046,0.975156273880962,0.9838103990741418,0.9593273246205745,1.6849693099814884
2024-01-02 03:15:00,GEO_01,GEO,0.23036301173624268,1.0886336850200624,0.9737390842419763,0.7780707133316354,1.6548973198616168
2024-01-02 03:30:00,GEO_01,GEO,0.49634381555463225,0.8196655960029902,0.9638692909088953,0.9146223749435621,1.561227013593973
2024-01-02 03:45:00,GEO_01,GEO,0.5098778301744713,1.1055483591290731,0.9390946127800752,0.8119304332242157,1.662337779911534
2024-01-02 04:00:00,GEO_01,GEO,0.45700861477093885,1.012556629581052,0.9139918952946371,0.9596920696301456,1.6678312208625352
2024-01-02 04:15:00,GEO_01,GEO,0.5800811921222224,0.9621523649850138,0.7747789340159056,0.5732170099543973,1.361836007213107
2024-01-02 04:30:00,GEO_01,GEO,0.4571689373317388,0.8720745294836318,0.7549775035163454,0.7133024660461901,1.3562099482961505
2024-01-02 04:45:00,GEO_01,GEO,0.3139356995200624,0.741913209635081,0.5903586506112325,0.5121081485407226,1.0775960758950218
2024-01-02 05:00:00,GEO_01,GEO,0.12094366980931727,0.7517444525103516,0.7739820169710676,0.4358410702235878,1.1636689060760939
2024-01-02 05:15:00,GEO_01,GEO,-0.32613208526983173,0.6279424516197188,0.27726696801881817,0.34238984205004386,0.7670850657127835
2024-01-02 05:30:00,GEO_01,GEO,0.028439481006040546,0.3843412905250582,0.5682927497793623,0.15371480647259608,0.7030669376262574
2024-01-02 05:45:00,GEO_01,GEO,-0.09522217694833376,0.23621752067060092,0.47815695576506667,0.17805719370054768,0.5622607541406354
2024-01-02 06:00:00,GEO_01,GEO,-0.16252189091356245,0.2244337849536731,0.18852971994307455,0.06828814652066596,0.30096054572929265
2024-01-02 06:15:00,GEO_01,GEO,-0.6045775608987577,0.3458908457560206,-0.20250501371137616,-0.004747633476808774,0.40083824390854966
2024-01-02 06:30:00,GEO_01,GEO,-0.6254147611048595,-0.1500025351202969,-0.03864888908329335,-0.11622471863706728,0.1936560930932824
2024-01-02 06:45:00,GEO_01,GEO,-0.34114784970869194,-0.2779148191864749,-0.11463676979918018,-0.12229930455475228,0.3245540873383315
2024-01-02 07:00:00,GEO_01,GEO,-0.6363053135299355,-0.14577260671009645,-0.28992056366729335,-0.1932311322079428,0.37767956862740276
2024-01-02 07:15:00,GEO_01,GEO,-0.5129410080421745,-0.24408166472377676,-0.32450869474398286,-0.553790894702873,0.6867067111034973
2024-01-02 07:30:00,GEO_01,GEO,-0.7537547354820447,-0.2874265747776363,-0.12423375684300614,-0.3827947794012386,0.49455020510012354
2024-01-02 07:45:00,GEO_01,GEO,-0.8411652279762108,-0.35641393653970177,-0.2830176917977798,-0.7295078623243166,0.8598323262260287
2024-01-02 08:00:00,GEO_01,GEO,-0.7160865536303377,-0.48819615833483865,-0.5243206586302473,-0.549508190038654,0.9028880844262531
2024-01-02 08:15:00,GEO_01,GEO,-1.0703890432623466,-0.27902503228701747,-0.6461231204968332,-0.5870912299740444,0.9165185037934437
2024-01-02 08:30:00,GEO_01,GEO,-1.0310086427302942,-0.7900655710562869,-0.5217493401172906,-0.9677552249897304,1.353874497867601
2024-01-02 08:45:00,GEO_01,GEO,-1.1630781004813848,-0.6868811135514628,-0.5670657575080003,-0.7431029570267743,1.159987604344872
2024-01-02 09:00:00,GEO_01,GEO,-1.1991503402515442,-0.5890065704058518,-0.4962615594174955,-0.8335062317910343,1.134873082671026
2024-01-02 09:15:00,GEO_01,GEO,-1.1551193408829872,-0.809189312710413,-0.5996052532716326,-0.8581052812980963,1.3231245131684977
2024-01-02 09:30:00,GEO_01,GEO,-1.0591418437654214,-0.5846388893059725,-0.4570259480951687,-0.5592162030716915,0.9291921813592322
2024-01-02 09:45:00,GEO_01,GEO,-1.1208533315194928,-0.2846854108952575,-0.28178243342422726,-0.80199498010743,0.8964614163925839
2024-01-02 10:00:00,GEO_01,GEO,-0.7544452211463741,-0.4763320379416021,-0.3736269856562083,-0.7665156181299083,0.9767474226314702
2024-01-02 10:15:00,GEO_01,GEO,-1.1391332720812932,-0.39525211207310956,-0.389780576502986,-0.6012704912555096,0.8183393755477588
2024-01-02 10:30:00,GEO_01,GEO,-0.9066442873274928,-0.5267204681209793,-0.3163919892447957,-0.47260795609034745,0.775175220550656
2024-01-02 10:45:00,GEO_01,GEO,-0.9193138043281545,-0.36058597440585943,-0.26277313697022536,-0.510721125339898,0.6781651969246488
2024-01-02 11:00:00,GEO_01,GEO,-0.4511248843516178,-0.23713159540934048,0.02357481790976626,-0.2564397600895719,0.35006930190414437
2024-01-02 11:15:00,GEO_01,GEO,-0.5704939208428574,-0.12372408991326364,-0.10964362783501735,-0.2638831091306507,0.3113899016251941
2024-01-02 11:30:00,GEO_01,GEO,-0.3568233848736744,0.1905704046845309,0.03470337032349334,-0.5359983411188947,0.5699259818043413
2024-01-02 11:45:00,GEO_01,GEO,-0.755269351562852,0.15469873455646138,0.11731663637426273,-0.2077668123236105,0.28436233918480813
2024-01-02 12:00:00,GEO_01,GEO,-0.2956340325570078,-0.01761973565671382,0.18166420523830668,-0.1111052049517019,0.2136742968090401
2024-01-02 12:15:00,GEO_01,GEO,-0.046013324689101326,0.30633973595904807,0.1731519612905907,0.1345258946016818,0.3767264947473436
2024-01-02 12:30:00,GEO_01,GEO,-0.14600275177826327,0.43512082873226027,0.47138044386266836,-0.1620161308715438,0.6616486115117302
2024-01-02 12:45:00,GEO_01,GEO,0.10604314619842314,0.6660018111352255,0.5154963138049288,0.627937744926705,1.050523999480976
2024-01-02 13:00:00,GEO_01,GEO,-0.10385234459600112,0.8141852304455754,0.7095201704523956,0.4497292395169464,1.1698601842233123
2024-01-02 13:15:00,GEO_01,GEO,0.37445209190673723,0.5115120435378324,0.7000846949265156,0.47551829861830447,0.9888785583050371
2024-01-02 13:30:00,GEO_01,GEO,0.6356510130026738,0.6411076355660688,1.0281870677743237,0.6797438674826312,1.3893305481776903
2024-01-02 13:45:00,GEO_01,GEO,0.17993528061259673,0.6704868132056714,0.8394850573047908,0.8951775391943955,1.3984386131678639
2024-01-02 14:00:00,GEO_01,GEO,0.1978197019235891,0.9104817064421898,1.2109851644812848,0.7454768992293201,1.6885490261298925
2024-01-02 14:15:00,GEO_01,GEO,0.6282177754432411,1.0773366922849859,0.8106486453671717,0.80410852315725,1.5698395114766728
2024-01-02 14:30:00,GEO_01,GEO,0.6934120570770925,1.2019638740467706,1.1314441140188332,0.7546198014085868,1.815030022434703
2024-01-02 14:45:00,GEO_01,GEO,0.2689250442850054,1.0693273187863437,1.1321263895112643,0.7266180727735807,1.7184716757083298
2024-01-02 15:00:00,GEO_01,GEO,0.351080101185285,1.048982516779298,0.9881632029301045,0.6806304867206006,1.5937655710885574
2024-01-02 15:15:00,GEO_01,GEO,0.3841972648341058,1.102298179909181,1.1047262923713232,0.6234513740262668,1.6805276178221005
2024-01-02 15:30:00,GEO_01,GEO,0.1126735424656502,0.9193854261140668,1.1737147344788164,0.6247901245002802,1.6165514341822527
2024-01-02 15:45:00,GEO_01,GEO,0.18240616112643654,1.322493735070554,0.7027785398873765,0.5030327293120059,1.5798510316438645
2024-01-02 16:00:00,GEO_01,GEO,0.08743461423141463,0.7173262547540301,0.9696200096354901,0.6434925034463126,1.3670415212555083
2024-01-02 16:15:00,GEO_01,GEO,0.09913825254856434,0.9196450573672426,0.5402231695936603,0.3356578307337966,1.118147702156892
2024-01-02 16:30:00,GEO_01,GEO,0.21091072008969355,1.1356699279465126,0.6428204028418043,0.48805056164889365,1.393254322181538
2024-01-02 16:45:00,GEO_01,GEO,0.15971743647685466,0.7677825281692929,0.8901298870406574,0.3712146706873349,1.2327293125818626
2024-01-02 17:00:00,GEO_01,GEO,0.3645319670452679,0.6516361602678218,0.5159639156230652,0.32200109154882617,0.8913658903908716
2024-01-02 17:15:00,GEO_01,GEO,-0.22718821788684876,0.5542973069880137,0.3544864313946985,0.1170990292069877,0.668295082443625
2024-01-02 17:30:00,GEO_01,GEO,0.09490919197188083,0.46394684484526,0.39500692719380137,0.4649531117549298,0.7664584421242636
2024-01-02 17:45:00,GEO_01,GEO,-0.18959333322986927,0.5910460718587264,0.5542485564687394,0.13752738226779027,0.8218519953621474
2024-01-02 18:00:00,GEO_01,GEO,-0.26873461403889404,-0.06204046861537682,-0.031806109655727055,-0.3155197990033791,0.32313061124037823
2024-01-02 18:15:00,GEO_01,GEO,-0.2512851463409854,0.36718247068398846,-0.04683460844175319,-0.23429721129530207,0.4380771970169708
2024-01-02 18:30:00,GEO_01,GEO,-0.7403603303037639,-0.17999143970678586,0.17900970655562276,-0.4627069025762658,0.5277680087884956
2024-01-02 18:45:00,GEO_01,GEO,-0.5628876321973637,-0.10679738282914764,0.12735427955807616,-0.6285158609104878,0.650120743336931
2024-01-02 19:00:00,GEO_01,GEO,-0.7015516944765137,-0.20138435832741342,-0.21113742699401075,-0.7641703859141269,0.8179798601217153
2024-01-02 19:15:00,GEO_01,GEO,-0.7119588898292313,-0.12522420346600455,-0.42432113257957094,-0.6189642002635015,0.7608194305452123
2024-01-02 19:30:00,GEO_01,GEO,-0.8216618013907662,-0.5462547655804242,-0.12250196401286251,-0.8405179752838909,1.00988685845577
2024-01-02 19:45:00,GEO_01,GEO,-0.43073883578156436,-0.27678800848006196,-0.23743232384075677,-0.7219546215945793,0.8088288976567004
2024-01-02 20:00:00,GEO_01,GEO,-1.10554378731168,-0.08057751654291934,-0.3961601884275588,-0.7859815150094689,0.8838566473154814
2024-01-02 20:15:00,GEO_01,GEO,-1.0842167313280333,-0.6244431954991887,-0.6254983584788232,-0.7935906110853062,1.1878398708865139
2024-01-02 20:30:00,GEO_01,GEO,-1.142485329877179,-0.4266711344465771,-0.581482689016551,-1.129144072724551,1.3398271200288618
2024-01-02 20:45:00,GEO_01,GEO,-1.0639505593668206,-0.5872888907623507,-0.6299492903437172,-0.9751039652287662,1.300988890276273
2024-01-02 21:00:00,GEO_01,GEO,-1.065770571931611,-0.434350782092471,-0.5654978522074029,-0.9483218669646419,1.1864917977461247
2024-01-02 21:15:00,GEO_01,GEO,-0.7175196201107527,-0.46964696904402936,-0.3986073440468184,-1.1122151337438884,1.271408114646606
2024-01-02 21:30:00,GEO_01,GEO,-0.6810880658109995,-0.5172669676979451,-0.45630467541152836,-1.1288652554678336,1.3229194373340745
2024-01-02 21:45:00,GEO_01,GEO,-1.0282593948065932,-0.28820332603700594,-0.6461550459676924,-0.7639683075749386,1.0412612907177619
2024-01-02 22:00:00,GEO_01,GEO,-1.0383659790267024,-0.04907083032354359,-0.3420947382218268,-0.8777841095258077,0.9433672133605859
2024-01-02 22:15:00,GEO_01,GEO,-0.6947127016155381,-0.3042852904752157,-0.4197305086666377,-0.7677657976500432,0.9264057199447485
2024-01-02 22:30:00,GEO_01,GEO,-0.81296366628465,-0.09357564296234942,-0.3034682920848714,-0.8884832457902229,0.9435316016470543
2024-01-02 22:45:00,GEO_01,GEO,-0.4964255753936482,-0.34056420598298687,-0.1453951484617842,-0.8833899655366656,0.957863016722077
2024-01-02 23:00:00,GEO_01,GEO,-0.5182315781637161,-0.19500611775005589,-0.38233909031608704,-0.7360498031452238,0.8520445285628001
2024-01-02 23:15:00,GEO_01,GEO,-0.811337815565474,0.11412541478255524,-0.16883672029800528,-0.5680957260939226,0.6035422126301178
2024-01-02 23:30:00,GEO_01,GEO,-0.1100487412655104,0.36114626587784293,-0.12046704213280786,-0.5927737874645409,0.7044996073120227
2024-01-02 23:45:00,GEO_01,GEO,0.07175488035112898,0.2736190855253482,-0.14248763079698362,-0.32950176247013585,0.4513773813172201
2024-01-03 00:00:00,GEO_01,GEO,-0.2957277916101459,0.2887848822036475,0.15262628762879227,-0.4659580554512037,0.5690416516429957
2024-01-03 00:15:00,GEO_01,GEO,-0.18118670260713854,0.43526384844858884,0.4799960091137476,-0.27488982099045045,0.7038573720687756
2024-01-03 00:30:00,GEO_01,GEO,0.06472311006335582,0.3359880390040245,0.05221435464292293,0.09663109162051867,0.35348531660073224
2024-01-03 00:45:00,GEO_01,GEO,0.1885666155671423,0.6730630293030274,0.3801246963549366,0.1952460628609848,0.797263852972287
2024-01-03 01:00:00,GEO_01,GEO,0.3233438216093619,0.8113588317420057,0.5059471988941201,0.1614005808224705,0.969709167433406
2024-01-03 01:15:00,GEO_01,GEO,0.6885259308674395,0.728165608175188,0.5245415707537903,0.1671551248540191,0.9128580657161101
2024-01-03 01:30:00,GEO_01,GEO,0.3346174799130535,0.8323611235622279,0.5679838199416363,0.22754370657918696,1.0330570159178352
2024-01-03 01:45:00,GEO_01,GEO,0.24730620151960384,1.007806708943862,0.5238845522318083,0.4051301776626125,1.2059269660772662
2024-01-03 02:00:00,GEO_01,GEO,0.2030870546176602,0.9543233404396663,0.7614672811926559,0.595758444992651,1.358489449062789
2024-01-03 02:15:00,GEO_01,GEO,0.3990082494539647,1.0660699979552424,0.6990254282459654,0.6895619717370098,1.4493576172706921
2024-01-03 02:30:00,GEO_01,GEO,0.6080484186770683,1.412130193608741,0.5660143040496164,0.513565163685696,1.6056877197767154
2024-01-03 02:45:00,GEO_01,GEO,1.0288166457956551,1.0876313458434075,0.9548108701022979,0.43276689415278746,1.5105935677081703
2024-01-03 03:00:00,GEO_01,GEO,0.5334053825200678,1.0917640286663017,0.9502252544870085,0.6521949314133648,1.587524789449241
2024-01-03 03:15:00,GEO_01,GEO,0.6483443110936318,1.0623508662764696,0.8408840162778167,0.4958188642424788,1.4427444812053791
2024-01-03 03:30:00,GEO_01,GEO,0.5977424484519868,1.2512551485975933,0.8534455990706049,0.5372400649865304,1.6070580963025887
2024-01-03 03:45:00,GEO_01,GEO,0.822716042205585,1.0776280880393667,0.9973897271909872,0.7533867919768488,1.6503515450844588
2024-01-03 04:00:00,GEO_01,GEO,1.0616485981124901,0.9495584642227306,0.8114257069187639,0.6180721038483993,1.3935874857292716
2024-01-03 04:15:00,GEO_01,GEO,0.511534616392471,1.1760465970937979,0.8690062217461787,0.48252791034503467,1.5398346002838799
2024-01-03 04:30:00,GEO_01,GEO,0.46966474855279733,1.1197158706668646,0.6517436378554993,0.21431681971775893,1.313188904812369
2024-01-03 04:45:00,GEO_01,GEO,0.7336529788494219,0.7447496805904542,0.7727892611361282,0.34595778610423544,1.12762676388646
2024-01-03 05:00:00,GEO_01,GEO,0.6043688339528281,0.4826036243910368,0.566925493152757,0.37514038270944805,0.8336912376901011
2024-01-03 05:15:00,GEO_01,GEO,0.7641793077593422,0.8084420609640454,0.4505847412335819,0.06816655374045033,0.9280365585563841
2024-01-03 05:30:00,GEO_01,GEO,0.40340560259080305,0.47865981895560167,0.16555696142895157,0.20481580558982318,0.5463275976734151
2024-01-03 05:45:00,GEO_01,GEO,0.13570157336875815,0.5935300125863248,0.2563165091207486,0.12265205219250938,0.6580422133842203
2024-01-03 06:00:00,GEO_01,GEO,0.19769892697709165,0.07478322059295073,-0.01095682274503261,0.07471328112434364,0.10627632108463858
2024-01-03 06:15:00,GEO_01,GEO,0.18952492531407072,0.3883483468440885,-0.07805052506178536,-0.2139449153466879,0.4501985670364337
2024-01-03 06:30:00,GEO_01,GEO,0.01405489582044725,-0.06687260824046393,-0.21012700040589308,-0.265085618449117,0.344812539129614
2024-01-03 06:45:00,GEO_01,GEO,-0.1457027301383109,0.13817687568702525,-0.3612245034462521,-0.25040401625538966,0.46073654317999185
2024-01-03 07:00:00,GEO_01,GEO,-0.057501382150284025,-0.05273792715395769,-0.08140982732395513,-0.47284313472461964,0.48268983726780196
2024-01-03 07:15:00,GEO_01,GEO,-0.18214615441746934,-0.29018774689787696,-0.240807625829121,-0.7027988721670717,0.7975735049676815
2024-01-03 07:30:00,GEO_01,GEO,-0.19837636927933638,-0.28696691987812617,-0.26007634684172737,-0.772529843059255,0.8641713242801073
2024-01-03 07:45:00,GEO_01,GEO,-0.4648248163764109,-0.18550048608171987,-0.7008369874653195,-0.7369042326033998,1.0337363113312912
2024-01-03 08:00:00,GEO_01,GEO,-0.7021296665631145,-0.35589949009450533,-0.6190417213329461,-1.0136853245294475,1.2399334808636941
2024-01-03 08:15:00,GEO_01,GEO,-0.6540106979990478,-0.34014213339237676,-0.8164916845347814,-0.888630245799038,1.2538018406319322
2024-01-03 08:30:00,GEO_01,GEO,-0.4756250534454969,-0.15485646637684586,-0.7673338782326977,-0.7579696912158285,1.0896329008726628
2024-01-03 08:45:00,GEO_01,GEO,-0.9358252650175125,-0.7274383913293014,-0.7815589738999276,-1.2356440129298094,1.6330392431146756
2024-01-03 09:00:00,GEO_01,GEO,-0.72969999492263,-0.2548568512512594,-0.535034376059488,-0.7290179985592045,0.9395110645534412
2024-01-03 09:15:00,GEO_01,GEO,-0.8568245665238963,-0.4978665797079873,-0.7142315236999607,-0.7838567528819613,1.1715072384221745
2024-01-03 09:30:00,GEO_01,GEO,-0.7768990982657733,-0.6233902841155096,-0.5187379514816719,-0.9698660687383491,1.2642565799421401
2024-01-03 09:45:00,GEO_01,GEO,-0.4893482695022099,-0.6576818219974814,-0.5189662255636287,-0.807186220142768,1.163366200407273
2024-01-03 10:00:00,GEO_01,GEO,-0.6619177886704757,-0.4674495301463998,-0.28511259345446427,-0.8373777872081314,1.0004997814542524
2024-01-03 10:15:00,GEO_01,GEO,-0.6555622017013115,-0.22794887734662558,-0.6697422258015353,-0.6102028121667697,0.9342712730687034
2024-01-03 10:30:00,GEO_01,GEO,-0.8051167310706078,-0.3304327615752973,-0.2787657210980635,-0.5738596876846845,0.7184783074882388
2024-01-03 10:45:00,GEO_01,GEO,-0.2888584394948063,-0.021279484324642856,-0.2179005367404799,-0.8453856376955157,0.8732756362035791
2024-01-03 11:00:00,GEO_01,GEO,-0.2871813299681075,-0.3787145375787231,-0.3866657168083626,-0.5075275766262468,0.7419698906050715
2024-01-03 11:15:00,GEO_01,GEO,0.1127522589465692,-0.0547954845008796,-0.053567508057960594,-0.5120392160632004,0.5177414237124962
2024-01-03 11:30:00,GEO_01,GEO,-0.3058671101160837,-0.1603563848013028,-0.04042073022885832,-0.3789201677109023,0.41343499982081344
2024-01-03 11:45:00,GEO_01,GEO,-0.07498607197715207,0.18235931481670803,-0.004616867091573711,-0.39571183831956447,0.4357339717630582
2024-01-03 12:00:00,GEO_01,GEO,0.0079298263891463,0.36849029235579317,0.05480143561103697,0.022401673594597493,0.37321592662335223
2024-01-03 12:15:00,GEO_01,GEO,0.37117920152565886,0.28398663967829163,0.1871664606227816,0.014182022095032415,0.34041272780043214
2024-01-03 12:30:00,GEO_01,GEO,0.15147957226233036,0.058518108552948866,0.6352511091822477,-0.1525207976422194,0.65591991466894
2024-01-03 12:45:00,GEO_01,GEO,0.3487316441758266,0.5692992769849132,0.4766045313352756,-0.13825342886478104,0.7552268246412674
2024-01-03 13:00:00,GEO_01,GEO,0.46839829329275673,0.6831057651957034,0.6442292416520593,0.0728823701049702,0.9417943735844427
2024-01-03 13:15:00,GEO_01,GEO,0.45777035434636104,0.7634214503443364,0.5574088136560005,0.25514793765976274,0.9790900706672855
2024-01-03 13:30:00,GEO_01,GEO,0.39222432411553226,0.9475275339968695,0.6509147362837167,0.3036625177429701,1.1889950993488108
2024-01-03 13:45:00,GEO_01,GEO,0.5663290653575253,0.6232928051683562,0.9682008272334364,0.5110698720950464,1.2598012450356588
2024-01-03 14:00:00,GEO_01,GEO,0.851580201410641,0.9478444382390913,0.7202441632549331,0.5305029283631566,1.3033012279613112
2024-01-03 14:15:00,GEO_01,GEO,0.4874635759531083,1.0818776125126541,0.8715316245436964,0.5789647459802663,1.5050670144959823
2024-01-03 14:30:00,GEO_01,GEO,0.7117065745415914,0.6314183830310421,0.9254149800080611,0.5379726492038095,1.2427777882406095
2024-01-03 14:45:00,GEO_01,GEO,0.5910963101687823,0.9487539875420866,0.9451606835293115,0.33659719900367535,1.3808549963496257
2024-01-03 15:00:00,GEO_01,GEO,1.0396053393692235,0.8390086795528352,0.9336062407576334,0.4922460052796073,1.3482812417520031
2024-01-03 15:15:00,GEO_01,GEO,0.5185109576531932,0.924474920241963,0.9846935005655408,0.6552904877717091,1.501226429149343
2024-01-03 15:30:00,GEO_01,GEO,0.6423219943810727,0.9666786850236431,1.0099585481568252,0.47689126262870163,1.4771287098440944
2024-01-03 15:45:00,GEO_01,GEO,0.7791697313178482,0.7948788408495028,0.9758270522509178,0.518591086348317,1.3612521891166576
2024-01-03 16:00:00,GEO_01,GEO,1.0076372045698854,0.7158269513434525,0.7274909977745716,0.3788922731862675,1.0886738404099552
2024-01-03 16:15:00,GEO_01,GEO,0.6000204662018841,0.7834402658119065,0.7303056901809122,0.230947815197426,1.095655942598092
2024-01-03 16:30:00,GEO_01,GEO,0.44538094496101827,0.5351036721539789,0.8390395908239733,0.2894645668215933,1.036394283257075
2024-01-03 16:45:00,GEO_01,GEO,0.8765570032817065,0.44338901221071664,0.6666337586470823,0.2625167240702178,0.8425612231367465
2024-01-03 17:00:00,GEO_01,GEO,0.0943642114690923,0.6129015905137927,0.3030397801718986,0.025378062351449335,0.6841969848440458
2024-01-03 17:15:00,GEO_01,GEO,-0.15221418846216456,0.2296478217254198,0.3845316131021422,-0.015181945925229846,0.4481441453151456
2024-01-03 17:30:00,GEO_01,GEO,0.17661814743278628,0.4041464195070188,0.02814816838703038,-0.19441344419416515,0.44935869310309956
2024-01-03 17:45:00,GEO_01,GEO,-0.14613617473208365,0.29522926426960944,0.18291337132721674,-0.038933527576646615,0.34947594976053026
2024-01-03 18:00:00,GEO_01,GEO,-0.3622381858327035,-0.1326673486428039,0.3093100840776453,-0.34777685622041904,0.4839649731443272
2024-01-03 18:15:00,GEO_01,GEO,-0.15886431748063717,-0.08356531743161835,-0.1077203705065162,-0.21460572013890433,0.25424880651803655
2024-01-03 18:30:00,GEO_01,GEO,-0.30407456720894277,0.09045448011089782,-0.2143498411305668,-0.3192271364997986,0.3950111796426692
2024-01-03 18:45:00,GEO_01,GEO,-0.6080262154565024,-0.3580604404603967,-0.08806295149465122,-0.6452225268562667,0.7431517150699636
2024-01-03 19:00:00,GEO_01,GEO,-0.8578639109821388,-0.36028713034578036,-0.4403650096557285,-0.8689384197682386,1.0386443738697142
2024-01-03 19:15:00,GEO_01,GEO,-0.509365241399916,-0.308555092905053,-0.42169211024844916,-1.117882301362998,1.2339737926325942
2024-01-03 19:30:00,GEO_01,GEO,-0.5871819107887865,-0.3406116882705249,-0.3302374571042191,-1.1249672148549155,1.220911272271488
2024-01-03 19:45:00,GEO_01,GEO,-0.8486967508138064,-0.5151575416051333,-0.5664918939130141,-1.1703792190842246,1.3986021146151602
2024-01-03 20:00:00,GEO_01,GEO,-0.48049198239310587,-0.6191257007596265,-0.5908810464284698,-0.8720988968932957,1.2218893281848424
2024-01-03 20:15:00,GEO_01,GEO,-1.1080783236228056,-0.3720805723534867,-0.5293264621186787,-1.107504563775676,1.2826522578649
2024-01-03 20:30:00,GEO_01,GEO,-1.260969484043053,-0.36278695220810375,-0.6097775413455921,-1.1103162781797082,1.3176665967583605
2024-01-03 20:45:00,GEO_01,GEO,-1.0984275025633319,-0.47774642303620596,-0.6666641881765669,-1.4716675891395576,1.6847813737826187
2024-01-03 21:00:00,GEO_01,GEO,-0.9676716801731113,-0.6146700678179862,-0.7208557178960342,-1.3407569233747272,1.6416703036456615
2024-01-03 21:15:00,GEO_01,GEO,-0.9190441146955686,-0.761249582264257,-0.6314165536945225,-1.0559728092655167,1.4468124842857422
2024-01-03 21:30:00,GEO_01,GEO,-0.9908761443147065,-0.7277157284195581,-0.6610614034304486,-1.1135034910054253,1.4854165695103552
2024-01-03 21:45:00,GEO_01,GEO,-0.847726652069396,-0.49859039185752796,-0.5657657027680087,-1.1580739562895186,1.3819618292548026
2024-01-03 22:00:00,GEO_01,GEO,-1.1159058113510627,-0.4367861000193774,-0.6657004744027208,-1.0065719585311932,1.2834041945121837
2024-01-03 22:15:00,GEO_01,GEO,-0.49553516264621117,-0.21193197747661704,-0.5618468389051424,-0.796076112067343,0.9971580665416627
2024-01-03 22:30:00,GEO_01,GEO,-0.6801477858093414,-0.2593987496929877,-0.6229172133831543,-0.9799958965950898,1.1898342419910992
2024-01-03 22:45:00,GEO_01,GEO,-0.3964445944159859,-0.48129651874011964,-0.427882598597243,-0.8462135042334298,1.063394165810923
2024-01-03 23:00:00,GEO_01,GEO,-0.39586579005258,-0.006874901851937704,-0.45673680916154136,-0.7538275105511983,0.881425942880261
2024-01-03 23:15:00,GEO_01,GEO,-0.33582937888307807,-0.20442630547974278,-0.3584826962262421,-0.34545850272809875,0.5381835513771052
2024-01-03 23:30:00,GEO_01,GEO,-0.215557303352872,-0.0026548145052425476,-0.07420396799464667,-0.8475149352486744,0.8507613310299033
2024-01-03 23:45:00,GEO_01,GEO,-0.11605351198850888,0.185548347099597,0.028175733829926445,-0.3702715979569149,0.4151181968329196
2024-01-04 00:00:00,GEO_01,GEO,0.03924958043991053,0.5453168472968934,0.2281799328696632,-0.3705675384294491,0.6976796157606217
2024-01-04 00:15:00,GEO_01,GEO,0.26514812558968925,0.8357381969395523,0.17418707683100038,-0.1722329235831599,0.8708981866582944
2024-01-04 00:30:00,GEO_01,GEO,0.13813575547746126,0.5610811432490647,0.3910562551160682,-0.216027929892912,0.7172204057811642
2024-01-04 00:45:00,GEO_01,GEO,0.3278472277981358,0.5388020727450828,0.5142838044357055,-0.045314470263444526,0.7462230941980535
2024-01-04 01:00:00,GEO_01,GEO,0.24708183245970974,0.7290374998970398,0.6035933296502295,0.14464416587972778,0.9574667193053861
2024-01-04 01:15:00,GEO_01,GEO,0.6692230304777944,0.8785629980688157,0.5653427223076093,0.5722127437893644,1.1911812454017219
2024-01-04 01:30:00,GEO_01,GEO,0.338597991582268,0.8102775905177377,0.7779348736126216,0.33519263200791827,1.1722143753726586
2024-01-04 01:45:00,GEO_01,GEO,0.88481240499165,1.1834755643743358,0.8811454391184722,0.19508958386319653,1.4883183940549658
2024-01-04 02:00:00,GEO_01,GEO,0.605178248526516,1.0100943495667996,0.8680388948572573,0.3350833950824474,1.3733400888606448
2024-01-04 02:15:00,GEO_01,GEO,0.38553179957686645,1.1206866243124418,0.6477072555745262,0.37501389530825524,1.3476270331627263
2024-01-04 02:30:00,GEO_01,GEO,0.7585090953823237,1.1810047023512518,0.9513194672280781,0.23880555119469266,1.535190192446618
2024-01-04 02:45:00,GEO_01,GEO,0.6389131507847939,1.174146961296945,1.2222745797252013,0.4448754872405166,1.7522814939708615
2024-01-04 03:00:00,GEO_01,GEO,0.9270852676476928,1.2298986256197473,0.9014258629337645,0.6072341406908477,1.6413264505538736
2024-01-04 03:15:00,GEO_01,GEO,0.6066612496666297,1.0133462552294494,0.8982592813172511,0.33421859630061385,1.3947911813505582
2024-01-04 03:30:00,GEO_01,GEO,0.6525056904555779,1.0010162411821681,1.040766204893438,0.6354827579848498,1.5776774524771524
2024-01-04 03:45:00,GEO_01,GEO,0.3508037799578793,0.9029301168518005,1.0131047516795575,0.5198167730533836,1.4532286507433496
2024-01-04 04:00:00,GEO_01,GEO,0.5930547574203483,1.1072987634781228,1.075554308179346,0.2890903442196794,1.5705097416330736
2024-01-04 04:15:00,GEO_01,GEO,0.14573959574735745,1.1408221811554167,0.7208737002827119,0.31893288463015423,1.386669508453259
2024-01-04 04:30:00,GEO_01,GEO,0.2852336012422364,1.0337757959197464,0.8739355821099317,0.45983144231923767,1.4296505703327373
2024-01-04 04:45:00,GEO_01,GEO,0.6584485423713959,1.143692210382441,0.7809620235098842,0.26151296989531786,1.4093695710059857
2024-01-04 05:00:00,GEO_01,GEO,0.594228474817555,0.8085623686312471,0.6118685992517181,0.08962241911815604,1.0179334284349948
2024-01-04 05:15:00,GEO_01,GEO,0.4228548139743584,0.8112561529751783,0.5529763730786307,-0.034311781017716654,0.9823933597291313
2024-01-04 05:30:00,GEO_01,GEO,0.03914013769352068,0.45375555023242375,0.5436296227451803,-0.06557483611638731,0.7111450802926839
2024-01-04 05:45:00,GEO_01,GEO,0.15434428441392303,0.45266006435998757,0.41952300336190124,-0.23423561709373808,0.6601265094900084
2024-01-04 06:00:00,GEO_01,GEO,0.08414158703304808,0.5132921145819691,0.03729181569136519,-0.561948092255699,0.7620007433063354
2024-01-04 06:15:00,GEO_01,GEO,-0.2264142141313862,0.45174587243190345,0.15207500921595388,-0.10629230773492732,0.4883637951065891
2024-01-04 06:30:00,GEO_01,GEO,0.24298118510142977,0.16209247778163752,-0.06488297671236172,-0.4645770115720708,0.4963018957264656
2024-01-04 06:45:00,GEO_01,GEO,0.01879301817931242,0.11307976776873555,-0.1123032889458213,-0.551613253141586,0.5741744017527456
2024-01-04 07:00:00,GEO_01,GEO,-0.27457455122024926,-0.17851782486922047,-0.19633620789156467,-0.7197788834710859,0.7671363382190681
2024-01-04 07:15:00,GEO_01,GEO,-0.32246955477985884,-0.09413751076918664,-0.3363622286226341,-0.9063178251485831,0.971294713235824
2024-01-04 07:30:00,GEO_01,GEO,-0.35606703307556786,-0.018977234496475454,-0.2459659124288252,-0.9379932307412602,0.9698920900917306
2024-01-04 07:45:00,GEO_01,GEO,-0.8804255305936389,-0.14580336207031358,-0.4986244648753981,-1.198553163319422,1.3062980757339717
2024-01-04 08:00:00,GEO_01,GEO,-0.5782222495826139,-0.19702907017793136,-0.662129900415564,-0.7380870261257093,1.010944567053307
2024-01-04 08:15:00,GEO_01,GEO,-0.6949600541489054,-0.31302016751762207,-0.6319281269100036,-1.2815144648431374,1.4627351456962188
2024-01-04 08:30:00,GEO_01,GEO,-0.8194990305871702,-0.37009803449356754,-0.6005747108714612,-1.2845548171407004,1.465518207568135
2024-01-04 08:45:00,GEO_01,GEO,-0.633778586285833,-0.500338372750661,-0.4719320566955345,-1.218028837206814,1.3988039897180162
2024-01-04 09:00:00,GEO_01,GEO,-0.2579247510057669,-0.29282055226703474,-0.5804878202995936,-0.9908868237693662,1.1851441612166376
2024-01-04 09:15:00,GEO_01,GEO,-0.5220382221561285,-0.32176581014426947,-0.7768872124928115,-1.1624982358454554,1.4347435749486543
2024-01-04 09:30:00,GEO_01,GEO,-0.7110739153754304,-0.2968401095056668,-0.36975019152236993,-1.3059009088791167,1.3893186958194539
2024-01-04 09:45:00,GEO_01,GEO,-0.4270888048799484,-0.42412404359784106,-0.5855864616102526,-0.9300280122586615,1.1780258112472732
2024-01-04 10:00:00,GEO_01,GEO,-0.19910744772308492,-0.6306462914759579,-0.44953903858355726,-0.9532505327217852,1.228204653263199
2024-01-04 10:15:00,GEO_01,GEO,-0.21954820990880142,-0.10178423158717473,-0.61909635437431,-0.9345190453123752,1.1255959185475515
2024-01-04 10:30:00,GEO_01,GEO,-0.32690710968419096,-0.24771059563421355,-0.4794020570017481,-0.8410365005159979,0.9992643627424929
2024-01-04 10:45:00,GEO_01,GEO,-0.4200968972861334,-0.2345668688643682,-0.3566213040043509,-0.5235501892756436,0.6755036425728285
2024-01-04 11:00:00,GEO_01,GEO,-0.06486422618509954,0.10117602070993444,-0.2045987829023754,-0.47553767704030764,0.5274782757770431
2024-01-04 11:15:00,GEO_01,GEO,-0.05589214761455247,0.052050313519550036,-0.14198963251428817,-0.7457899885220087,0.7609684604887932
2024-01-04 11:30:00,GEO_01,GEO,0.1701888344695554,0.38081940169469936,-0.07612706729625783,-0.3447040802977945,0.5192683796036363
2024-01-04 11:45:00,GEO_01,GEO,0.21305707656635914,0.40722366465401927,-0.09740243041361088,-0.4124091203823945,0.5877070946307419
2024-01-04 12:00:00,GEO_01,GEO,0.3717921404139028,0.5244710388902727,-0.0624080400402707,-0.30419078769349206,0.609505266108421
2024-01-04 12:15:00,GEO_01,GEO,0.14613860326019917,0.3178267836971409,0.1399181571723594,-0.49602496165827226,0.605501211997027
2024-01-04 12:30:00,GEO_01,GEO,0.628694148365107,0.790208722542939,0.3149597178149443,-0.2134277036077183,0.8770295512103778
2024-01-04 12:45:00,GEO_01,GEO,0.48332693919143893,0.7483784837422688,0.28061600828851196,-0.21126244368593408,0.8267088478710676
2024-01-04 13:00:00,GEO_01,GEO,0.924334490495275,0.7266166646867364,0.5161893723816326,0.08698514500277729,0.8955387546116444
2024-01-04 13:15:00,GEO_01,GEO,0.4627890616600746,0.9053749091948965,0.6472121564157163,0.2053984698830718,1.1317136709619866
2024-01-04 13:30:00,GEO_01,GEO,1.0309388539471813,0.6860115950867093,0.39149881884202803,-0.130947193942762,0.8006437418412746
2024-01-04 13:45:00,GEO_01,GEO,0.7738133048446413,1.0828071426833272,0.4545961846777208,0.22039548811544704,1.194865335739228
2024-01-04 14:00:00,GEO_01,GEO,0.6447677710683681,0.9266442758568892,0.6020097121202991,0.3998049393443441,1.1751294809465205
2024-01-04 14:15:00,GEO_01,GEO,0.7288886359212817,0.9177346874739819,0.6806976014350764,0.292718975405727,1.1795213350147644
2024-01-04 14:30:00,GEO_01,GEO,0.7482068239749783,0.9321407866132307,0.6129289214099244,0.45109025534780134,1.2033497942154685
2024-01-04 14:45:00,GEO_01,GEO,0.871873040641783,1.3380943618760415,0.8644777655924443,0.4080498281499786,1.644482590586286
2024-01-04 15:00:00,GEO_01,GEO,0.8740510276299681,1.094448231202082,0.7510798378591519,0.4132280516066995,1.3902141116585476
2024-01-04 15:15:00,GEO_01,GEO,0.6391234870618283,1.389439344679622,0.6990682111841258,0.3236442840009407,1.588705032093243
2024-01-04 15:30:00,GEO_01,GEO,0.7360273761315538,1.0584323248063707,0.4813290008939476,0.16503174006671364,1.1743900836289582
2024-01-04 15:45:00,GEO_01,GEO,1.1790120767484145,0.8765094531164723,0.45629032547481196,0.14484667004616408,0.9987243064769724
2024-01-04 16:00:00,GEO_01,GEO,1.0743328680826025,0.9019793697061624,0.6114375834231902,0.3362517843610677,1.1403893915167391
2024-01-04 16:15:00,GEO_01,GEO,0.7515086891008134,1.1848893781619814,0.2650933790642051,0.17827531360503596,1.227199831138246
2024-01-04 16:30:00,GEO_01,GEO,0.6009144377164088,0.9135653738982509,0.5610823014937932,0.07784297303267546,1.0749300302280091
2024-01-04 16:45:00,GEO_01,GEO,0.5067752966515099,0.7775968835833384,0.34499852847984686,-0.0587965147407749,0.8527238287730922
2024-01-04 17:00:00,GEO_01,GEO,0.5169464848768799,0.8011919738647589,0.6787026704530404,-0.12886952227747925,1.0579003958962405
2024-01-04 17:15:00,GEO_01,GEO,0.08624411062762569,0.7652662288224373,0.4331203279825229,-0.03346219441473333,0.8799689414648978
2024-01-04 17:30:00,GEO_01,GEO,0.14959040878911686,0.7675932018725263,0.05669038521386134,-0.3131064505969713,0.8309324718303207
2024-01-04 17:45:00,GEO_01,GEO,-0.2609511193281867,0.7311030273393141,-0.043609814551642215,-0.5413828072192819,0.9107737350530969
2024-01-04 18:00:00,GEO_01,GEO,0.06399426040826181,0.3615390840763737,-0.007861477653128154,-0.3603346502383027,0.5105030580790224
2024-01-04 18:15:00,GEO_01,GEO,0.05623559714983954,0.10863092783939812,-0.004624203170341096,-0.599498875323799,0.609279052038316
2024-01-04 18:30:00,GEO_01,GEO,-0.2754866997752805,0.15338682236642137,-0.533820679894115,-0.6591993321741001,0.8619952407624202
2024-01-04 18:45:00,GEO_01,GEO,0.04969722040904817,0.18465245926980506,-0.6635964888540312,-0.5622987463617152,0.8891775474525556
2024-01-04 19:00:00,GEO_01,GEO,-0.5822186361680075,-0.09407167967976343,-0.6224424200862251,-0.886702722492191,1.0874400053867948
2024-01-04 19:15:00,GEO_01,GEO,-0.7282925926825181,-0.19389323800479544,-0.5787500696261718,-0.9432523519018562,1.1235084468773104
2024-01-04 19:30:00,GEO_01,GEO,-0.46118516894504247,-0.0595160733254846,-0.6337694100639958,-1.205186200121098,1.3629672061642866
2024-01-04 19:45:00,GEO_01,GEO,-0.3639169688133791,-0.18785146677971218,-0.6488703516067709,-1.131301338523152,1.3176356193234378
2024-01-04 20:00:00,GEO_01,GEO,-0.2901537352328002,-0.2651213984963312,-0.9883074439853508,-1.0697359270508693,1.480329663757668
2024-01-04 20:15:00,GEO_01,GEO,-0.7869554251643491,-0.41554164246600533,-1.162971469130831,-1.3928722514791785,1.8615237316715425
2024-01-04 20:30:00,GEO_01,GEO,-0.5104226747174272,-0.3761630056003896,-0.8365366759259131,-1.1987359042971457,1.5093906006076063
2024-01-04 20:45:00,GEO_01,GEO,-0.7369422141469388,-0.49994800513108817,-1.0647039061368515,-1.226133753109354,1.6991016438376059
2024-01-04 21:00:00,GEO_01,GEO,-0.7239127164450092,-0.22736488032834987,-1.2061432350274452,-1.2403717576527242,1.744992375167211
2024-01-04 21:15:00,GEO_01,GEO,-0.4740325831292946,-0.19349110744007472,-0.9435793572303586,-1.085888498919412,1.4515283821321225
2024-01-04 21:30:00,GEO_01,GEO,-0.4313854746526477,-0.5920218467238347,-0.8446274459686908,-1.159281869209575,1.551715129062013
2024-01-04 21:45:00,GEO_01,GEO,-0.8643421911586604,-0.4248165308817498,-0.9281685940564169,-0.973507656619266,1.4105613001211275
2024-01-04 22:00:00,GEO_01,GEO,-0.17796736354443693,-0.453039565482913,-0.9480407474806241,-1.251216710067606,1.633881685535697
2024-01-04 22:15:00,GEO_01,GEO,-0.13061664002819834,-0.2689698289177033,-0.8451177835401308,-1.0265268575311175,1.3565862398522672
2024-01-04 22:30:00,GEO_01,GEO,-0.39267787515356395,-0.10081957027446531,-0.7653005076128047,-0.9700259994876986,1.2396773339804406
2024-01-04 22:45:00,GEO_01,GEO,-0.13143111707509536,-0.21469612773885985,-0.8005097699579766,-1.044819379256079,1.3336258299587975
2024-01-04 23:00:00,GEO_01,GEO,-0.04737335890838021,-0.0595497614570471,-0.6301058319698501,-0.6947385339916494,0.9398091105032311
2024-01-04 23:15:00,GEO_01,GEO,-0.01536938645743146,0.04161598101746636,-0.37165130891482806,-0.4448496359174658,0.5811607212037415
2024-01-04 23:30:00,GEO_01,GEO,-0.14031822826165644,0.3175054505624623,-0.31728711780399915,-0.6560982410718654,0.7949501419578694
2024-01-04 23:45:00,GEO_01,GEO,-0.07479973011540082,0.41494062625433126,-0.19763594670753176,-0.4719628964160926,0.6587751257756977
2024-01-05 00:00:00,GEO_01,GEO,0.13884662672502024,0.4095298165200587,-0.22570374216373912,-0.4176949734991882,0.6269975603877228
2024-01-05 00:15:00,GEO_01,GEO,0.49080218052504887,0.6798329579997036,0.010483634190026184,-0.44262934989045527,0.8112974169519487
2024-01-05 00:30:00,GEO_01,GEO,0.48133770052820957,0.673815197863101,-0.13695519629116598,-0.4906853878378463,0.8447223191676774
2024-01-05 00:45:00,GEO_01,GEO,0.4582973986783824,0.8121003524254095,0.2824095372077875,-0.26615443675082007,0.9000557278955216
2024-01-05 01:00:00,GEO_01,GEO,0.8129191665275358,1.2006121293177534,0.5441533396890061,-0.244268700218728,1.3406116290955243
2024-01-05 01:15:00,GEO_01,GEO,0.16133565751233025,1.2362137982448165,0.29639285138062377,0.24997869808194173,1.2955935422867602
2024-01-05 01:30:00,GEO_01,GEO,1.0150098106068057,0.9340562575476906,0.4891413282960657,0.10214585817252414,1.059317755752748
2024-01-05 01:45:00,GEO_01,GEO,0.5243630430138637,1.300961485478278,0.6662232335289207,0.1550358650412831,1.4698266234630115
2024-01-05 02:00:00,GEO_01,GEO,0.8203909890760347,1.3432826213946152,0.8607971105779608,0.37130004312734516,1.6380609233317678
2024-01-05 02:15:00,GEO_01,GEO,0.774119985705825,1.082229988358583,0.7083850958528427,0.13443236158453087,1.3004242582981347
2024-01-05 02:30:00,GEO_01,GEO,0.8115504266184672,1.4279694321405216,0.6782008182359123,0.22311036046451885,1.5965059605056888
2024-01-05 02:45:00,GEO_01,GEO,1.3112217336742598,1.5846840009678598,0.5268182487555255,0.34799540229695897,1.7058316593864602
2024-01-05 03:00:00,GEO_01,GEO,0.9422605882080229,1.1932633944859528,0.781219370269019,0.488229593988479,1.5074977179252433
2024-01-05 03:15:00,GEO_01,GEO,1.1419746333026677,1.2168564401816635,1.0151106193607566,0.4063036450533045,1.6359314831416905
2024-01-05 03:30:00,GEO_01,GEO,1.0414408717590755,1.4898520518110647,0.7839348558779039,0.3310282162024242,1.715748429831165
2024-01-05 03:45:00,GEO_01,GEO,1.1524266471695357,1.363785585604449,0.7392981882466337,0.2478523257492729,1.5709563043021115
2024-01-05 04:00:00,GEO_01,GEO,0.9789766285852213,1.347188015370545,0.6991701986454242,0.24967584892142836,1.5382108259164429
2024-01-05 04:15:00,GEO_01,GEO,0.632054627833752,1.262568341281521,0.6053092812611691,0.15910490516735842,1.4091815047166913
2024-01-05 04:30:00,GEO_01,GEO,1.0204201874138135,1.217200958656522,0.40705324119372877,-0.08187029023038178,1.286068917027032
2024-01-05 04:45:00,GEO_01,GEO,0.646331165386977,0.8896880653077706,0.5402511560002888,-0.005246027729878102,1.0408860100499358
2024-01-05 05:00:00,GEO_01,GEO,0.33391745640830583,1.1625672587626705,0.3807033522831942,-0.22749782406277624,1.2442881232013387
2024-01-05 05:15:00,GEO_01,GEO,0.48558365008528975,1.102952659606795,0.2705502093106594,-0.16819238444386497,1.1480377447090564
2024-01-05 05:30:00,GEO_01,GEO,0.7400899241551531,0.7536227777200762,0.036497919205015036,-0.3469314706055259,0.8304461659260834
2024-01-05 05:45:00,GEO_01,GEO,0.5033064551275949,0.6894586238549442,0.23184422138812116,-0.03515791121314571,0.7282451618238798
2024-01-05 06:00:00,GEO_01,GEO,0.16290344598772866,0.35209808755307104,0.07057297660438808,-0.5049921574986868,0.6196536834559382
2024-01-05 06:15:00,GEO_01,GEO,0.07401590895986486,0.5266604625813472,-0.16903489019507906,-0.7908587417796644,0.9650914912063908
2024-01-05 06:30:00,GEO_01,GEO,-0.0016118020553900353,0.44011497750832385,-0.08786959664812885,-0.7153121900455793,0.8444488076076965
2024-01-05 06:45:00,GEO_01,GEO,0.34398307785109,0.26614904009830237,-0.3564563202560141,-0.7180273838845725,0.8446654626559731
2024-01-05 07:00:00,GEO_01,GEO,-0.13657846418977734,0.34745363639794224,-0.49855198327142625,-0.6815509936846982,0.9131209484305053
2024-01-05 07:15:00,GEO_01,GEO,-0.17577017524652802,0.05515568994966933,-0.5676560918599441,-1.0847070346403378,1.2255059933585655
2024-01-05 07:30:00,GEO_01,GEO,-0.12536905468570092,0.1345376365923064,-0.7376566537554503,-1.3097965098756656,1.5092397462868536
2024-01-05 07:45:00,GEO_01,GEO,-0.3769479330326437,-0.15354399662646517,-0.5186454114045281,-1.0549685020430293,1.1855493924649083
2024-01-05 08:00:00,GEO_01,GEO,-0.48866939158505895,-0.03897975889888847,-0.8684448678459149,-1.405166769688302,1.6523345789300607
2024-01-05 08:15:00,GEO_01,GEO,-0.5205979386745649,-0.09837609750871038,-0.8372973416389164,-1.3065760396057926,1.5549551897558327
2024-01-05 08:30:00,GEO_01,GEO,-0.495059286404243,-0.07282762908618762,-0.9989511260923178,-1.324333737335633,1.6604418278653397
2024-01-05 08:45:00,GEO_01,GEO,-0.508605728055389,-0.20879592598083388,-0.7718757869214393,-1.3277967333037564,1.549978107624076
2024-01-05 09:00:00,GEO_01,GEO,-0.30157810782969585,-0.1858936788641356,-0.7801456164384454,-1.2197669230450428,1.459799640102893
2024-01-05 09:15:00,GEO_01,GEO,-0.37847793580729716,-0.05057556358034332,-0.8322133452995593,-1.3968535844079903,1.6267565509318238
2024-01-05 09:30:00,GEO_01,GEO,-0.23208095279784188,-0.1892453587236545,-0.9222027413951821,-1.3074518117575458,1.611118227227078
2024-01-05 09:45:00,GEO_01,GEO,-0.3340074262262579,-0.33640254879368325,-0.9121382215570114,-1.237762452455317,1.5739182630518889
2024-01-05 10:00:00,GEO_01,GEO,-0.23885899206525985,0.21239159116588013,-0.6779303302956629,-1.1869033065619843,1.383271188111909
2024-01-05 10:15:00,GEO_01,GEO,-0.5570413958417684,0.2207731411733843,-0.7673403759553785,-1.155654519395156,1.404667007028126
2024-01-05 10:30:00,GEO_01,GEO,0.06231754607483431,-0.11360729295696459,-0.589938474769971,-1.0637848222690913,1.2217087087833218
2024-01-05 10:45:00,GEO_01,GEO,0.044983311148836566,0.28496374755460085,-0.6537618025890722,-0.9246636529258565,1.1677378571353523
2024-01-05 11:00:00,GEO_01,GEO,0.29159419662896957,0.1805131930899917,-0.4455999874710397,-0.8865286209291176,1.0085025321932604
2024-01-05 11:15:00,GEO_01,GEO,-0.45047705304536734,0.3890954716923665,-0.23455954308531582,-0.7640306124700403,0.8889073304542169
2024-01-05 11:30:00,GEO_01,GEO,0.6060591151267748,0.47832904795451137,-0.2049183905157116,-0.932241229211349,1.067644104713788
2024-01-05 11:45:00,GEO_01,GEO,0.1973655594258657,0.47842856351202684,-0.19406564732392353,-0.5976413384835269,0.789766126976725
2024-01-05 12:00:00,GEO_01,GEO,0.5398166504224967,0.4879141071921058,-0.021705585656439826,-0.4459403034834616,0.6613577418588827
2024-01-05 12:15:00,GEO_01,GEO,0.23333404811799507,0.602487896331192,0.008125282641813551,-0.325874887146524,0.6850198008206436
2024-01-05 12:30:00,GEO_01,GEO,0.7092779652589313,0.6615191885294996,0.14661771641325352,-0.4075219139759317,0.7906823015153251
2024-01-05 12:45:00,GEO_01,GEO,0.4741735207108797,0.759555384938471,0.19569164495615518,-0.3018308475411851,0.8404293326759276
2024-01-05 13:00:00,GEO_01,GEO,0.7006678393739242,0.9436285469121783,0.3030755280499858,-0.19832604435259374,1.0107535951550772
2024-01-05 13:15:00,GEO_01,GEO,1.2498219191506785,0.9289612787717005,0.4461121059743005,0.0404154297556185,1.031318804015669
2024-01-05 13:30:00,GEO_01,GEO,0.8523043331405737,1.1914672047637673,0.340965535276467,0.1873122802990791,1.253370450674817
2024-01-05 13:45:00,GEO_01,GEO,0.998242479508554,1.3897697917915235,0.4292095356221157,0.0751331052005342,1.4564772168291138
2024-01-05 14:00:00,GEO_01,GEO,1.1957886885067075,1.136175023223292,0.4411163808512775,0.3244946571990791,1.2612589454202199
2024-01-05 14:15:00,GEO_01,GEO,1.1634145964098908,1.2805325999326191,0.45143230639549925,0.26904000098482533,1.384173901241339
2024-01-05 14:30:00,GEO_01,GEO,1.0619963498154397,1.3458710496061337,0.5266809506089153,0.27736380292188134,1.4716291601736882
2024-01-05 14:45:00,GEO_01,GEO,1.1200602823136363,1.3482177346990247,0.7090659128317819,0.2900523178732944,1.55067594164629
2024-01-05 15:00:00,GEO_01,GEO,1.4922403985689554,1.2980987305810268,0.5545145171257714,0.4179520406512317,1.4721516811537556
2024-01-05 15:15:00,GEO_01,GEO,1.011470457655653,1.4093201236891177,0.7424716534280799,0.3616875150105631,1.6334825452675805
2024-01-05 15:30:00,GEO_01,GEO,1.0519551066792752,1.319375958277958,0.6632941410473848,0.5846825937902485,1.588258723354278
2024-01-05 15:45:00,GEO_01,GEO,1.1575269117902507,1.0275877835126492,0.39574241958008805,0.14030342821697217,1.1100602539722684
2024-01-05 16:00:00,GEO_01,GEO,1.104746064671679,1.2931752131597636,0.6805429501887567,0.26204112133467045,1.4846233152731867
2024-01-05 16:15:00,GEO_01,GEO,1.028914310245415,1.246378830557051,0.6202512588635795,0.06462284312765862,1.3936814288913082
2024-01-05 16:30:00,GEO_01,GEO,0.8469863192339083,0.931672286811941,0.3422977872482629,-0.06242274963232036,0.9945238181361511
2024-01-05 16:45:00,GEO_01,GEO,0.4400745164955714,0.9606430005131515,0.4270943208900108,-0.019302174953277615,1.0514832891346098
2024-01-05 17:00:00,GEO_01,GEO,0.8772018051178507,0.9646625877166368,0.201945269280993,-0.08768443035787647,0.989466704468784
2024-01-05 17:15:00,GEO_01,GEO,0.2420933737599755,0.7241189015466686,0.18162286624849314,0.1727768856471497,0.7662812155699762
2024-01-05 17:30:00,GEO_01,GEO,0.41601880968806826,0.8331278676343606,-0.08333577499928399,-0.34029147868405346,0.9037948803178117
2024-01-05 17:45:00,GEO_01,GEO,0.07738920348675626,0.9241296863673163,-0.26112321732555777,-0.5783367045210823,1.1210148775320115
2024-01-05 18:00:00,GEO_01,GEO,0.10760945720404695,0.375905030356654,-0.18824231138410008,-0.4821883749754602,0.6397228998591035
2024-01-05 18:15:00,GEO_01,GEO,0.05015753666206768,0.18141400062417795,-0.2525769673497345,-0.9034182075507032,0.95544263134538
2024-01-05 18:30:00,GEO_01,GEO,-0.07060001233000562,0.3211053293551912,-0.4011460213463112,-0.7330229301208804,0.8951811990124022
2024-01-05 18:45:00,GEO_01,GEO,-0.18574690153836726,0.26229225893075475,-0.607534044217575,-0.8292249936993714,1.0609000585135637
2024-01-05 19:00:00,GEO_01,GEO,0.019696961391590495,-0.0009800905232178747,-0.6086412562695526,-0.8247490739197709,1.0250152068834553
2024-01-05 19:15:00,GEO_01,GEO,-0.2973173715508456,0.1415973685603899,-0.6313530887505984,-0.8924939219012296,1.1023619814238814
2024-01-05 19:30:00,GEO_01,GEO,-0.5358177832503513,-0.3506623217311913,-0.7306572493861058,-1.1585047873397523,1.4138449074249637
2024-01-05 19:45:00,GEO_01,GEO,-0.3552599274257279,-0.1058789766149543,-0.7779986716142742,-1.1570949220466948,1.3983422146773843
2024-01-05 20:00:00,GEO_01,GEO,-0.3702200993151973,-0.3812288272039866,-0.9918797875972918,-1.3070597464535738,1.6845076766030649
2024-01-05 20:15:00,GEO_01,GEO,-0.9049614292842352,-0.06344854422283963,-0.822503307318198,-1.386733963227603,1.6135577129691725
2024-01-05 20:30:00,GEO_01,GEO,-0.5528739865430137,-0.061522211106817326,-1.1556206058870433,-1.2520317647846952,1.7049420832509494
2024-01-05 20:45:00,GEO_01,GEO,-0.5272501766114364,-0.4915152538899347,-1.005159960588578,-1.4993821745588962,1.8708502603260058
2024-01-05 21:00:00,GEO_01,GEO,-0.7478585935438783,-0.43915038344867774,-0.9498477761719368,-1.4002667646730163,1.7480877750930388
2024-01-05 21:15:00,GEO_01,GEO,-0.4216145225975484,-0.2049692180958125,-1.0226646350470323,-1.4866700452460346,1.8160515299887652
2024-01-05 21:30:00,GEO_01,GEO,-0.7122497001717157,-0.37309783740958535,-1.0566071310880252,-1.2753806578342282,1.697709176544512
2024-01-05 21:45:00,GEO_01,GEO,-0.6913538866945349,-0.2990350892067643,-1.053480876803462,-1.0648272717158513,1.5274492007779874
2024-01-05 22:00:00,GEO_01,GEO,-0.7484447627399079,-0.2719296677097579,-0.82816203130751,-1.4374049679584808,1.6810506048872658
2024-01-05 22:15:00,GEO_01,GEO,-0.6078125267583643,-0.5135529518906548,-1.0536050602470004,-1.4459826532058684,1.8613667265603446
2024-01-05 22:30:00,GEO_01,GEO,-0.7078066589444296,-0.15889643142846513,-0.9359669844620262,-1.1318951203478769,1.4773181226096748
2024-01-05 22:45:00,GEO_01,GEO,-0.7024534046521489,-0.193486368934418,-0.7986555940901073,-1.0277877331794674,1.315916166558127
2024-01-05 23:00:00,GEO_01,GEO,0.012262733597275421,-0.0758425615308534,-0.5341193378795213,-0.9018529678196475,1.0508921623085432
2024-01-05 23:15:00,GEO_01,GEO,-0.36945465062817784,0.3128738134658703,-0.5731535091389466,-0.8954729693348286,1.1082719914354506
2024-01-05 23:30:00,GEO_01,GEO,-0.2016891420515559,0.006768599815397319,-0.6399449563488281,-0.7751354627411999,1.0051916964931509
2024-01-05 23:45:00,GEO_01,GEO,-0.29389627155273423,0.4132754566786033,-0.45213712294645864,-0.5790443108237316,0.8429216422281133
2024-01-06 00:00:00,GEO_01,GEO,0.11276132108650433,0.35969461286775767,-0.38275504345503364,-0.388027563867409,0.6530291173732049
2024-01-06 00:15:00,GEO_01,GEO,0.05435058861116926,0.4739566780135611,-0.2943858750777507,-0.6966668905210669,0.8925484482240926
2024-01-06 00:30:00,GEO_01,GEO,0.7040430642317527,0.7238593687074489,-0.0037383113470923907,-0.37892239783343296,0.8170486792212033
2024-01-06 00:45:00,GEO_01,GEO,0.6861569673439261,0.7799911037182906,-0.17199242786853172,-0.20958155078932297,0.8257674875865766
2024-01-06 01:00:00,GEO_01,GEO,0.420429791388788,0.9101225233893928,0.2578028420034585,-0.2706603371481191,0.983891422378948
2024-01-06 01:15:00,GEO_01,GEO,1.0551116026916492,1.0601838015937426,0.2689517509818929,0.18150553916173717,1.108724040627053
2024-01-06 01:30:00,GEO_01,GEO,0.86290605820392,0.9577199851106541,0.36325389076847653,-0.051798453290379284,1.0256042310765219
2024-01-06 01:45:00,GEO_01,GEO,0.6404272901527265,0.9910889022007021,0.2345465178968499,0.08892619255436375,1.0223390576736986
2024-01-06 02:00:00,GEO_01,GEO,0.3182269663219993,0.9956045876341643,0.3053923094482149,0.22436249465673394,1.0652846974386245
2024-01-06 02:15:00,GEO_01,GEO,1.3523704730527877,1.087974175230451,0.19098715088955506,0.13224920929244802,1.112498876912587
2024-01-06 02:30:00,GEO_01,GEO,0.6523197910020705,1.681174822352155,0.3547458805050048,0.005417267081184812,1.7182033552023754
2024-01-06 02:45:00,GEO_01,GEO,0.6694421080044448,1.4539298458385328,0.5096390563423322,0.24626403093091925,1.5602211180790713
2024-01-06 03:00:00,GEO_01,GEO,1.2146385444300045,1.056484039001707,0.6336624114801579,0.467400581952758,1.3176304035646667
2024-01-06 03:15:00,GEO_01,GEO,1.467079106830501,1.057812526500589,0.35054241440653733,0.2929420101465695,1.1522423125489867
2024-01-06 03:30:00,GEO_01,GEO,1.284309727880951,1.3096185089287062,0.40033029224346073,0.18810179805498742,1.3822978218343187
2024-01-06 03:45:00,GEO_01,GEO,1.1050171101304085,1.284546416217333,0.38804856872220383,0.40535383326705554,1.401767782925703
2024-01-06 04:00:00,GEO_01,GEO,1.0348510748518207,1.2382878287839056,0.17940049411370812,0.19050017741520126,1.2656348611656623
2024-01-06 04:15:00,GEO_01,GEO,1.0241563611489617,1.032627282996172,0.38642333230858095,0.10265581007684312,1.1073302635993731
2024-01-06 04:30:00,GEO_01,GEO,0.9107845142657973,0.9760984575014447,0.13830409898123003,0.12620150424957674,0.9938928726007474
2024-01-06 04:45:00,GEO_01,GEO,0.6953465531073143,0.9679803524303777,0.14111239467640024,0.1446158567727964,0.9888439799344871
2024-01-06 05:00:00,GEO_01,GEO,0.6022657321403719,0.8480430827136429,0.04115193793010859,0.28242848213854904,0.8947828785001124
2024-01-06 05:15:00,GEO_01,GEO,0.5342980818274341,0.39359581784816083,-0.05784645757964427,-0.03174789981199801,0.39908872400075257
2024-01-06 05:30:00,GEO_01,GEO,0.2546153812390024,0.6126239526774715,-0.07027704326292063,-0.07592917092352311,0.6212988083048935
2024-01-06 05:45:00,GEO_01,GEO,0.26420818305194277,0.40395632965244366,-0.18414818098567023,-0.4112638852138533,0.6051687798521983
2024-01-06 06:00:00,GEO_01,GEO,-0.1424967139117069,0.4683117227471715,-0.2640652625838111,-0.582999093108808,0.7930537655995168
2024-01-06 06:15:00,GEO_01,GEO,0.05697397189674161,0.7917581492326964,-0.4230654796517107,-0.544491723105381,1.0499221892500337
2024-01-06 06:30:00,GEO_01,GEO,-0.24218131364904436,0.28635332635485,-0.4292901102747822,-0.6441868141748119,0.8253877136539625
2024-01-06 06:45:00,GEO_01,GEO,-0.39127674233292864,0.11145357092802277,-0.40437495386169975,-0.8940991754496841,0.9876002922858339
2024-01-06 07:00:00,GEO_01,GEO,-0.22768965025779553,0.18408655126448148,-0.6671412197662778,-0.8800365657446412,1.119566711953919
2024-01-06 07:15:00,GEO_01,GEO,-0.09868593621217236,0.04417565840584693,-0.6879632779071978,-0.8655970239816252,1.1065727126900666
2024-01-06 07:30:00,GEO_01,GEO,-0.26496551851745553,-0.02989434440753727,-1.0611935540060282,-0.9739224764834482,1.4406770703704401
2024-01-06 07:45:00,GEO_01,GEO,-0.834615762743062,-0.0823810368992544,-0.9375134338490637,-1.0324721312460046,1.3970385734430262
2024-01-06 08:00:00,GEO_01,GEO,-0.7854422736873025,0.09647342692735533,-1.1443073061665938,-1.116225888049044,1.6014701265400588
2024-01-06 08:15:00,GEO_01,GEO,-0.4751798030008614,-0.43343792048050267,-1.22981992148812,-1.264505994545237,1.8163977759401566
2024-01-06 08:30:00,GEO_01,GEO,-0.913045720675868,-0.22393215868496458,-1.1726527901631592,-1.3022615946059806,1.7666763820112787
2024-01-06 08:45:00,GEO_01,GEO,-0.760821795507027,-0.4524840314242294,-0.9392075290363784,-1.4179668105512964,1.7599666068188788
2024-01-06 09:00:00,GEO_01,GEO,-0.5996182050092129,-0.24131402757451345,-0.9953228561788997,-1.0190047992073448,1.4447390175197583
2024-01-06 09:15:00,GEO_01,GEO,-0.9287921852132666,-0.445713010115056,-1.0885102761093286,-1.2566266251330453,1.7212278128053526
2024-01-06 09:30:00,GEO_01,GEO,-0.693118800994878,-0.34061641888416316,-1.2983200872119738,-1.2531309018486205,1.8362983556164059
2024-01-06 09:45:00,GEO_01,GEO,-0.9270002241225469,-0.3177684388057022,-1.0912730852957402,-1.3064728812405648,1.731682741384495
2024-01-06 10:00:00,GEO_01,GEO,-0.7881117751885146,-0.0638812421391714,-0.9709838491107647,-0.7301277957244006,1.2165430721600332
2024-01-06 10:15:00,GEO_01,GEO,-0.5319820854501871,-0.042401968635652515,-0.9223386321189632,-1.228419525790987,1.53672411661554
2024-01-06 10:30:00,GEO_01,GEO,-0.8688219686820395,-0.28537903765418904,-1.0762610599568476,-1.076410933196793,1.5486896272066457
2024-01-06 10:45:00,GEO_01,GEO,-0.3690319587557464,0.002389960822229526,-0.9085069398291009,-0.8905991468584769,1.2722253778381472
2024-01-06 11:00:00,GEO_01,GEO,-0.4005613859411308,-0.044925155441977824,-0.6939523768618417,-0.794664379443566,1.0559733173239338
2024-01-06 11:15:00,GEO_01,GEO,-0.2507677233692144,-0.042816414441446266,-0.5024364894856672,-0.6511088371876592,0.8235401563835053
2024-01-06 11:30:00,GEO_01,GEO,-0.2704848860269885,0.19253080209048562,-0.720552635340622,-0.4474009941212196,0.8697309121737462
2024-01-06 11:45:00,GEO_01,GEO,0.058411748308895506,0.2749353805107892,-0.34339977553591017,-0.5153540443381703,0.6775711477848173
2024-01-06 12:00:00,GEO_01,GEO,-0.08026315703880792,0.781702737223336,-0.2369554137037829,-0.6387571623236734,1.0369270706687999
2024-01-06 12:15:00,GEO_01,GEO,-0.11774518612078212,0.5955933181976014,-0.06093447739329837,-0.4077902957212356,0.7243875595986146
2024-01-06 12:30:00,GEO_01,GEO,0.11153900528433922,0.4432216159214388,0.005728348358076896,-0.24360677891758478,0.5057889654090171
2024-01-06 12:45:00,GEO_01,GEO,0.24069609173233936,0.6821407045378549,0.10200065678392341,0.09270854735174328,0.6959274024809077
2024-01-06 13:00:00,GEO_01,GEO,0.23045073841037822,1.0022204542282602,0.00690762800723875,-0.27443267149127715,1.0391375488259607
2024-01-06 13:15:00,GEO_01,GEO,0.27557158182277774,1.242990087555436,-0.02785722009512348,0.1532141378952543,1.2527070505602993
2024-01-06 13:30:00,GEO_01,GEO,0.1826977717301975,0.7419546830476237,0.2554679749099227,0.10164858669612097,0.791260433155984
2024-01-06 13:45:00,GEO_01,GEO,0.25798512978905586,0.7516804374898434,0.501993572295863,0.2407966209132964,0.9354165058275089
2024-01-06 14:00:00,GEO_01,GEO,0.13893465239181352,1.3841728482321731,0.6096301856871768,0.18770515830620477,1.5240789558086896
2024-01-06 14:15:00,GEO_01,GEO,0.8010936787915484,1.2299333023921175,0.5525053906199965,0.13143141334564457,1.3547222414249234
2024-01-06 14:30:00,GEO_01,GEO,0.2642143634155835,1.053537930475088,0.5337237057986592,0.3698933324394388,1.237588074629171
2024-01-06 14:45:00,GEO_01,GEO,0.3746169338298433,1.2728928939918482,0.5692761839957637,0.37094135422118607,1.4428891785272937
2024-01-06 15:00:00,GEO_01,GEO,0.3995768549939407,0.8013926759949221,0.47617892645737553,0.4286008671090028,1.0259996561534463
2024-01-06 15:15:00,GEO_01,GEO,0.6785500068436695,1.1924217611268904,0.5174873096210916,0.2790370939796384,1.329482783583312
2024-01-06 15:30:00,GEO_01,GEO,0.4343166452611612,1.2063411165806706,0.7029892077589446,0.16780255655860338,1.4062753691102787
2024-01-06 15:45:00,GEO_01,GEO,0.7514795078884937,1.266685474207175,0.315742514779367,-2.7955949041091888e-05,1.3054445323291946
2024-01-06 16:00:00,GEO_01,GEO,0.24349463447283318,0.9207760127805014,0.5543617470317062,0.2579914386984736,1.1053076470945598
2024-01-06 16:15:00,GEO_01,GEO,0.34989597570872655,1.0258146691868408,0.29841031553993436,0.16815606354106885,1.081490135713303
2024-01-06 16:30:00,GEO_01,GEO,0.0743607144542151,0.8120705128731961,0.4015442208062206,-0.09702595133027886,0.9111038987802412
2024-01-06 16:45:00,GEO_01,GEO,0.5844101526051998,0.9094601853010469,-0.0025711335508500355,-0.10856792448048222,0.9159210848111046
2024-01-06 17:00:00,GEO_01,GEO,-0.1587269677803859,0.6422852984273786,0.16764726467161115,-0.1841584541611726,0.6888761471896474
2024-01-06 17:15:00,GEO_01,GEO,0.027655489405241977,0.6191165109900371,-0.10940078845689274,-0.4285103971684221,0.7608514619667267
2024-01-06 17:30:00,GEO_01,GEO,-0.004524792465699257,0.4299971117197988,-0.2869520021177083,-0.4383951090842602,0.6778120973217657
2024-01-06 17:45:00,GEO_01,GEO,-0.15624503651303973,0.5684832738776512,-0.17611461875607334,-0.5740241208250929,0.826857474361374
2024-01-06 18:00:00,GEO_01,GEO,-0.3448114174005053,0.49113458322876935,-0.18549373148127846,-0.5835724092542464,0.784969974014899
2024-01-06 18:15:00,GEO_01,GEO,-0.4302368770565189,0.24706185393318442,-0.45809498956125233,-0.71669852920666,0.8857467814770854
2024-01-06 18:30:00,GEO_01,GEO,-0.4874804153470896,0.19416882042611489,-0.6704511464882026,-0.9258963732699241,1.159521610271845
2024-01-06 18:45:00,GEO_01,GEO,-0.6368208935060735,-0.13188739907064215,-0.5801283087540856,-0.5200317755271396,0.7901747833292353
2024-01-06 19:00:00,GEO_01,GEO,-0.5226944274605464,-0.042109270952676595,-0.6759771825606956,-0.7229651750660283,0.9906548270720306
2024-01-06 19:15:00,GEO_01,GEO,-0.37267790115947963,-0.09580151879097855,-0.6711487403051964,-1.0970667986518905,1.2896410831391103
2024-01-06 19:30:00,GEO_01,GEO,-0.9917192264770474,0.24508432243866013,-0.6921742688006194,-1.0404770401975472,1.273484988004624
2024-01-06 19:45:00,GEO_01,GEO,-1.2347266655121485,-0.3768805887164093,-0.8947665164449099,-1.0860384961112568,1.456751767508036
2024-01-06 20:00:00,GEO_01,GEO,-1.0261395241871416,-0.04867868037920367,-0.7172412009762602,-1.0312292952820767,1.2570753413178135
2024-01-06 20:15:00,GEO_01,GEO,-0.47350979332287013,-0.15655397588583012,-0.9926823303668662,-1.3748080702159153,1.7029458553691783
2024-01-06 20:30:00,GEO_01,GEO,-1.155227925716257,-0.3195000507686593,-1.0814853386529193,-1.148696743103859,1.6097189281920643
2024-01-06 20:45:00,GEO_01,GEO,-0.6949980429861857,-0.1332001258559613,-1.2460035402559895,-1.3864202899500664,1.8688039801551497
2024-01-06 21:00:00,GEO_01,GEO,-0.6550854240220334,-0.3638596709295384,-1.076664833454463,-1.5009441565398605,1.882666827874128
2024-01-06 21:15:00,GEO_01,GEO,-1.1046138539062533,-0.3499054373850654,-1.0562706794271868,-1.1971320690852434,1.6344010383506005
2024-01-06 21:30:00,GEO_01,GEO,-0.9196000242250932,-0.3670744182730689,-0.8707714386563538,-1.0923106410738688,1.4443438176325518
2024-01-06 21:45:00,GEO_01,GEO,-0.7023068757605049,-0.1054947344719685,-0.8914129760211549,-0.8641772093242797,1.2460130344164555
2024-01-06 22:00:00,GEO_01,GEO,-1.1120680116718267,-0.06583840986149389,-1.056034716530508,-1.329202244122389,1.6989180746907002
2024-01-06 22:15:00,GEO_01,GEO,-1.0267051311671176,-0.25555488597692777,-0.8462849545193676,-0.999897268168647,1.3346539142727794
2024-01-06 22:30:00,GEO_01,GEO,-1.0297834220267008,-0.31487907954510963,-0.6919527775181002,-1.0567293132511413,1.30177737057241
2024-01-06 22:45:00,GEO_01,GEO,-0.9832967424824873,-0.07391615592211105,-0.48027280817167095,-0.7971735629296015,0.933601230616841
2024-01-06 23:00:00,GEO_01,GEO,-0.8100442083510795,-0.0852609410059108,-0.47149865971959776,-1.0252415282901068,1.1316804343582265
2024-01-06 23:15:00,GEO_01,GEO,-0.8346499528344042,0.112856834333635,-0.38878792341422685,-0.9033972457734608,0.9899592406355077
2024-01-06 23:30:00,GEO_01,GEO,-0.45531382667781695,0.40777542732550554,-0.38766597349121157,-0.7397519251027684,0.9294076698772393
2024-01-06 23:45:00,GEO_01,GEO,-0.5779803868523526,0.25230791384284196,-0.2202112874199733,-0.5122140609491306,0.6119767468857691
2024-01-07 00:00:00,GEO_01,GEO,-0.2623185941456817,0.3922061402161013,0.0034061711165900566,-0.49296938185028744,0.6299651338500744
2024-01-07 00:15:00,GEO_01,GEO,-0.48894571666097675,0.5263467831666188,-0.1620676804720723,-0.22046645266700188,0.5932219870798929
2024-01-07 00:30:00,GEO_01,GEO,-0.051001627513563755,0.7345581813001343,0.045214011309945505,-0.06405178137950052,0.7387304374611785
2024-01-07 00:45:00,GEO_01,GEO,0.18689063253327926,0.3762018240639087,0.08960997180357666,-0.04519948371172253,0.38935941340033914
2024-01-07 01:00:00,GEO_01,GEO,-0.2711516085281141,0.7506694130919827,0.3292329872461799,0.20783660046277616,0.8456328873304471
2024-01-07 01:15:00,GEO_01,GEO,0.2798232395024549,0.9495886096641312,0.5337267193822471,0.1290377783269834,1.0969200001923374
2024-01-07 01:30:00,GEO_01,GEO,0.5516716302573137,1.1413403500533652,0.39212329428032394,-0.008928420879215526,1.206854667835605
2024-01-07 01:45:00,GEO_01,GEO,0.2057575421781378,0.9551908309876855,0.23239327919062336,0.40743402548881325,1.0641422108637244
2024-01-07 02:00:00,GEO_01,GEO,0.8487955312710657,0.825183939242716,0.5474541700371935,0.2173316624724223,1.0138380804587417
2024-01-07 02:15:00,GEO_01,GEO,0.6547517528865708,1.278332803833119,0.7692361744779854,0.434781982106091,1.5539930570776275
2024-01-07 02:30:00,GEO_01,GEO,0.45216809009612335,1.1077541689566748,0.7431045342312026,0.5604142068210708,1.4468544262788692
2024-01-07 02:45:00,GEO_01,GEO,0.5789232183940065,1.0550725066100592,0.7785475100540211,0.43120688928767453,1.3803092410706024
2024-01-07 03:00:00,GEO_01,GEO,0.7364147394139187,1.1420585200174567,0.7249268776141076,0.17101512759417892,1.3634745376785942
2024-01-07 03:15:00,GEO_01,GEO,0.6091139339270206,1.201820112830859,0.6029745067227242,0.266461679991412,1.3707485787941336
2024-01-07 03:30:00,GEO_01,GEO,0.6855171779587569,1.1604803861171422,0.8014591779979343,0.5393266041710544,1.5099419613105654
2024-01-07 03:45:00,GEO_01,GEO,0.3472653778483801,0.8658724841361423,0.6182561937208599,0.3160434769282028,1.1098915979352069
2024-01-07 04:00:00,GEO_01,GEO,0.5353919250284511,1.2905531742160234,0.9196110819635586,0.3096086807788772,1.614642242963709
2024-01-07 04:15:00,GEO_01,GEO,0.17240445114389846,1.2977096251003637,0.6699529579393385,0.3608125868242313,1.5043513418548837
2024-01-07 04:30:00,GEO_01,GEO,0.397043797968585,1.1529974818463378,0.42346527028920944,0.2762128725880886,1.258975607098276
2024-01-07 04:45:00,GEO_01,GEO,0.14535764183812255,0.808575947901555,0.3588270835144208,0.13296888794011794,0.8945572449812225
2024-01-07 05:00:00,GEO_01,GEO,0.08470528608672773,0.8676092879173675,0.305452417257503,-0.004909925300096377,0.9198212669075366
2024-01-07 05:15:00,GEO_01,GEO,0.3559318705999067,0.7978153706512601,0.22318526018255733,-0.10663199236196716,0.8352792394195165
2024-01-07 05:30:00,GEO_01,GEO,0.21480429274543528,0.7941285090655732,0.28114435844210683,-0.06688142673201505,0.8450771351990563
2024-01-07 05:45:00,GEO_01,GEO,0.027616198337830203,0.697051255982987,0.0631779902345567,-0.21716241851566365,0.7328242817573049
2024-01-07 06:00:00,GEO_01,GEO,-0.39379495604264436,0.3917701913630482,-0.16317226607964036,-0.42601244101267516,0.6013282557437181
2024-01-07 06:15:00,GEO_01,GEO,-0.3713957739470331,0.4040720551977721,0.04150152905036836,-0.3390276998612026,0.5290901473080439
2024-01-07 06:30:00,GEO_01,GEO,-0.1418061923547182,0.36311872086401187,-0.25556455135279005,-0.6141562320067127,0.7578629972909036
2024-01-07 06:45:00,GEO_01,GEO,-0.4141722587779681,0.4128325098233564,-0.31589037140375426,-0.8485291202767069,0.9950975207838756
2024-01-07 07:00:00,GEO_01,GEO,-0.06057897494178632,0.22258619331005602,-0.551586800977266,-0.9239342867096382,1.0988390139698552
2024-01-07 07:15:00,GEO_01,GEO,-0.47623821573408287,0.14653173768213312,-0.5165925630613226,-1.0571367017104258,1.1856970238900029
2024-01-07 07:30:00,GEO_01,GEO,-0.620028437604065,-0.06592352593210798,-0.6254871364691826,-1.0673574293388657,1.2388833484733786
2024-01-07 07:45:00,GEO_01,GEO,-0.8287433735799407,0.0818279976780201,-0.9802602673090299,-0.9705248535316402,1.3818554570545272
2024-01-07 08:00:00,GEO_01,GEO,-0.8543890661451532,-0.14166835602767613,-0.5396483394583846,-1.2950569503715414,1.4101286317515198
2024-01-07 08:15:00,GEO_01,GEO,-0.9137658976802845,-0.3902044247889833,-0.6924948848094767,-1.2072944670322698,1.4454648348330459
2024-01-07 08:30:00,GEO_01,GEO,-0.757144324680451,-0.09509630923269755,-0.9523886572897917,-1.359814577082017,1.6628839847111034
2024-01-07 08:45:00,GEO_01,GEO,-0.731619526942822,-0.20259959674414274,-1.0379815865315594,-1.3110665173954965,1.6844428703921714
2024-01-07 09:00:00,GEO_01,GEO,-1.0806608528814214,-0.4151544304395901,-0.8666804654989256,-1.4807271746821073,1.7652312019203351
2024-01-07 09:15:00,GEO_01,GEO,-1.219736676448473,-0.3686633266455053,-0.9112644831101453,-1.2815599475298274,1.615150613937903
2024-01-07 09:30:00,GEO_01,GEO,-1.2279112156085343,-0.21837939424702657,-0.8570054912347798,-1.2778264909762385,1.5540233308669824
2024-01-07 09:45:00,GEO_01,GEO,-0.7241352696699013,-0.15903091700887606,-0.8651162456430238,-1.1482008743448797,1.446403193748725
2024-01-07 10:00:00,GEO_01,GEO,-0.999550383099971,-0.1562410455406428,-0.7630350113607575,-1.1681255692555121,1.403976865344461
2024-01-07 10:15:00,GEO_01,GEO,-1.1319667644882399,-0.0795634951881477,-0.5747843667684247,-1.3077268691254291,1.4306840959067557
2024-01-07 10:30:00,GEO_01,GEO,-0.5429185856765533,0.20264006815926833,-0.6042113095689482,-0.9367331805284047,1.1329622038433043
2024-01-07 10:45:00,GEO_01,GEO,-0.0395608706363888,0.19375993861583843,-0.7158891682901989,-0.971097702942603,1.2219128298483677
2024-01-07 11:00:00,GEO_01,GEO,-0.4797157095477546,0.15391322411010502,-0.3092403298746207,-0.8882458507671468,0.953047508565016
2024-01-07 11:15:00,GEO_01,GEO,-0.20569151663755045,0.35853745265348713,-0.1852132382565351,-0.8176454520316199,0.9118098123011814
2024-01-07 11:30:00,GEO_01,GEO,-0.20349827059871076,0.15533807647584041,0.06967358618822395,-0.7814620304582248,0.7997919927477602
2024-01-07 11:45:00,GEO_01,GEO,-0.09904242155352187,0.46699372202236505,-0.3355147111211879,-0.5552807427307094,0.7993684763828284
2024-01-07 12:00:00,GEO_01,GEO,0.25451429769723544,0.7769006973462357,-0.03095110957627738,-0.4233528413648071,0.8853023737756075
2024-01-07 12:15:00,GEO_01,GEO,0.09813205741202663,0.5911128063105133,-0.22798735755014005,-0.6342473388586014,0.8964721255210356
2024-01-07 12:30:00,GEO_01,GEO,0.2787236464427598,0.6050385872313877,0.18078516218059326,-0.36863032686135483,0.731193055755815
2024-01-07 12:45:00,GEO_01,GEO,0.3815941377761697,0.6857190954370307,0.15236163113363152,-0.2446913657948325,0.7438404459178197
2024-01-07 13:00:00,GEO_01,GEO,0.2760106261090558,0.7206839746245859,0.5386066258829435,-0.0661099375131465,0.9021380230118293
2024-01-07 13:15:00,GEO_01,GEO,0.725439590179204,0.8532408779574818,0.28014184651200075,0.14066752773935448,0.9090031921534213
2024-01-07 13:30:00,GEO_01,GEO,0.5157988381057178,0.9907098008652475,0.26722237827701345,-0.05621863442117364,1.0276547298770455
2024-01-07 13:45:00,GEO_01,GEO,0.5125217217818279,0.8955861653053553,0.5232622366835715,0.04074327590856225,1.0380452602643135
2024-01-07 14:00:00,GEO_01,GEO,0.8213836979488617,1.1810339989451775,0.40171633395033157,0.10319701134139748,1.2517455583211503
2024-01-07 14:15:00,GEO_01,GEO,0.564813969744157,1.3718822218033941,0.7553154317651705,0.10567441437247294,1.5696271257262944
2024-01-07 14:30:00,GEO_01,GEO,0.7501120105766349,1.1196540969309918,0.4190597705991809,0.18979857229422553,1.2104791969108428
2024-01-07 14:45:00,GEO_01,GEO,0.709835822107907,1.507758486886404,0.6930490458747461,0.379867351081541,1.7023371696534095
2024-01-07 15:00:00,GEO_01,GEO,0.9585154296914918,1.346230860407412,0.46562738081783006,0.12707033131504933,1.4301374956209874
2024-01-07 15:15:00,GEO_01,GEO,0.8294415463473153,1.3942323298038477,0.67643384301464,0.31846622145695536,1.5820452799003226
2024-01-07 15:30:00,GEO_01,GEO,0.6674832607824341,1.1089912804956916,0.8895385963058597,0.01678872347437177,1.4217673634491585
2024-01-07 15:45:00,GEO_01,GEO,0.7608199177800492,1.3133581760117827,0.6889248396024638,0.11440189729564196,1.487486109926113
2024-01-07 16:00:00,GEO_01,GEO,0.817009168085556,0.9878075768553788,0.47336367624526854,0.10381977248692469,1.1002797480825353
2024-01-07 16:15:00,GEO_01,GEO,0.6419858567943318,1.2332223708554144,0.5293438317342508,0.3012609026440552,1.375427366179421
2024-01-07 16:30:00,GEO_01,GEO,0.4541932680945965,1.0660907868521912,0.48218234128415216,-0.02179016753837837,1.1702667163765452
2024-01-07 16:45:00,GEO_01,GEO,0.0638727857649729,1.0512881817084159,0.4276770043331031,-0.3739745089649985,1.1949775706642933
2024-01-07 17:00:00,GEO_01,GEO,0.017729196421144566,0.6942909882969169,0.14904368940279514,-0.4257740060666432,0.8279719210354567
2024-01-07 17:15:00,GEO_01,GEO,0.06675494658072412,0.6483123525025378,0.3004343713983027,-0.23181288266406277,0.7512036544731999
2024-01-07 17:30:00,GEO_01,GEO,-0.17635534296964983,0.784649974588785,-0.1683584964807837,-0.2421780925324611,0.8382543733629503
2024-01-07 17:45:00,GEO_01,GEO,-0.19646565656186152,0.46127777420402916,-0.04775260841716335,-0.374098137797128,0.5958245658652765
2024-01-07 18:00:00,GEO_01,GEO,-0.259344883915558,0.5864818736333934,-0.16111541195135815,-0.5096427334751154,0.7935079582794233
2024-01-07 18:15:00,GEO_01,GEO,-0.24771956644476079,0.21833937267981807,-0.13365427908829675,-0.4870301898201992,0.5502126441450869
2024-01-07 18:30:00,GEO_01,GEO,-0.4134223892700492,0.45364317165589485,-0.29974359410521945,-0.800319337578666,0.9675481339445025
2024-01-07 18:45:00,GEO_01,GEO,-0.36606468172250317,0.05918101899508407,-0.5357157549877718,-0.7141475368787671,0.8947069171418229
2024-01-07 19:00:00,GEO_01,GEO,-0.5518187291228233,0.23339272004793998,-0.5650055137253184,-1.1616284578164071,1.3126629675283414
2024-01-07 19:15:00,GEO_01,GEO,-1.079768470986096,0.14498230845781784,-0.513613260329832,-1.1410418973747125,1.2596805398659143
2024-01-07 19:30:00,GEO_01,GEO,-0.8712223523974924,-0.13337052743401245,-0.6438755963647103,-1.3505090906482282,1.5020779890223883
2024-01-07 19:45:00,GEO_01,GEO,-0.7780053342375499,-0.020474760401262115,-0.7482696935119407,-1.2234348477540813,1.4342662154359611
2024-01-07 20:00:00,GEO_01,GEO,-1.0472952843026486,-0.1355292155160746,-0.8113129632245664,-1.2675954875260709,1.5110907360417132
2024-01-07 20:15:00,GEO_01,GEO,-0.7306652572956633,-0.30216521538084296,-0.6838335089315264,-1.2966652414666628,1.4967540992933857
2024-01-07 20:30:00,GEO_01,GEO,-0.5701630574223707,-0.4163498082113617,-0.8666057845917928,-1.3365015740939479,1.6463867122402303
2024-01-07 20:45:00,GEO_01,GEO,-0.6553233775272103,-0.5824622411689211,-0.8033148662426578,-1.4853125846663657,1.7862616020287345
2024-01-07 21:00:00,GEO_01,GEO,-0.9639478696722212,-0.2688957772328815,-0.524120223124889,-1.3782416757571994,1.4988519153325894
2024-01-07 21:15:00,GEO_01,GEO,-0.630636793804269,-0.5436024868412215,-0.9487129903585139,-1.5387576922488133,1.887679855597831
2024-01-07 21:30:00,GEO_01,GEO,-0.8771075902699434,-0.2716177441537416,-0.9869696714430902,-1.1320580671395524,1.5262505687675887
2024-01-07 21:45:00,GEO_01,GEO,-0.9546113485162753,-0.3015099185522408,-0.6408678434609028,-1.32331640464125,1.5009284228637458
2024-01-07 22:00:00,GEO_01,GEO,-0.9826533290835711,-0.10107913331822156,-0.7591743786989141,-1.2927537381319847,1.5025894169464475
2024-01-07 22:15:00,GEO_01,GEO,-0.8561826651299375,-0.17304028154387244,-0.653443449481156,-0.9349825916158467,1.1537433541872733
2024-01-07 22:30:00,GEO_01,GEO,-0.8091586762319831,-0.1295099673258922,-0.6482453256500682,-1.2436032046615284,1.4083833869044111
2024-01-07 22:45:00,GEO_01,GEO,-0.5696216439242838,0.09987939397626479,-0.5070762290391813,-1.152103052964094,1.2627128098054792
2024-01-07 23:00:00,GEO_01,GEO,-0.562671410599409,0.11885360889690075,-0.1924495629218101,-1.0706699674179616,1.0943021492016691
2024-01-07 23:15:00,GEO_01,GEO,-0.4636952851761182,0.19882879290381913,-0.2312339325833038,-0.8532478099736995,0.9061091797848889
2024-01-07 23:30:00,GEO_01,GEO,-0.23641907804811924,0.33667267586736216,-0.11303873466330737,-0.674991824580583,0.7627189583723458
2024-01-07 23:45:00,GEO_01,GEO,-0.0433123881155692,0.13890281995605722,-0.2990891441157086,-0.5201389368537347,0.6158675370166424
2024-01-01 00:00:00,GEO_02,GEO,-0.30494515031674524,-0.21494227276584066,0.011583598118625502,0.2851101584460341,0.35724244262998983
2024-01-01 00:15:00,GEO_02,GEO,-0.10364480378781232,0.10513895150346464,0.05686058647984832,-0.06847617191313946,0.13775453363849055
2024-01-01 00:30:00,GEO_02,GEO,0.5692133207842361,0.2930805060398675,0.4341575535289818,0.29229557671608514,0.599854706136948
2024-01-01 00:45:00,GEO_02,GEO,0.5754650720067477,-0.032709134813710794,0.1293229278283518,0.5706225232295309,0.5860071426008348
2024-01-01 01:00:00,GEO_02,GEO,0.31957438989195575,0.6267598350775363,0.33234466231631915,0.5315062703651694,0.8864422039107012
2024-01-01 01:15:00,GEO_02,GEO,0.7065535831915462,0.5356657581930719,0.7420685477456681,0.5381174393559753,1.0616844694130905
2024-01-01 01:30:00,GEO_02,GEO,0.648933221771313,0.6313469087097003,0.6434072097490997,0.38930911929905654,0.9819029214050764
2024-01-01 01:45:00,GEO_02,GEO,1.031180863849891,0.8724307925288488,0.8378861389512693,0.361381253177921,1.262452010869176
2024-01-01 02:00:00,GEO_02,GEO,0.7460159714275092,0.5366200403859784,1.0540722669206164,0.8350043463928126,1.4478472537287572
2024-01-01 02:15:00,GEO_02,GEO,1.0331407768553964,0.8666552812806062,0.6913934664572918,1.0174954270487513,1.5047967457754943
2024-01-01 02:30:00,GEO_02,GEO,1.4899780105921816,0.8403815306555246,0.7704016946562244,0.7426799973497575,1.3606371546667175
2024-01-01 02:45:00,GEO_02,GEO,0.9835325059016247,0.8181471212366499,0.7716061828957811,0.6429663616162254,1.2954329606895225
2024-01-01 03:00:00,GEO_02,GEO,0.8393734658425008,0.7268229284988431,0.5368946921649508,0.4492865311141845,1.0091510624813058
2024-01-01 03:15:00,GEO_02,GEO,0.976533672622232,1.1365212897621455,0.792569104075979,0.6943623919962397,1.5498340421597245
2024-01-01 03:30:00,GEO_02,GEO,0.6777483036207379,0.7729207997289435,0.953231600237692,0.8272785682710069,1.480015836356445
2024-01-01 03:45:00,GEO_02,GEO,1.336297552367924,0.9530314424196324,0.900089050390608,1.0772567627189742,1.6967355013959236
2024-01-01 04:00:00,GEO_02,GEO,0.7410199523427011,0.4742919603038038,0.8524021268044678,0.914759121908825,1.337283253654591
2024-01-01 04:15:00,GEO_02,GEO,0.5729914931674647,0.9795448113276686,0.676143739621796,0.799392818980452,1.4337737872712761
2024-01-01 04:30:00,GEO_02,GEO,0.34747910442347374,0.9945708816248666,0.557144272295467,0.5814060307090929,1.2796929128789503
2024-01-01 04:45:00,GEO_02,GEO,0.7629593206133939,0.7081826076279272,0.7729665217027137,0.4516237017978637,1.1414744050768235
2024-01-01 05:00:00,GEO_02,GEO,0.6223087134239703,0.5021547459778641,0.4023263596653797,0.6147046234173128,0.8898807013528892
2024-01-01 05:15:00,GEO_02,GEO,0.19698633364847243,0.5077430923457498,0.4280445423257067,0.4012108374212515,0.7758835699406904
2024-01-01 05:30:00,GEO_02,GEO,0.3438389532493545,0.692720219733129,0.2695780466646198,-0.03864355003453379,0.7443298664099796
2024-01-01 05:45:00,GEO_02,GEO,-0.27593472794799745,-0.19268605240604655,0.3487021405689734,0.059912062228531834,0.4028778385933946
2024-01-01 06:00:00,GEO_02,GEO,0.02867453947759823,0.1251008417514888,0.18289909950044897,-0.08472257545640743,0.2372345168751226
2024-01-01 06:15:00,GEO_02,GEO,-0.01374357366967277,-0.31748147084172845,-0.2588128705689021,-0.16222207656402593,0.44056167380366534
2024-01-01 06:30:00,GEO_02,GEO,0.20344954022099387,-0.2942963461087452,-0.3680009031075721,-0.02855386929871785,0.47207025692461846
2024-01-01 06:45:00,GEO_02,GEO,-0.5146032344111262,-0.41629836617084853,-0.19574121879944417,-0.2891849831593152,0.5433662750838179
2024-01-01 07:00:00,GEO_02,GEO,-0.7464485721035947,-0.5615959678748759,-0.38510661989277606,-0.3746019139925377,0.77718963823859
2024-01-01 07:15:00,GEO_02,GEO,-0.7385999710954323,-0.5808037523709673,-0.5394791111995924,-0.24133186067055407,0.8286204059541437
2024-01-01 07:30:00,GEO_02,GEO,-0.947357041868589,-0.8307077904053388,-0.4066455819301166,-0.6162506144998025,1.1113959160509757
2024-01-01 07:45:00,GEO_02,GEO,-0.3353961507353026,-0.5392392549399715,-0.5416739621974085,-0.2756102618887521,0.8124965672845895
2024-01-01 08:00:00,GEO_02,GEO,-0.34457957228283315,-1.1166410806524263,-0.5969183245677853,-0.8109396075705604,1.5036029516904137
2024-01-01 08:15:00,GEO_02,GEO,-0.6860804219164189,-0.7313815834672148,-0.5161242603228687,-0.7450177624635039,1.1646264375820106
2024-01-01 08:30:00,GEO_02,GEO,-0.5027630611448228,-0.9927538022563138,-0.708962911122277,-0.876449140742788,1.5021157137684544
2024-01-01 08:45:00,GEO_02,GEO,-0.803461510441239,-1.2530899368041983,-0.44812536758290034,-0.8304538060228069,1.5686632075525409
2024-01-01 09:00:00,GEO_02,GEO,-0.8791120982149666,-1.0025151901762894,-0.8461473711208906,-0.7345677154863715,1.503526457640125
2024-01-01 09:15:00,GEO_02,GEO,-0.9234720091019976,-1.2970271037756445,-0.6476686363929673,-0.7960581003229904,1.6539233566237617
2024-01-01 09:30:00,GEO_02,GEO,-0.9085601307509149,-0.9174306948521579,-0.5278557221853492,-0.9999953962479649,1.4561255219993412
2024-01-01 09:45:00,GEO_02,GEO,-1.1790887439116027,-1.1440282279484961,-0.9404884459480847,-1.0493255179303058,1.8150490753377784
2024-01-01 10:00:00,GEO_02,GEO,-0.6872254019461329,-0.7318664680162394,-0.772050304658981,-0.43248108827846843,1.148359739650045
2024-01-01 10:15:00,GEO_02,GEO,-0.7321735572733482,-0.9330645786981753,-0.5438807145762747,-0.8338295483904489,1.3644366806408506
2024-01-01 10:30:00,GEO_02,GEO,-0.47667525247773823,-0.7711421913122818,-0.4764916312455202,-0.5825403767259384,1.0775239414439584
2024-01-01 10:45:00,GEO_02,GEO,-0.578373563925969,-0.5014180245891612,-0.575268785411597,-0.8652889235239544,1.1537240276708614
2024-01-01 11:00:00,GEO_02,GEO,-0.5581395490216432,-0.6859708706093647,-0.5495792046292856,-0.589368052538334,1.0582759747997477
2024-01-01 11:15:00,GEO_02,GEO,-0.6590856982963793,-0.45179004928608774,-0.20687951565165702,-0.46552354617732394,0.6809005468316947
2024-01-01 11:30:00,GEO_02,GEO,-0.31611408757745874,-0.541102843949624,-0.09818089601828689,-0.24374864519429063,0.6015356831538566
2024-01-01 11:45:00,GEO_02,GEO,-0.05132361120289966,-0.045524549108007725,-0.37693648500146204,-0.6890340065481265,0.7867156160115982
2024-01-01 12:00:00,GEO_02,GEO,-0.42272871583115756,0.31917278513592784,-0.3178025273342908,-0.09109018188555017,0.4595292530268671
2024-01-01 12:15:00,GEO_02,GEO,-0.005890666562892149,0.5825854245769628,-0.037117418529182954,-0.20117915056259505,0.6174597398283372
2024-01-01 12:30:00,GEO_02,GEO,0.14161324063752623,0.19462253287747244,0.1020534908907316,0.1755900392002815,0.28129114307596653
2024-01-01 12:45:00,GEO_02,GEO,-0.0005450485872541821,0.4171591848048636,0.06091633774211927,0.04358940583221935,0.4238308884116119
2024-01-01 13:00:00,GEO_02,GEO,0.11328619623135947,-0.03439534458442928,0.27147559188985537,0.17762546260546072,0.3262404660474124
2024-01-01 13:15:00,GEO_02,GEO,0.3801868701425786,0.5984338594158068,0.16229207331991014,0.35426529372346216,0.7141188272932899
2024-01-01 13:30:00,GEO_02,GEO,0.10644181732772956,0.5037900340757306,0.030842203729047113,0.30017838910249506,0.5872501215402673
2024-01-01 13:45:00,GEO_02,GEO,0.5357817632148931,0.3725717651699279,0.3405515938835815,0.4691935375069398,0.6891499720211558
2024-01-01 14:00:00,GEO_02,GEO,0.28101751883944043,0.7690214159423447,0.4895525007686352,0.4279694069362906,1.0070816265130618
2024-01-01 14:15:00,GEO_02,GEO,0.8098729113388854,0.555693091699942,0.45980171454418156,0.3217048209008241,0.7897508598612859
2024-01-01 14:30:00,GEO_02,GEO,1.167967993152497,0.5796989497064177,0.37232789022638557,0.8674817425322503,1.107792175346055
2024-01-01 14:45:00,GEO_02,GEO,0.3787461218667821,0.7596804952097155,0.2953100895751671,0.44185687512019944,0.9271245881206901
2024-01-01 15:00:00,GEO_02,GEO,0.7312489978579322,0.5304412978593152,0.48028810370259456,0.6020494507508746,0.9351514177834189
2024-01-01 15:15:00,GEO_02,GEO,0.42134327579578623,0.8969731819959709,0.6928221641639519,0.7404037857643344,1.3537951123973513
2024-01-01 15:30:00,GEO_02,GEO,0.8449373721600528,0.5025947253876312,0.7401556589777403,0.5115440353374373,1.0305868025516098
2024-01-01 15:45:00,GEO_02,GEO,0.23211055082004445,0.45855900140038985,0.6751600321817052,0.5001232944343995,0.9572046471141065
2024-01-01 16:00:00,GEO_02,GEO,0.6132333806974133,0.46045342567788383,0.33485676252332336,0.5538483278685153,0.7942885992564984
2024-01-01 16:15:00,GEO_02,GEO,0.20745121135080108,0.6860646657966226,0.23235470726513205,0.6198835421648954,0.9533777013806198
2024-01-01 16:30:00,GEO_02,GEO,0.2932503454967778,0.40313846520041985,0.39400534663090214,0.1004981403525601,0.5725912254935542
2024-01-01 16:45:00,GEO_02,GEO,0.0008257759139047027,0.15093327109020033,0.34622469931581334,0.1869416502871999,0.4214256462893722
2024-01-01 17:00:00,GEO_02,GEO,0.38540937878624926,0.15703084227892883,0.23025608568102954,-0.14732935182567614,0.3152498823621562
2024-01-01 17:15:00,GEO_02,GEO,-0.12672056333492063,0.19043634955723698,-0.17405814657674878,0.033757778881795944,0.2601957518051579
2024-01-01 17:30:00,GEO_02,GEO,0.1044605384637469,-0.11918309953751914,-0.14016360427803268,0.007825756176357043,0.18415126836193912
2024-01-01 17:45:00,GEO_02,GEO,-0.2009863884962741,-0.23320546281711854,-0.12509665398411104,-0.200583611783264,0.3320658760574263
2024-01-01 18:00:00,GEO_02,GEO,-0.24421309900894395,0.28164402674125144,-0.1739948240804468,-0.21914511818431318,0.3970165480554041
2024-01-01 18:15:00,GEO_02,GEO,-0.300096416852627,-0.37946604149134705,-0.22547167983536368,-0.4936245056758103,0.6621911413304935
2024-01-01 18:30:00,GEO_02,GEO,-0.6351836942369474,-0.39223260237150553,-0.4509782741803303,-0.4073247051308005,0.7232850292627978
2024-01-01 18:45:00,GEO_02,GEO,-0.48934447722712265,-0.4483747796789659,-0.5155082411739363,-0.3371969041781032,0.7618992334670665
2024-01-01 19:00:00,GEO_02,GEO,-0.23171318025293952,-0.4958184027640353,-0.6570719116841671,-0.8341418765395553,1.1719095766485979
2024-01-01 19:15:00,GEO_02,GEO,-0.9083687445789883,-0.33758570731071924,-0.6718188598600645,-0.7955294195863808,1.094610317725719
2024-01-01 19:30:00,GEO_02,GEO,-0.4865350830661838,-0.36644250415150753,-0.8329596964033762,-0.696749720906466,1.1461073851365196
2024-01-01 19:45:00,GEO_02,GEO,-0.4555744030391053,-0.6155223564117146,-0.9458194754542665,-0.6053352801162579,1.2805752819512963
2024-01-01 20:00:00,GEO_02,GEO,-1.0983853467363023,-0.8737736805967727,-1.0280784011771804,-1.1179111852146062,1.7521846540529296
2024-01-01 20:15:00,GEO_02,GEO,-1.3060438912252446,-0.4990118340743317,-1.0228042138473854,-0.937989536267117,1.4747764713870362
2024-01-01 20:30:00,GEO_02,GEO,-0.9111360562151443,-0.8619187278705808,-0.9834681096151272,-0.8887831700118328,1.5811543059993463
2024-01-01 20:45:00,GEO_02,GEO,-1.1442944119634242,-0.4914166800881861,-0.998616538337597,-0.9711856715103824,1.4771347103962227
2024-01-01 21:00:00,GEO_02,GEO,-0.5453445897313549,-1.242790296780208,-0.9814420672379608,-1.3764701880229067,2.0981959945703776
2024-01-01 21:15:00,GEO_02,GEO,-0.9865315406217472,-0.7987351949921659,-0.84526335657371,-0.8703352046371354,1.4525602989604915
2024-01-01 21:30:00,GEO_02,GEO,-1.1595682085469532,-0.49838533083948716,-0.9678157659995102,-0.7166204237437704,1.303303543553805
2024-01-01 21:45:00,GEO_02,GEO,-1.2186180882779167,-0.8459998784425001,-1.074424754116929,-0.9521985314298447,1.666369223743976
2024-01-01 22:00:00,GEO_02,GEO,-0.634238076493038,-0.7874619275546498,-0.8151086399293423,-1.0432011691510135,1.540378869484254
2024-01-01 22:15:00,GEO_02,GEO,-0.9887457026632542,-0.6796304349162113,-1.109517078505162,-0.8714249186331801,1.565984375520354
2024-01-01 22:30:00,GEO_02,GEO,-0.7594418156333839,-0.7455286828246578,-0.9773582622534442,-0.42716275515027374,1.301349380103942
2024-01-01 22:45:00,GEO_02,GEO,-0.44667372915024817,-0.670993344814453,-0.6995239783654028,-0.42327425890017345,1.0576989001322348
2024-01-01 23:00:00,GEO_02,GEO,-0.720525378232615,-0.6156330657508289,-0.5796155136941581,-0.38674719609249264,0.9298019192527579
2024-01-01 23:15:00,GEO_02,GEO,-0.5123847206394062,-0.6465691656716563,-0.7576673249414885,-0.2868307357222686,1.0365246414033342
2024-01-01 23:30:00,GEO_02,GEO,-0.38427764233661593,-0.26138119671945736,-0.5221624257681445,-0.3428734623552197,0.6771528188452183
2024-01-01 23:45:00,GEO_02,GEO,-0.09876719008080573,-0.2872639488719104,-0.4641934938606852,-0.20019587847188453,0.5814417991692746
2024-01-02 00:00:00,GEO_02,GEO,-0.018766075502378382,-0.28817595017592196,-0.3422408803878933,-0.004422785193524953,0.44743017276145314
2024-01-02 00:15:00,GEO_02,GEO,-0.11987830668188167,-0.13337551963197491,-0.01042049304720205,0.2414909344411601,0.2760715257495977
2024-01-02 00:30:00,GEO_02,GEO,0.05488524249822044,-0.22069719498757662,0.07769629334728176,0.4983281893037144,0.5505224338117475
2024-01-02 00:45:00,GEO_02,GEO,0.06827170351968705,-0.22971964609477016,0.07506963641148481,0.5642144111269118,0.6137951350704459
2024-01-02 01:00:00,GEO_02,GEO,-0.11337824407765468,-0.030083490426402626,0.059646491680112504,0.2352419768627752,0.24454346861915502
2024-01-02 01:15:00,GEO_02,GEO,0.41032428295939893,0.23486919827677805,0.09600273567845369,0.6222142773623062,0.6719603206368813
2024-01-02 01:30:00,GEO_02,GEO,0.894839366137831,0.09438392281186425,0.612734309409528,0.6987642325516308,0.9341429823674728
2024-01-02 01:45:00,GEO_02,GEO,0.2862168923213275,0.2870291856734787,0.580427977579504,0.7139996095164846,0.9638868361872704
2024-01-02 02:00:00,GEO_02,GEO,0.3987692388924319,0.37217212289003654,0.43883614575073737,0.6089769984987343,0.8378199308767764
2024-01-02 02:15:00,GEO_02,GEO,0.4288917756213406,0.875046165250754,0.6909294355300984,1.222845350526413,1.6548232617128802
2024-01-02 02:30:00,GEO_02,GEO,0.8650258388077161,-0.02420267044164387,0.6022434363587673,0.587829138344178,0.8419180612032161
2024-01-02 02:45:00,GEO_02,GEO,0.8193914563509115,0.4652541792891379,0.6201164181116364,0.5924736066770134,0.975720655703508
2024-01-02 03:00:00,GEO_02,GEO,0.6478440594398202,0.8112204279292847,0.738796259472233,0.8832312395281439,1.408543899982658
2024-01-02 03:15:00,GEO_02,GEO,0.4624368549231606,0.5022328223470282,0.5485114647922901,1.2276470620374274,1.4353466284421934
2024-01-02 03:30:00,GEO_02,GEO,0.6983294522538654,0.6134995609527146,0.5777027312412384,0.7235143661109251,1.1106733070267125
2024-01-02 03:45:00,GEO_02,GEO,0.25756263753590686,0.4370961045914486,0.6361699139357533,0.7692448032623194,1.0897259891331061
2024-01-02 04:00:00,GEO_02,GEO,0.6313587868734779,0.21298060841133734,0.5353228881247589,0.9802787440463386,1.1370478222742277
2024-01-02 04:15:00,GEO_02,GEO,0.7521080282126777,-0.1231126120033395,0.6786312342763959,0.8194431006716412,1.0710667871837605
2024-01-02 04:30:00,GEO_02,GEO,0.14877690169651137,0.26366206955984833,0.799451168546705,0.7356882428828718,1.1179790018293554
2024-01-02 04:45:00,GEO_02,GEO,0.01335941120091727,-0.032811424105147896,0.3389339172899011,0.8841661638082571,0.9474716856269083
2024-01-02 05:00:00,GEO_02,GEO,0.7006785145515576,-0.08991124797988337,0.05462051289805267,0.7165773180583621,0.7242585765444973
2024-01-02 05:15:00,GEO_02,GEO,0.0851207276092544,-0.19251514702611983,-0.08081150098110926,0.71600585215861,0.7458263610591179
2024-01-02 05:30:00,GEO_02,GEO,0.4287338846817034,0.09200733534333105,0.0871752871739124,0.6158492418016512,0.6287568441603661
2024-01-02 05:45:00,GEO_02,GEO,-0.011594744887435962,0.09920130425624984,-0.08606914133302701,0.3703580073183475,0.3929552766419644
2024-01-02 06:00:00,GEO_02,GEO,-0.11946270538124455,-0.4217896057989401,-0.06383982624412594,0.2700520085224015,0.5048862072604962
2024-01-02 06:15:00,GEO_02,GEO,-0.08183156661945944,-0.6694149887839058,-0.2066575070281727,0.14734061690418793,0.7159141078435056
2024-01-02 06:30:00,GEO_02,GEO,-0.5421012934373598,-0.8332550428179512,-0.5480321829036731,0.11880931424703138,1.004374876742524
2024-01-02 06:45:00,GEO_02,GEO,-0.3681316888534787,-0.667272876630453,-0.6650506980969177,-0.005630251361622849,0.9421131687097216
2024-01-02 07:00:00,GEO_02,GEO,-0.5826653181802822,-0.43740077137603894,-0.4415657806315313,-0.1655763576279285,0.6432070456940122
2024-01-02 07:15:00,GEO_02,GEO,-0.8988846094904741,-0.8750676688838422,-0.5330444844948138,-0.08161792775379889,1.0278819648709514
2024-01-02 07:30:00,GEO_02,GEO,-0.5622061103381709,-1.3352805670840169,-0.6811897912575707,-0.07941722547746632,1.501099870177959
2024-01-02 07:45:00,GEO_02,GEO,-0.7995742372777249,-0.8396555516811707,-0.9373353146142579,-0.6568638937398564,1.4195383448118286
2024-01-02 08:00:00,GEO_02,GEO,-0.8385705012507645,-0.7514966440508609,-0.6919725407597703,-0.5001594592241728,1.1374237063806325
2024-01-02 08:15:00,GEO_02,GEO,-1.1396187653654102,-1.2981006665173325,-0.622824279601029,-0.6237672837856563,1.569095614675734
2024-01-02 08:30:00,GEO_02,GEO,-0.48756761254883535,-1.0567585360999132,-0.7992619590245919,-0.6457156954109,1.4739426861529732
2024-01-02 08:45:00,GEO_02,GEO,-0.7195488688533329,-1.0569706522081173,-0.9631568253918142,-0.5637531963624239,1.537099767854039
2024-01-02 09:00:00,GEO_02,GEO,-0.7095337302334667,-1.1592742772128162,-0.830462766389986,-0.5174620023444181,1.5170208238642278
2024-01-02 09:15:00,GEO_02,GEO,-1.0242034053874676,-1.3461244160700594,-0.9861444549671846,-0.6607996828717937,1.7947668512890322
2024-01-02 09:30:00,GEO_02,GEO,-1.3606017524980665,-1.0022267420899658,-0.5735207640921135,-0.9058032984955124,1.4676048940264608
2024-01-02 09:45:00,GEO_02,GEO,-0.4002310731553133,-1.1657596158321817,-0.681455409287914,-0.7421998675640344,1.5408561257187592
2024-01-02 10:00:00,GEO_02,GEO,-0.8524685350817146,-1.3115294020712542,-0.9837643573854267,-0.34513124984402543,1.675415549342384
2024-01-02 10:15:00,GEO_02,GEO,-0.9659920600354176,-1.368385720111334,-0.6915940321680148,-0.8837026078578191,1.7696643985427682
2024-01-02 10:30:00,GEO_02,GEO,-0.5940217285323292,-0.7287638290362506,-0.5267495788259285,-0.15659612031928719,0.9127344532797714
2024-01-02 10:45:00,GEO_02,GEO,-0.3493180079393665,-0.736757248027251,-0.5823993991579545,-0.161369517797273,0.9529115509502227
2024-01-02 11:00:00,GEO_02,GEO,-0.5568405313688269,-0.77777289957927,-0.49853867956146874,0.028126768080697334,0.9242632814417672
2024-01-02 11:15:00,GEO_02,GEO,-0.13314053525430913,-0.7157215823166639,-0.5537017000966652,-0.20239130437015218,0.9272568124141543
2024-01-02 11:30:00,GEO_02,GEO,-0.10126002456439948,-0.5662287396191896,-0.1872694231690386,-0.3949916307525388,0.7153343349716623
2024-01-02 11:45:00,GEO_02,GEO,-0.56002137052267,-0.5560206141529281,-0.2951309639864295,0.11072115720553578,0.63915599341592
2024-01-02 12:00:00,GEO_02,GEO,-0.36730303205066095,-0.3393137725705321,-0.4334360921319941,0.369163084166287,0.6627835732196946
2024-01-02 12:15:00,GEO_02,GEO,0.13362674869047458,-0.5050135081168637,-0.06811530581690477,0.4052636617316522,0.6510890674763162
2024-01-02 12:30:00,GEO_02,GEO,-0.675361304269058,-0.11709903258070867,0.2389035392766322,0.2315933391119992,0.35273582073739645
2024-01-02 12:45:00,GEO_02,GEO,0.05381053844250518,0.026271744858515217,0.1510424841292126,0.5230026210799515,0.5450098882096853
2024-01-02 13:00:00,GEO_02,GEO,-0.18629070861761338,0.2637300476552802,0.5314063980131811,0.4589486695011887,0.7500534508436789
2024-01-02 13:15:00,GEO_02,GEO,0.12871144801035406,0.18303926428688538,0.4065372964147255,0.5235159157412754,0.6876371569958278
2024-01-02 13:30:00,GEO_02,GEO,0.2623758846099075,0.4236523699306006,0.4586745174938858,0.8654150094784947,1.0671489034697672
2024-01-02 13:45:00,GEO_02,GEO,0.313695571605463,0.6134257263641643,0.4623860164675591,0.5702649002652839,0.9567099907833693
2024-01-02 14:00:00,GEO_02,GEO,0.3182614454800684,0.5677075768011635,0.5570416025244947,0.6630143887259053,1.0354589897036444
2024-01-02 14:15:00,GEO_02,GEO,0.2242065588158803,0.48904662963109125,0.5300674348361715,0.642809759980294,0.9660965163756942
2024-01-02 14:30:00,GEO_02,GEO,1.1181757984236462,0.388967262108116,0.5508823355202865,0.6323037222094631,0.9244321909691977
2024-01-02 14:45:00,GEO_02,GEO,1.0208299488598636,0.19581988001316153,0.6611553740289839,0.9666589331816436,1.187392667619119
2024-01-02 15:00:00,GEO_02,GEO,0.2839175186960946,0.5298440050242069,0.42020768839823314,1.1529080291315479,1.3366024445155966
2024-01-02 15:15:00,GEO_02,GEO,0.9634447357617058,0.6635229172750694,0.4109726014404118,0.9295296671292496,1.213748962082906
2024-01-02 15:30:00,GEO_02,GEO,0.4436055121882681,0.389427012563496,0.39294330987515025,0.6566471888469727,0.8586287751469779
2024-01-02 15:45:00,GEO_02,GEO,0.5706689497839891,0.5788294537979793,0.8230174669271035,1.0201830153286584,1.4328903210700554
2024-01-02 16:00:00,GEO_02,GEO,0.4616923752156147,-0.08215965482266407,0.5758654815451623,1.1887775234081432,1.3234663810902865
2024-01-02 16:15:00,GEO_02,GEO,0.248588329345149,-0.0765799879146985,0.4737334333237058,0.7372707615739613,0.8796908754042697
2024-01-02 16:30:00,GEO_02,GEO,0.5741388084993023,0.1885159995744321,0.19830184782795043,0.6802107257242311,0.7331770156911713
2024-01-02 16:45:00,GEO_02,GEO,0.29141270459707724,-0.004481249668509768,0.40575809576421795,0.7407343897467361,0.8445988101046943
2024-01-02 17:00:00,GEO_02,GEO,0.07340650367728957,0.10295888640967216,0.20614791653287332,0.8139172382346478,0.845907067281673
2024-01-02 17:15:00,GEO_02,GEO,-0.20787153636855937,-0.260237803927,0.17439452761756127,0.2710326945839877,0.41424133954635334
2024-01-02 17:30:00,GEO_02,GEO,-0.18984849336825843,-0.566457561020964,-0.09657152501606256,0.054714717157958226,0.5772295281388701
2024-01-02 17:45:00,GEO_02,GEO,-0.4821553552814587,-0.48662413120816717,-0.07407091123927612,0.2386962691462238,0.547051600738218
2024-01-02 18:00:00,GEO_02,GEO,-0.17772846448387666,-0.851385916699615,-0.30503070774945246,0.10189111990021092,0.910100825260089
2024-01-02 18:15:00,GEO_02,GEO,-0.6046075209246962,-0.8864463301087389,-0.47054477193374805,-0.10307754988624636,1.0088728660480397
2024-01-02 18:30:00,GEO_02,GEO,-0.44936248070170665,-0.5741840297338358,-0.3350391703744327,-0.33674032576988644,0.7452064094505519
2024-01-02 18:45:00,GEO_02,GEO,-0.13329662788818808,-0.5636368243589969,-0.744422371068966,-0.1962925134631003,0.9541393436826182
2024-01-02 19:00:00,GEO_02,GEO,-0.275095988936256,-0.793308852884818,-0.5158547899302651,-0.3108225222025326,0.9960199499346223
2024-01-02 19:15:00,GEO_02,GEO,-0.6528832487213629,-1.238309419884819,-0.6051064426966215,-0.6589257729822854,1.5276606955305028
2024-01-02 19:30:00,GEO_02,GEO,-0.7559502590852102,-1.0960233297296471,-0.8744185207885382,-0.6605792946074519,1.5499160923333097
2024-01-02 19:45:00,GEO_02,GEO,-0.3269076056242593,-1.3390537094357287,-0.9534960187083474,-0.9452158193961535,1.8962205672555597
2024-01-02 20:00:00,GEO_02,GEO,-0.7253838824994638,-0.989300238910368,-0.919674526261851,-0.6292915487024265,1.4901422919410647
2024-01-02 20:15:00,GEO_02,GEO,-0.9743055305056569,-1.3912246420232008,-0.8917154056037733,-0.8855536162113016,1.8747980094795809
2024-01-02 20:30:00,GEO_02,GEO,-1.281363536343426,-1.5148069322002224,-0.9896699121261753,-0.9303399352533771,2.034605360244816
2024-01-02 20:45:00,GEO_02,GEO,-0.8623921575337465,-1.385429819655694,-0.8958583109092539,-0.8619747484801004,1.8614452356794498
2024-01-02 21:00:00,GEO_02,GEO,-0.7572169999173428,-1.4765438729767393,-0.7236245250781845,-0.9307322814831726,1.8894646971866527
2024-01-02 21:15:00,GEO_02,GEO,-1.100461016462469,-1.0830299342011986,-1.069307646726609,-0.7535778497940433,1.6983086461017811
2024-01-02 21:30:00,GEO_02,GEO,-0.8471586456200191,-1.4442179404531206,-1.219824020965876,-0.7474990430073787,2.0328529019456765
2024-01-02 21:45:00,GEO_02,GEO,-0.9651207160223164,-1.544298987900375,-0.8258843848715706,-0.8438057218020529,1.9439527970994304
2024-01-02 22:00:00,GEO_02,GEO,-0.8839007337699845,-1.644119646146891,-0.5834510270690636,-0.5994660590563762,1.8446961993224538
2024-01-02 22:15:00,GEO_02,GEO,-1.3991446003402683,-1.1907614351896858,-0.6942636793236427,-0.5552899833084352,1.4860221457049974
2024-01-02 22:30:00,GEO_02,GEO,-0.76825898846759,-1.2562949165080097,-0.843953416730783,-0.6135348678243768,1.6330827660874097
2024-01-02 22:45:00,GEO_02,GEO,-0.3796399584749886,-1.3434992911934094,-0.6452797030524176,-0.4995548703839753,1.5719196255320944
2024-01-02 23:00:00,GEO_02,GEO,-0.6893094172087493,-0.8130411181364732,-0.7372858370644789,-0.44913048256429683,1.1858939479080388
2024-01-02 23:15:00,GEO_02,GEO,-0.4128873440622051,-0.8420180202843961,-0.40782821684940773,-0.24761285185320858,0.9677966342910582
2024-01-02 23:30:00,GEO_02,GEO,-0.499446378616226,-0.9408345904811103,-0.5902863710756584,-0.26557278885227925,1.1419880177577195
2024-01-02 23:45:00,GEO_02,GEO,-0.10603888968013364,-0.5360712395677334,-0.3034848980518747,-0.17543665669949426,0.6405103260300642
2024-01-03 00:00:00,GEO_02,GEO,-0.13926437268365505,-0.5794173605439167,-0.2739824474194905,0.2333275573034863,0.6820796201257333
2024-01-03 00:15:00,GEO_02,GEO,-0.22440391981554328,-0.6972159415425617,0.0013380163853363228,0.2211465774559032,0.7314490195149543
2024-01-03 00:30:00,GEO_02,GEO,0.4494008528655529,-0.5917951753380154,0.02952336383088789,0.058603878692072967,0.59542218061053
2024-01-03 00:45:00,GEO_02,GEO,0.4443264849480454,-0.20147438824270847,0.21561407525738208,0.36262103957837405,0.4675204561425846
2024-01-03 01:00:00,GEO_02,GEO,0.15371824759982364,-0.21950749124298777,0.27968340029023075,0.41797953722130665,0.5487378578569493
2024-01-03 01:15:00,GEO_02,GEO,0.5149730383102568,-0.07798217310959361,0.26009398590299193,0.6086541532635953,0.666475790341123
2024-01-03 01:30:00,GEO_02,GEO,0.5946889709289039,-0.1161355866925104,0.5702656832924535,0.5457893956876684,0.7978574361892811
2024-01-03 01:45:00,GEO_02,GEO,0.6690624324780047,0.21650744202970112,0.5431635660299258,0.8042688074439881,0.994359314606126
2024-01-03 02:00:00,GEO_02,GEO,0.13781317195370435,0.04137557847583512,0.42299634376860984,0.6759014210781142,0.7984238074802356
2024-01-03 02:15:00,GEO_02,GEO,0.86444457170641,0.18535949298089643,0.9330545236901999,0.6773370180047246,1.167790358658785
2024-01-03 02:30:00,GEO_02,GEO,0.4902536558866911,0.5160280766294302,0.7325777241988102,0.8972487710752175,1.2680735211564687
2024-01-03 02:45:00,GEO_02,GEO,0.5663567578830555,0.13375428655488586,0.6427463004167019,0.8126157971119823,1.0446805490613416
2024-01-03 03:00:00,GEO_02,GEO,1.34764798957668,-0.09436500402248543,0.862298539654318,0.7853076014974523,1.1701160431529065
2024-01-03 03:15:00,GEO_02,GEO,0.7714919341752484,-0.05286812666533877,0.9355311175997134,0.7427491855031936,1.1956963926432698
2024-01-03 03:30:00,GEO_02,GEO,0.6011099757850757,0.29798393182467237,0.6004750022703407,0.6417497890391052,0.9280126312227612
2024-01-03 03:45:00,GEO_02,GEO,0.11939691454463608,0.09241276787588644,0.6615943801503563,0.6416951384730877,0.9262936328470643
2024-01-03 04:00:00,GEO_02,GEO,0.9878179304537387,-0.0236142277825469,0.41372656698875787,0.5380794329972315,0.679158876994692
2024-01-03 04:15:00,GEO_02,GEO,0.23866649326121758,-0.18733563689026447,0.4701650982457022,0.4115861663074442,0.6523442593854344
2024-01-03 04:30:00,GEO_02,GEO,0.24861883059009898,-0.10414515959900128,0.37178618203634134,0.3417697304069268,0.515633327126442
2024-01-03 04:45:00,GEO_02,GEO,0.3057736322404862,-0.39115911636620326,0.357367574958667,0.17659950142097103,0.5584840390291946
2024-01-03 05:00:00,GEO_02,GEO,0.6710940478879314,-0.2604506443376627,0.3435266424424712,0.1869055955338256,0.46987103959017856
2024-01-03 05:15:00,GEO_02,GEO,0.43594092251155603,-0.5405544639924695,0.2992900803900943,0.1892575925228482,0.6462136775785852
2024-01-03 05:30:00,GEO_02,GEO,0.09787928314072929,-0.6374236731540694,0.1364472642167682,0.1423594621933459,0.6672278557475289
2024-01-03 05:45:00,GEO_02,GEO,0.10900678546829916,-0.6756046732308771,-0.15092799170547372,0.012310849813799873,0.6923673087276622
2024-01-03 06:00:00,GEO_02,GEO,-0.23165319156072253,-0.6806687434720805,-0.22258905320938407,-0.4749672380667216,0.8593309619612461
2024-01-03 06:15:00,GEO_02,GEO,-0.1465133756097884,-0.7429674454697197,-0.24221052213127384,0.03211573129085182,0.7821112339400652
2024-01-03 06:30:00,GEO_02,GEO,-0.2523539806754048,-0.8102176250377014,-0.2904283494457759,-0.1430853177592028,0.8725105353185044
2024-01-03 06:45:00,GEO_02,GEO,-0.1493346548091688,-1.6629690815096956,-0.25901772907970205,-0.25786173561372433,1.7026593977447542
2024-01-03 07:00:00,GEO_02,GEO,-0.23934479788681123,-1.2544797109988266,-0.6931717527656511,-0.1475187290749092,1.4408220568716252
2024-01-03 07:15:00,GEO_02,GEO,-0.4489717903926927,-1.2328129830708878,-0.6455877419335316,-0.6275208357639026,1.5265627347347386
2024-01-03 07:30:00,GEO_02,GEO,-0.7415015058731025,-0.9244492472844623,-0.5335763192513537,-0.169236205262507,1.0807178135120588
2024-01-03 07:45:00,GEO_02,GEO,-0.5302193721791071,-1.425538046601659,-0.8055299880883052,-0.7053355899221528,1.782844799310711
2024-01-03 08:00:00,GEO_02,GEO,-0.8006380369537722,-1.3261040605520829,-0.7688422384691901,-0.5809804788155,1.639270778069238
2024-01-03 08:15:00,GEO_02,GEO,-1.0973965506522694,-1.095320494934408,-0.9427037482935687,-0.8995735518157961,1.7022484891450447
2024-01-03 08:30:00,GEO_02,GEO,-0.965886221870896,-1.7024887290324453,-0.9230049607274968,-0.7288917310601497,2.0692242956281808
2024-01-03 08:45:00,GEO_02,GEO,-0.8546119351252557,-1.385398059704458,-0.9696144254211715,-0.7431274692660895,1.8470837429297915
2024-01-03 09:00:00,GEO_02,GEO,-0.6521730021153735,-1.6230433203719998,-0.8330766851061633,-0.8426410930109524,2.0095597514635717
2024-01-03 09:15:00,GEO_02,GEO,-0.9184678018047981,-1.5397216131782063,-1.1018275157459694,-0.6422257650552834,1.999304992702183
2024-01-03 09:30:00,GEO_02,GEO,-1.1724705114517833,-1.623528841541801,-0.8955058919944281,-0.7465032968416623,1.9987605844898657
2024-01-03 09:45:00,GEO_02,GEO,-0.8296163257612775,-1.537564382442385,-0.7482375949520359,-0.825082713244363,1.8986113905561925
2024-01-03 10:00:00,GEO_02,GEO,-0.7609935952142478,-0.9251193223675342,-0.6297264051667616,-0.8515612189684358,1.4062565966540481
2024-01-03 10:15:00,GEO_02,GEO,-0.6871872385904441,-1.2318733522488703,-0.42853242072435055,-0.5593103547775177,1.4191476542467643
2024-01-03 10:30:00,GEO_02,GEO,-0.4296334156939556,-1.1554764321129387,-0.6376835173530562,-0.7208053378631224,1.5037707234030666
2024-01-03 10:45:00,GEO_02,GEO,-0.3077529473161819,-1.252769564113791,-0.2713418999044846,-0.3886384492645309,1.339439379613864
2024-01-03 11:00:00,GEO_02,GEO,-0.6145155745236184,-1.5431735543546257,-0.4653160637518255,-0.26297959211501876,1.6331141796928845
2024-01-03 11:15:00,GEO_02,GEO,-0.5281979020563787,-1.0272699287124964,-0.09835934784503661,-0.6515297057111626,1.2204298526214248
2024-01-03 11:30:00,GEO_02,GEO,-0.5445685980326385,-0.7133647024050448,-0.0910413617105162,-0.08327506321557682,0.7239561204472972
2024-01-03 11:45:00,GEO_02,GEO,-0.04152080753792123,-0.9572282577181904,-0.23804240295037588,0.16529381995880588,1.0001360756882862
2024-01-03 12:00:00,GEO_02,GEO,0.24508137767208044,-0.48850688269122167,0.056070977427990026,-0.01489333685823737,0.49193977317269044
2024-01-03 12:15:00,GEO_02,GEO,-0.09871182989327956,-0.42597909657411237,0.1221495652212758,0.15041971102771612,0.46797948295572245
2024-01-03 12:30:00,GEO_02,GEO,0.023831002732906677,-0.10205477411516212,0.28951150077224874,0.36220784276484996,0.47479111971419896
2024-01-03 12:45:00,GEO_02,GEO,0.5448741237621961,-0.42707677229097146,0.3027071636397795,0.2704366495587694,0.589204699382046
2024-01-03 13:00:00,GEO_02,GEO,0.3913347718224476,-0.4517563337600363,0.3680103904477535,0.4423797142867994,0.7315840650139174
2024-01-03 13:15:00,GEO_02,GEO,0.43622203007167903,-0.21605237566698315,0.6877951035605845,0.3398745291371299,0.7970291268639108
2024-01-03 13:30:00,GEO_02,GEO,0.09360598892289612,0.16223333451809063,0.5333600387152974,0.6663603252115313,0.8688087641957003
2024-01-03 13:45:00,GEO_02,GEO,0.632836310866581,-0.36205526784972547,0.7884493893677691,0.8387800020166556,1.2067677275910245
2024-01-03 14:00:00,GEO_02,GEO,0.30700975155542676,-0.3521012028543537,0.6972565803044899,0.9193591872144811,1.2063843960135863
2024-01-03 14:15:00,GEO_02,GEO,0.29810642127493303,0.10955240318221673,0.9955974662001954,0.9838573752416168,1.4039912316551595
2024-01-03 14:30:00,GEO_02,GEO,0.5298864383955113,0.006396121279902536,0.7067772898108784,0.7648807942734451,1.0414497958174527
2024-01-03 14:45:00,GEO_02,GEO,0.4996115184693976,0.10348373417245615,0.7498268829019703,0.8269919459573942,1.1210998689854346
2024-01-03 15:00:00,GEO_02,GEO,0.5852449614909074,0.3455359725876326,1.0583643936099645,1.2228847927894855,1.6537767426255734
2024-01-03 15:15:00,GEO_02,GEO,0.2757838805009457,0.10874209340388084,0.7830802944986774,0.892763481171571,1.192504181889345
2024-01-03 15:30:00,GEO_02,GEO,0.8442285982957547,-0.10285772250023512,1.038133947262102,0.9142975873590717,1.3871704588069007
2024-01-03 15:45:00,GEO_02,GEO,0.8614306105491127,0.5676266906866565,0.8902587030678056,0.8438734912922522,1.3516223909338108
2024-01-03 16:00:00,GEO_02,GEO,0.04650532991764528,-0.016336449494651545,0.6499442542794032,0.6517590186712765,0.9205890677562091
2024-01-03 16:15:00,GEO_02,GEO,0.7219083864156546,-0.05106214201855633,0.3240155447544156,1.0352376375644705,1.0859605802330443
2024-01-03 16:30:00,GEO_02,GEO,0.19478774831665274,0.32405484140911545,0.5494158851277001,0.6121980436802488,0.884113001689979
2024-01-03 16:45:00,GEO_02,GEO,0.5404415655923706,-0.09390817700865203,0.520978980717376,0.4211150696110625,0.6764434535952982
2024-01-03 17:00:00,GEO_02,GEO,0.2465039933404377,-0.17142435374541037,0.5878264142487095,0.4086165730173502,0.7361342989495671
2024-01-03 17:15:00,GEO_02,GEO,0.16394413950041087,-0.1205689636437006,0.588307650038756,0.0726846708651605,0.6049180336764776
2024-01-03 17:30:00,GEO_02,GEO,0.006715517448827743,-0.12201857101458696,0.15799528950122016,0.19873428737973944,0.2816848596523232
2024-01-03 17:45:00,GEO_02,GEO,0.25588656467498494,-0.5042229949939195,0.26401036918274234,0.05878816327881711,0.5721873398270386
2024-01-03 18:00:00,GEO_02,GEO,-0.45199795527634146,-0.3202857782281335,0.1554997917062764,0.17320357486615628,0.3959326247006082
2024-01-03 18:15:00,GEO_02,GEO,-0.10126603114463104,-1.1026152884010478,0.09295370306042669,-0.19932800298343756,1.1243364789518027
2024-01-03 18:30:00,GEO_02,GEO,-0.1146931597345528,-0.7342076655707976,-0.0965742296291581,-0.02563306317500838,0.7409753922628737
2024-01-03 18:45:00,GEO_02,GEO,-0.29295402422707384,-1.0453646895495503,-0.5229969870673803,0.013338129632210066,1.1689700972825057
2024-01-03 19:00:00,GEO_02,GEO,0.025282917157288698,-0.74115885825838,-0.3556608270911393,-0.2176598502030434,0.8504039554778835
2024-01-03 19:15:00,GEO_02,GEO,-0.7954044704943213,-1.050745233009955,-0.5710138409353505,-0.4064947144769506,1.263075731747936
2024-01-03 19:30:00,GEO_02,GEO,-0.508761159777117,-1.2537895347560302,-0.4899427570045696,-0.4157855857817484,1.408868253581169
2024-01-03 19:45:00,GEO_02,GEO,-0.8231677084423863,-1.0463582231630548,-0.37925890459298106,-0.7536013008634719,1.3441048205244748
2024-01-03 20:00:00,GEO_02,GEO,-0.5272650297366788,-1.0274395813197437,-0.5531163770281976,-0.5994951862835609,1.3118552885804329
2024-01-03 20:15:00,GEO_02,GEO,-0.8706684024853635,-1.0785782935321333,-0.5042910128517256,-0.8128733604240056,1.4416669729895055
2024-01-03 20:30:00,GEO_02,GEO,-0.9995901077715493,-1.4339058507898155,-0.6490551973442732,-0.5562746699427661,1.6693711829754374
2024-01-03 20:45:00,GEO_02,GEO,-0.5934324707365264,-1.3647461919686956,-0.9071110216232134,-0.29893758233232615,1.665756960716077
2024-01-03 21:00:00,GEO_02,GEO,-1.0490422040672265,-1.255278990511814,-1.0859526309360397,-0.668143235849411,1.7892551087725268
2024-01-03 21:15:00,GEO_02,GEO,-1.2563671248449788,-1.2717261556340023,-0.6926223379146965,-1.025833934873631,1.774640352251795
2024-01-03 21:30:00,GEO_02,GEO,-1.0201144422945034,-1.1065846209697396,-0.6684352969121289,-0.8083467986111937,1.5247163068419365
2024-01-03 21:45:00,GEO_02,GEO,-0.7096567550351927,-1.5535691714597486,-0.7695473545513916,-0.7499248382939263,1.888959386672288
2024-01-03 22:00:00,GEO_02,GEO,-0.45504558485624974,-1.0533800617709033,-0.8658848629855949,-0.7072240029907938,1.5360768017551651
2024-01-03 22:15:00,GEO_02,GEO,-0.7147897172553748,-1.1687278332543,-0.658894596381153,-0.7679190065396837,1.5458869421689505
2024-01-03 22:30:00,GEO_02,GEO,-0.32426543054326756,-1.1697533651809915,-0.5169122730116106,-0.5199204871987224,1.3805211140548488
2024-01-03 22:45:00,GEO_02,GEO,-0.9197941538893504,-1.0791463234164052,-0.30473843677499923,-0.6903440766777807,1.3168132921547049
2024-01-03 23:00:00,GEO_02,GEO,-0.6015929333651637,-0.8685072553058902,-0.27123621773389117,-0.4585956199483143,1.0189130880331927
2024-01-03 23:15:00,GEO_02,GEO,-0.4771095358350222,-1.3530770180551575,0.05678150384799738,-0.11227323146634641,1.3589138436531483
2024-01-03 23:30:00,GEO_02,GEO,-0.33119627241996435,-0.6709101046254415,-0.2527849752981438,-0.2876287146076595,0.7724965305371013
2024-01-03 23:45:00,GEO_02,GEO,-0.19364048866422934,-0.5477106757410118,0.1175816201795487,0.04057190242651065,0.5616569246356976
2024-01-04 00:00:00,GEO_02,GEO,0.059818883434833894,-0.13799612769854108,0.11408604480463536,-0.1562068795487971,0.23761133410957005
2024-01-04 00:15:00,GEO_02,GEO,-0.13390273432577962,-0.21922951149735706,0.33094604010380263,0.48193796391564225,0.6243805420053642
2024-01-04 00:30:00,GEO_02,GEO,0.1263935943639214,0.003424715685318762,0.319347408527334,0.22092009847427102,0.3883299961637407
2024-01-04 00:45:00,GEO_02,GEO,0.1913983390383047,0.42323335328993317,0.6586290134055829,0.3574666477874403,0.8606399089729937
2024-01-04 01:00:00,GEO_02,GEO,0.04718407584440404,0.45306742826474256,0.6426836482090972,0.5352197472359832,0.9511953238221538
2024-01-04 01:15:00,GEO_02,GEO,0.35661721280168335,0.5529876566612213,0.5740405584551393,0.49670212932290175,0.9391650102325265
2024-01-04 01:30:00,GEO_02,GEO,0.46125810111349425,0.37121404367015404,0.7402076225270728,0.7149279237547268,1.093996858692644
2024-01-04 01:45:00,GEO_02,GEO,0.5284403805974043,0.6454878073621186,0.767152405590739,0.8571231748467937,1.3190289836528462
2024-01-04 02:00:00,GEO_02,GEO,0.6308694251570598,0.5654001570300548,0.9466757944053591,1.000579334090586,1.488969912755724
2024-01-04 02:15:00,GEO_02,GEO,0.7252898667245273,0.5905257129342311,0.7607275727764633,0.992384756948538,1.3828429279721757
2024-01-04 02:30:00,GEO_02,GEO,0.6185386977440488,0.782318278920586,0.9352876257035923,0.9301292548751405,1.533598794698964
2024-01-04 02:45:00,GEO_02,GEO,1.0679803760587732,0.6260476589251496,1.0103603940733712,0.9937915047731497,1.5493177053519525
2024-01-04 03:00:00,GEO_02,GEO,0.46885020648136394,1.0852315209912773,0.9855877078457765,1.3576910239452866,1.9981079801930959
2024-01-04 03:15:00,GEO_02,GEO,0.5927446350444161,0.7245433071691496,1.177463364432586,1.0867269229475658,1.758510273954519
2024-01-04 03:30:00,GEO_02,GEO,1.4540175594247495,0.8262883728628184,1.0883937246544455,0.7265270247957006,1.5476417197639618
2024-01-04 03:45:00,GEO_02,GEO,0.4617278058277555,0.9464353147977272,0.9520519484551749,0.8853538397355278,1.6081026519435913
2024-01-04 04:00:00,GEO_02,GEO,0.32665285355747653,0.8665144483403289,0.9734418074538567,0.7228865219558527,1.4903023737842618
2024-01-04 04:15:00,GEO_02,GEO,0.7879544844864004,0.38499671012513914,0.9331049038128758,0.6864418551495454,1.2207004746570578
2024-01-04 04:30:00,GEO_02,GEO,0.005151267984296215,0.6622133394037264,0.872967151938689,0.4583244528993824,1.1877118587324533
2024-01-04 04:45:00,GEO_02,GEO,0.38867117169460663,0.617156980679944,0.4555186198449296,0.510805104515694,0.9215757194212005
2024-01-04 05:00:00,GEO_02,GEO,0.8910186559520015,0.4968542621691613,0.5941008030966315,0.7945051317431665,1.109530678459118
2024-01-04 05:15:00,GEO_02,GEO,-0.1429685105019266,0.05442554564222765,0.28013182365207545,0.4623933761027774,0.5433632421362493
2024-01-04 05:30:00,GEO_02,GEO,-0.335505501506872,-0.011113274992755995,0.575590443057239,-0.1115870183893588,0.5864124194565804
2024-01-04 05:45:00,GEO_02,GEO,-0.32318134452086245,0.1647126831946995,0.276181470944602,0.36414251754518323,0.4858047405928287
2024-01-04 06:00:00,GEO_02,GEO,0.15645312998284314,-0.2377058352450608,0.12454611131215693,0.2272573711810603,0.3516556706618825
2024-01-04 06:15:00,GEO_02,GEO,0.10648121985579201,-0.2944253651724589,0.1577841739197419,-0.10321993248242067,0.34962336257485227
2024-01-04 06:30:00,GEO_02,GEO,-0.40498286909841374,-0.001985539649511203,0.0032639549605333468,-0.02796928852669929,0.028229007605190867
2024-01-04 06:45:00,GEO_02,GEO,-0.22691650631019208,-0.3498105472787794,-0.3149232548848019,-0.38212801814215736,0.606272131723016
2024-01-04 07:00:00,GEO_02,GEO,-0.140714910425983,-0.6231924540037258,-0.2550996035449351,-0.44138935436621135,0.8051516655908935
2024-01-04 07:15:00,GEO_02,GEO,-0.14214794143575293,-0.7718679805028718,-0.37477122557679965,-0.2214590018557204,0.8861589814185996
2024-01-04 07:30:00,GEO_02,GEO,-0.7095691081859852,-0.7161228314445035,-0.6556314636936812,-0.5879919919036601,1.1350855071068635
2024-01-04 07:45:00,GEO_02,GEO,-1.2873227200868183,-1.1144993701206714,-0.5484405248160074,-0.9679715555860628,1.574758644263791
2024-01-04 08:00:00,GEO_02,GEO,-0.9817224549349339,-0.9511436831972447,-0.5325957548284828,-0.7520827012788477,1.3243719015858915
2024-01-04 08:15:00,GEO_02,GEO,-0.9402856687915148,-0.9095527816178148,-0.600913006460769,-0.788260355442492,1.3452646921125777
2024-01-04 08:30:00,GEO_02,GEO,-0.9351399222481896,-0.7546417277798333,-0.7996027692793144,-0.6640875857352339,1.2844691695300952
2024-01-04 08:45:00,GEO_02,GEO,-0.9324015784195896,-0.9456240901390657,-0.435146964379889,-0.8357011608646335,1.3348985844366097
2024-01-04 09:00:00,GEO_02,GEO,-0.6151041766818521,-1.174668585956921,-0.6369671630998541,-0.8685381153900227,1.5937163836726913
2024-01-04 09:15:00,GEO_02,GEO,-0.574408094890166,-0.8495489322558144,-0.6383443305271358,-0.6724463241355219,1.2575376461388768
2024-01-04 09:30:00,GEO_02,GEO,-0.9173370744507529,-1.09725300597347,-0.5599786821300119,-0.7541803512049825,1.4444127823103585
2024-01-04 09:45:00,GEO_02,GEO,-0.5761706409385583,-1.238132795650713,-0.7026018847825017,-0.8695743021334337,1.668167166412474
2024-01-04 10:00:00,GEO_02,GEO,-0.7220495155540125,-1.0489439075196645,-0.4473161518608991,-0.502008458027484,1.2459484551013327
2024-01-04 10:15:00,GEO_02,GEO,-0.7654762826865377,-0.745364282369618,-0.517797886706831,-0.6208246380869366,1.099593468590193
2024-01-04 10:30:00,GEO_02,GEO,-0.477096744987507,-0.8736345107499062,-0.5453631163886198,-0.5516363835693426,1.1683154055167628
2024-01-04 10:45:00,GEO_02,GEO,-0.6064184731975621,-0.8111462166575741,-0.23952251080951922,-0.4326858278682316,0.9500243384358158
2024-01-04 11:00:00,GEO_02,GEO,-0.035565717965587273,-0.39702278310299693,-0.004267713272303575,-0.5811283183735194,0.7038149089746951
2024-01-04 11:15:00,GEO_02,GEO,-0.7958415012678028,-0.8470104272137056,-0.020535646910545352,-0.44550185873793424,0.9572461975592972
2024-01-04 11:30:00,GEO_02,GEO,-0.4681088938976128,-0.7197635127940387,0.11786066845281612,-0.3174794248658311,0.795451970096811
2024-01-04 11:45:00,GEO_02,GEO,-0.2841805673514071,-0.7419652799007856,0.008579148661007924,-0.24328008467675066,0.7808785295872372
2024-01-04 12:00:00,GEO_02,GEO,-0.03110795123132419,-0.29261848708055993,-0.0405157976600764,0.11667009781089253,0.3176145786398214
2024-01-04 12:15:00,GEO_02,GEO,0.2820151698940524,-0.22956141995790125,0.5293857731361226,0.07093501245095324,0.5813600591057447
2024-01-04 12:30:00,GEO_02,GEO,0.06310669191661722,0.18785120839054945,0.7229774835634695,0.2692330336376406,0.7940220051329078
2024-01-04 12:45:00,GEO_02,GEO,-0.19567042740175053,0.07457751615721198,0.7416510672207445,0.18541810069119816,0.7681067526651356
2024-01-04 13:00:00,GEO_02,GEO,0.4666660864632344,0.10396783498768784,0.589792602832435,0.4205055709587685,0.7317715219077915
2024-01-04 13:15:00,GEO_02,GEO,0.5254690860076505,0.28242833067566936,0.506807260544539,0.44019874822482263,0.728281744414623
2024-01-04 13:30:00,GEO_02,GEO,-0.06635380427779813,0.3533001724333016,0.6377055112097835,0.43569934881218664,0.8493075140513566
2024-01-04 13:45:00,GEO_02,GEO,0.46098823994662896,0.10142919552959728,0.5794122776504032,0.5026840363832704,0.7737555877875043
2024-01-04 14:00:00,GEO_02,GEO,0.11437443159116867,0.9539619190156308,0.8486793617134197,0.36576563420577146,1.3281884283098662
2024-01-04 14:15:00,GEO_02,GEO,0.4102154134182584,0.5693747468107059,1.1380173626432384,0.6584334325038561,1.4327615660053272
2024-01-04 14:30:00,GEO_02,GEO,0.37231604688683295,0.5307392136480811,0.9143458419381969,0.5838838181752977,1.2077386905702814
2024-01-04 14:45:00,GEO_02,GEO,0.8108700389176564,0.6141457528027303,1.0169971092391918,0.5655954659971294,1.31581015235596
2024-01-04 15:00:00,GEO_02,GEO,0.6367645117262911,0.6933676489199048,1.154108855502848,0.8591737894601175,1.5971554549930536
2024-01-04 15:15:00,GEO_02,GEO,0.2622908229973992,0.4563878417749261,0.8941499245437677,0.450014242521009,1.1001394312328587
2024-01-04 15:30:00,GEO_02,GEO,0.7543331250901045,0.38898191730040466,1.210997069242263,0.556938708281744,1.3885249578176788
2024-01-04 15:45:00,GEO_02,GEO,0.13751543991795284,0.5412395165970343,1.1753083030245048,0.7359884033177935,1.4886130294011293
2024-01-04 16:00:00,GEO_02,GEO,0.532138045105863,0.4053612041508015,0.8202148851973535,0.520208949978195,1.0524673464613103
2024-01-04 16:15:00,GEO_02,GEO,0.18578777702800872,0.17295024338513176,0.6981736080775071,0.37001204759405126,0.8088677821916777
2024-01-04 16:30:00,GEO_02,GEO,0.22576000427872236,0.530157186538964,0.8000105366683664,0.35539657260283575,1.0234208445391173
2024-01-04 16:45:00,GEO_02,GEO,0.3639420796824402,0.29286727044144567,0.5591782235355112,0.27597592259469034,0.6889225164154119
2024-01-04 17:00:00,GEO_02,GEO,0.29272869328266604,0.31229726251664247,0.3606650868997422,-0.08126438814502224,0.483955355238861
2024-01-04 17:15:00,GEO_02,GEO,0.39969411538827526,0.4110325246894543,0.6366448069255501,0.0021210358593694023,0.7578052819365767
2024-01-04 17:30:00,GEO_02,GEO,-0.06172427838171042,0.0849159949608439,0.5153068059280183,0.2553938632853728,0.5813586292812329
2024-01-04 17:45:00,GEO_02,GEO,-0.07092521683180203,0.029439289056625906,0.24159475925121593,-0.21390274737224882,0.32402019191897385
2024-01-04 18:00:00,GEO_02,GEO,-0.35444797916433635,0.02600997198139672,-0.0544816514450904,-0.2372272365241883,0.24478874715877064
2024-01-04 18:15:00,GEO_02,GEO,-0.28664170980858916,-0.3098196651676076,-0.15466759346995085,-0.4431906762508959,0.5624306756481913
2024-01-04 18:30:00,GEO_02,GEO,-0.3322275368022514,-0.29998600551632876,-0.04729819135555299,-0.6166377111682666,0.6873651062179312
2024-01-04 18:45:00,GEO_02,GEO,-0.5640307369161962,-0.40914269740638476,-0.2520279409304249,-0.7850907862885473,0.9204799685847442
2024-01-04 19:00:00,GEO_02,GEO,-1.0793824086864965,-0.708064643396594,-0.3591061450042825,-0.7574725116833649,1.0973045924282319
2024-01-04 19:15:00,GEO_02,GEO,-0.6437189087222743,-0.2806225894192728,-0.2599178875288619,-0.8982610166062363,0.9763089674402836
2024-01-04 19:30:00,GEO_02,GEO,-0.7127214805829459,-1.023663041218077,-0.3948889704042755,-0.893585519008427,1.4150330033905043
2024-01-04 19:45:00,GEO_02,GEO,-1.0593935305192295,-1.1395553611579714,-0.37129196674922776,-1.198207131443146,1.694740238372122
2024-01-04 20:00:00,GEO_02,GEO,-1.2885765590915326,-0.7240210545654199,-0.7821713719618257,-1.124920848460791,1.5496597877832456
2024-01-04 20:15:00,GEO_02,GEO,-0.6386011829085949,-0.8455995016989729,-0.7181586824464228,-1.1447862542956546,1.5941536872180828
2024-01-04 20:30:00,GEO_02,GEO,-0.9211136575292842,-1.2075595888726034,-0.5971412729766906,-1.035241464129498,1.698971085576026
2024-01-04 20:45:00,GEO_02,GEO,-1.1171225186958156,-0.8715382607428849,-0.6571362896527099,-1.2422960497775415,1.6536948081221476
2024-01-04 21:00:00,GEO_02,GEO,-1.3489357739135264,-0.7738218404795623,-0.5023414339484318,-0.986959055653205,1.35101270704624
2024-01-04 21:15:00,GEO_02,GEO,-1.2727846562117726,-0.9913654244607113,-0.6491794585070154,-0.8943142834033481,1.4846000847578018
2024-01-04 21:30:00,GEO_02,GEO,-0.7192897756187848,-0.47088096584208605,-0.4211640256145394,-1.2647284230055487,1.4137347715969648
2024-01-04 21:45:00,GEO_02,GEO,-0.9892356316048585,-1.274479811515815,-0.5626638374017883,-1.1358245532926818,1.7974945896284675
2024-01-04 22:00:00,GEO_02,GEO,-1.095303994074843,-0.692611641125226,-0.45488145459502893,-1.150536518586624,1.4178724568021264
2024-01-04 22:15:00,GEO_02,GEO,-0.7857177044228157,-0.5487963389837871,-0.5644304523237552,-0.5693660695265217,0.9715641400960034
2024-01-04 22:30:00,GEO_02,GEO,-1.047145310412003,-0.557940938234568,-0.4487054339347947,-0.98635550887955,1.2188239605856617
2024-01-04 22:45:00,GEO_02,GEO,-0.3992839243488546,-0.7240827066527286,-0.2649956043672168,-0.5013183304672033,0.9196947889761645
2024-01-04 23:00:00,GEO_02,GEO,-0.3392107420310125,-0.6573584986182438,-0.0698697146374408,-0.9459125576310127,1.1540158315262372
2024-01-04 23:15:00,GEO_02,GEO,-0.70104916218047,-0.4326797836316617,-0.11770704038740658,-0.826181262333426,0.9400224575780929
2024-01-04 23:30:00,GEO_02,GEO,-0.6455671334380636,-0.259775211582281,-0.118602658556826,-0.6444020267106451,0.7048430486272478
2024-01-04 23:45:00,GEO_02,GEO,-1.0266565555801808,-0.2029958525140022,0.24333659125511953,-0.5519064441913545,0.6364123945379225
2024-01-05 00:00:00,GEO_02,GEO,-0.6344690848662102,0.00625620006582317,-0.17923444345318978,-0.34395802815322835,0.38790623981871614
2024-01-05 00:15:00,GEO_02,GEO,-0.48496119868060633,-0.2706141494032487,0.04617948103276906,-0.34298127714226306,0.43931847081113895
2024-01-05 00:30:00,GEO_02,GEO,-0.022351251436406712,-0.0919834735825448,0.41869043107190995,-0.2768097824378227,0.5102806013721933
2024-01-05 00:45:00,GEO_02,GEO,-0.05248814919730874,-0.12324477524313748,0.4342816443442306,0.19187139238643394,0.49051447731475695
2024-01-05 01:00:00,GEO_02,GEO,-0.20891888001078163,-0.011730326704421604,0.5981506241448044,0.297591932350493,0.6681936305664039
2024-01-05 01:15:00,GEO_02,GEO,0.14338288185837286,0.3433854333808546,0.5974382777069825,0.3571184486504804,0.7761311988924093
2024-01-05 01:30:00,GEO_02,GEO,0.42937214442455646,0.2265670235853775,0.7293231197196772,0.36570701518245896,0.8467505241141826
2024-01-05 01:45:00,GEO_02,GEO,0.5060024928815656,0.7542229545585695,0.6169649798231555,0.3241522507721593,1.0269239179179253
2024-01-05 02:00:00,GEO_02,GEO,-0.03735535057669298,0.4281305977614769,0.8982620310813645,0.3240999564608704,1.0465234192314838
2024-01-05 02:15:00,GEO_02,GEO,0.43479699896679624,0.4189694070877128,1.008853583568309,0.31784401690753916,1.137693164362856
2024-01-05 02:30:00,GEO_02,GEO,0.1803118980366864,0.5018389930455593,1.0598213143202269,0.652460697237599,1.3419271793462593
2024-01-05 02:45:00,GEO_02,GEO,0.7725244236056922,0.3752631794709524,1.2298592615504629,0.3889856348323488,1.343386050692065
2024-01-05 03:00:00,GEO_02,GEO,0.7608526226297493,0.5520042998728898,0.9687573075466905,0.4576926821191824,1.2052726078645957
2024-01-05 03:15:00,GEO_02,GEO,0.325524147713052,0.7476639950473948,0.9236917358708465,0.7524620155710728,1.406558550961747
2024-01-05 03:30:00,GEO_02,GEO,0.3439294555113452,0.5165800634748181,0.6560601831449323,0.8610634740382328,1.199458307825078
2024-01-05 03:45:00,GEO_02,GEO,0.37253345973147134,0.34625155237701605,0.7442752192569508,0.6211847144929923,1.0294203169955487
2024-01-05 04:00:00,GEO_02,GEO,-0.11440069322533303,0.2623153834686519,0.7689019885255557,0.615676953952299,1.0193516272566798
2024-01-05 04:15:00,GEO_02,GEO,0.47186120166434353,0.2609073007489739,0.8834675060383579,0.33244392988107735,0.9793397879819477
2024-01-05 04:30:00,GEO_02,GEO,0.2523664451274357,0.27039019676763343,0.5890864651889022,0.06713262026640182,0.651644466469737
2024-01-05 04:45:00,GEO_02,GEO,0.49409392209121383,0.39281079401644753,0.7432289920500881,0.279573971980336,0.8859183147042867
2024-01-05 05:00:00,GEO_02,GEO,-0.12411501935284114,-0.10106439705074333,0.5172414066380624,0.20078625001485212,0.5639750023601918
2024-01-05 05:15:00,GEO_02,GEO,-0.10573593717003882,-0.08008147982033945,0.3871383137926525,0.06842698765145037,0.40121237525216674
2024-01-05 05:30:00,GEO_02,GEO,-0.42057811306688614,-0.09426458685073119,0.3483664347144646,-0.085926118187818,0.3709828607316425
2024-01-05 05:45:00,GEO_02,GEO,-0.3717917180665346,-0.5301248440905986,0.1857108307670315,0.014487941557012829,0.5618992466953678
2024-01-05 06:00:00,GEO_02,GEO,-0.5222093294119222,-0.44745536131712654,0.062314456481003644,-0.4011735778779597,0.6041850970070071
2024-01-05 06:15:00,GEO_02,GEO,-0.07505261678027686,-0.47716123572892455,-0.23822677705636033,-0.4712987187087072,0.711728406378082
2024-01-05 06:30:00,GEO_02,GEO,-0.6028686299667638,-0.6036873396248676,-0.12150113724196525,-0.6524231853921543,0.897138196272841
2024-01-05 06:45:00,GEO_02,GEO,-0.4732411032833143,-0.5321407869851401,-0.2664834840797454,-0.5340550474370058,0.7996261990163821
2024-01-05 07:00:00,GEO_02,GEO,-0.7153407406224066,-0.6688543446176214,-0.3631084816569328,-0.8077596181551214,1.1098150767074568
2024-01-05 07:15:00,GEO_02,GEO,-1.0243233279880384,-0.8242888022133997,-0.3488511439672356,-0.8157516571659492,1.2110325826626807
2024-01-05 07:30:00,GEO_02,GEO,-0.8486484056755307,-0.7411873286246826,-0.34803305245249416,-0.9288346800981538,1.2382324194860324
2024-01-05 07:45:00,GEO_02,GEO,-0.7576571320391177,-0.5598338557402831,-0.5076833827980984,-0.9440186807728984,1.209267395099428
2024-01-05 08:00:00,GEO_02,GEO,-1.265431874788847,-0.6580917862087627,-0.4641194657804596,-1.2089360910087146,1.4525901520164626
2024-01-05 08:15:00,GEO_02,GEO,-0.8075268380848624,-1.3692699904929453,-0.5732617417763098,-1.058491327538199,1.8231657143338722
2024-01-05 08:30:00,GEO_02,GEO,-1.2612453873669973,-0.9738484027969488,-0.6945835519562025,-0.968405158505778,1.539037222843835
2024-01-05 08:45:00,GEO_02,GEO,-1.1933447261969334,-1.0835467950076894,-0.7686601790997983,-1.1931838342854733,1.7856650834648007
2024-01-05 09:00:00,GEO_02,GEO,-0.9112936431142077,-1.1486101068146035,-0.6249832521947573,-0.9552334309963297,1.6193764697233346
2024-01-05 09:15:00,GEO_02,GEO,-1.2085101235343516,-1.2295316254683546,-0.5672785958590731,-1.0084716148857997,1.6883625266444018
2024-01-05 09:30:00,GEO_02,GEO,-1.0091617017376797,-1.1175549520362413,-0.4220921638777191,-1.1183053110198464,1.636367206431031
2024-01-05 09:45:00,GEO_02,GEO,-1.0741552583513978,-1.1410004516005032,-0.4412559306588567,-1.2312926353384377,1.735704577609001
2024-01-05 10:00:00,GEO_02,GEO,-0.9160419411792778,-1.2178103251234245,-0.6354303225934468,-1.2130490129353184,1.8325723971051684
2024-01-05 10:15:00,GEO_02,GEO,-1.491216612782181,-1.2025662888606647,-0.5318702193328729,-1.0507677009190626,1.6832006329050742
2024-01-05 10:30:00,GEO_02,GEO,-1.2924324789357744,-1.0347417015261517,-0.32831959878488587,-1.0920054457852566,1.5397922072306254
2024-01-05 10:45:00,GEO_02,GEO,-0.5832650413154101,-0.9316599857882598,-0.2156400646366787,-1.2189820270688032,1.5493250623778922
2024-01-05 11:00:00,GEO_02,GEO,-0.37975364270664225,-0.7329399706266136,-0.15268424616125456,-0.712605491567224,1.033595697639912
2024-01-05 11:15:00,GEO_02,GEO,-0.7743392578828423,-0.6230477678180553,-0.21792083853160865,-0.8417430270161268,1.0696772113023876
2024-01-05 11:30:00,GEO_02,GEO,-0.5399101548808014,-0.7450254475437416,-0.313878773573644,-0.7553809203402834,1.1064280983425814
2024-01-05 11:45:00,GEO_02,GEO,-0.31023962960900087,-0.4789228697749296,-0.16242390709340898,-0.5452182823030987,0.7436475079945364
2024-01-05 12:00:00,GEO_02,GEO,-0.07656074071960628,-0.28717420996498383,0.132916223421137,-0.5003696382009326,0.5920350700346073
2024-01-05 12:15:00,GEO_02,GEO,-0.6584414677916203,-0.12569062636603648,0.2691131474830717,-0.5633069583465697,0.6368161029890781
2024-01-05 12:30:00,GEO_02,GEO,-0.2602247986846348,-0.26058702311852167,0.12415996562457379,-0.22856032102678545,0.3681862491043569
2024-01-05 12:45:00,GEO_02,GEO,-0.008443753860921915,-0.2684698825996719,0.4066780111620793,-0.04918078223579314,0.48977732896404097
2024-01-05 13:00:00,GEO_02,GEO,0.3438183696461543,-0.061594966239790654,0.6336825026811876,-0.31372840661495516,0.7097696578380432
2024-01-05 13:15:00,GEO_02,GEO,0.8662717089346919,-0.24696771628102826,0.45153932154185394,0.15027619066681164,0.5361564559574679
2024-01-05 13:30:00,GEO_02,GEO,0.23063208824735001,-0.030017264270710532,0.891276643473193,-0.22309230798754215,0.919263438432285
2024-01-05 13:45:00,GEO_02,GEO,0.010234343614329011,0.19036484850153498,0.7383624644333817,0.4479417041913051,0.8843470330039899
2024-01-05 14:00:00,GEO_02,GEO,0.5078799246113088,0.23694222815033886,1.0006683054042833,0.06299414988863049,1.0302654705665517
2024-01-05 14:15:00,GEO_02,GEO,0.7832108941418112,0.11418666612688402,0.7799334798000714,0.22202131914086498,0.818918978768517
2024-01-05 14:30:00,GEO_02,GEO,0.49572909737254633,0.25273167483060355,0.7615904364279383,-0.10069384390758374,0.8087227847180172
2024-01-05 14:45:00,GEO_02,GEO,0.25672074719420546,0.03477051296888839,0.8439896731856695,0.20786725144067236,0.8699059439029444
2024-01-05 15:00:00,GEO_02,GEO,0.7277478878892314,0.2875667486898822,0.8882899375697058,0.28475295885910457,0.9761341586680985
2024-01-05 15:15:00,GEO_02,GEO,0.6483245898593828,0.13367371458004812,0.8492548587687129,0.20100957973861677,0.8828971221261229
2024-01-05 15:30:00,GEO_02,GEO,0.18985652465063846,0.14384223875196023,0.8516641961899504,0.08024249460416188,0.8674453012503722
2024-01-05 15:45:00,GEO_02,GEO,0.5207600891089298,0.08876317617052423,0.9074174350695174,0.004414363331880278,0.9117591729813566
2024-01-05 16:00:00,GEO_02,GEO,0.6194430832753748,0.13360884436887813,0.7915882802489502,0.26123228139691246,0.8442189488307599
2024-01-05 16:15:00,GEO_02,GEO,0.585536146438442,0.006019710150587276,0.7569654999081549,0.00919466477817012,0.757045273957828
2024-01-05 16:30:00,GEO_02,GEO,0.20177668120396036,0.11734441802917896,0.44106144880564657,0.20397118358098842,0.4999091495427664
2024-01-05 16:45:00,GEO_02,GEO,0.04945869680703707,-0.16098311354320557,0.6685622688317034,-0.13493113347778057,0.7007834764983105
2024-01-05 17:00:00,GEO_02,GEO,0.3597929142513297,0.10287952328286382,0.4921581896968437,-0.18569059978047175,0.53598962568637
2024-01-05 17:15:00,GEO_02,GEO,-0.32758088292405857,0.007018543092930041,0.6689582533301559,-0.06027823193288556,0.6717051956704184
2024-01-05 17:30:00,GEO_02,GEO,-0.017898675619124768,-0.4673364635086955,0.18902556585674174,-0.5353585369966833,0.7353521590418463
2024-01-05 17:45:00,GEO_02,GEO,-0.5744612503559768,-0.3843185522453469,-0.015660952659591942,-0.6115851246401159,0.7224834805857028
2024-01-05 18:00:00,GEO_02,GEO,-0.08356741281514163,-0.5757774185723771,0.22437208328450178,-0.3374727161179757,0.704095378211888
2024-01-05 18:15:00,GEO_02,GEO,-0.5087482985831697,-0.6565015538962342,0.08513731608087799,-0.8105311875670858,1.0465196887190111
2024-01-05 18:30:00,GEO_02,GEO,-0.22716112643861325,-0.35450808318838617,-0.22253560280419868,-1.0058077410781625,1.0894252097202854
2024-01-05 18:45:00,GEO_02,GEO,-0.5251252045970677,-0.8949408804959266,-0.41719335390959184,-0.5026781789948083,1.1079958599952866
2024-01-05 19:00:00,GEO_02,GEO,-1.0700790204472455,-0.8565277989198091,-0.10474882734267268,-1.1102732447582362,1.4061717054392966
2024-01-05 19:15:00,GEO_02,GEO,-0.4765937991782683,-0.9229123028036305,-0.23040519571309567,-0.9522033543676207,1.3459364401586127
2024-01-05 19:30:00,GEO_02,GEO,-0.5374075112361607,-1.2517157760762063,-0.8764590905249248,-1.0461993362475719,1.8518925380827846
2024-01-05 19:45:00,GEO_02,GEO,-0.7794916411661409,-1.3266820988507546,-0.6475107299332362,-1.6256801618288759,2.1959488895130677
2024-01-05 20:00:00,GEO_02,GEO,-1.2426934464266612,-1.4448951343646552,-0.37756476197276023,-1.282067100481751,1.9682411307895906
2024-01-05 20:15:00,GEO_02,GEO,-1.187920982557499,-1.4071148702493512,-0.7395435137017116,-1.1593373102455569,1.9674755057338134
2024-01-05 20:30:00,GEO_02,GEO,-1.1249721568434992,-1.8667264703031587,-0.791625278687111,-1.194545836860929,2.3533546382023927
2024-01-05 20:45:00,GEO_02,GEO,-1.3814505726620454,-1.197658284661033,-0.8098962485651138,-1.124685372862089,1.8317299168237082
2024-01-05 21:00:00,GEO_02,GEO,-0.7782672134651036,-0.9407289870878357,-0.9252588641951203,-1.2684490485454731,1.8303108975457874
2024-01-05 21:15:00,GEO_02,GEO,-1.1626765408071622,-1.347544237895916,-0.9714749997429226,-1.1312473002115226,2.00981581306543
2024-01-05 21:30:00,GEO_02,GEO,-1.8160175518080264,-1.600444630416801,-0.5252647154905321,-1.3763509495296038,2.1752397506114955
2024-01-05 21:45:00,GEO_02,GEO,-1.0311491106368618,-1.4237154445636024,-0.8912232040629744,-1.393660947193512,2.18255247411867
2024-01-05 22:00:00,GEO_02,GEO,-1.1651822682497397,-1.3444998628445672,-0.5279544062535741,-1.3246389457561951,1.959868381520991
2024-01-05 22:15:00,GEO_02,GEO,-1.0427337762595006,-1.3483617744447425,-0.33973232512201024,-1.2991995987562008,1.903002134766237
2024-01-05 22:30:00,GEO_02,GEO,-1.041219830833936,-0.9114785479752919,-0.597525213634771,-0.8710710492005264,1.3952040342199885
2024-01-05 22:45:00,GEO_02,GEO,-0.6712886120769741,-0.8280027662769067,-0.42653078957316154,-1.1817215060300914,1.5046537187107676
2024-01-05 23:00:00,GEO_02,GEO,-0.495534289308583,-1.075485393593686,-0.03523796259404263,-0.7817296054731534,1.3300420000565232
2024-01-05 23:15:00,GEO_02,GEO,-0.6195654466195777,-0.6437066355413088,-0.06435211597167367,-0.8125627628439055,1.03863259674943
2024-01-05 23:30:00,GEO_02,GEO,-0.6896547035708033,-0.3331585964401012,-0.14181269280001269,-0.6889701023299777,0.7783221004993427
2024-01-05 23:45:00,GEO_02,GEO,-0.5311601410855302,-0.2128841543581239,0.22590116126964835,-0.3579304271289646,0.4737775728171103
2024-01-06 00:00:00,GEO_02,GEO,-0.43530202353886976,0.07311202162565461,0.33546773386941015,-0.5327205703562718,0.6337784898956252
2024-01-06 00:15:00,GEO_02,GEO,-0.5394246953080294,-0.49495286052888976,0.34803278916792757,-0.29623737297907643,0.6736926136089679
2024-01-06 00:30:00,GEO_02,GEO,-0.09185837096175914,0.3109335471737063,0.28723889101618405,-0.23713054694532262,0.4851976376331799
2024-01-06 00:45:00,GEO_02,GEO,-0.02694661361713588,-0.18924180887934133,0.48404552534046263,-0.13171922262156036,0.5361552820201231
2024-01-06 01:00:00,GEO_02,GEO,0.35532857731950085,-0.19785994374920457,0.672856011933786,0.34913737050170446,0.783441557243884
2024-01-06 01:15:00,GEO_02,GEO,0.3891444838928058,0.06344256670357679,0.6881475620210606,-0.17480304833688493,0.7128310684119588
2024-01-06 01:30:00,GEO_02,GEO,-0.018448711490358594,-0.008338887703299061,0.9047448777814168,0.34423667956827836,0.9680556401777909
2024-01-06 01:45:00,GEO_02,GEO,0.40818501875529845,0.29386231478718294,0.6058599049153865,0.2849845812583819,0.7311890972868631
2024-01-06 02:00:00,GEO_02,GEO,0.019496888735412776,-0.00028859814888312907,0.6829044397493237,0.14561947991699647,0.6982575384838503
2024-01-06 02:15:00,GEO_02,GEO,0.4729785484413681,0.2849799416514997,0.9733421280887924,0.5263380051613575,1.1426461224427047
2024-01-06 02:30:00,GEO_02,GEO,0.19813937387968455,0.6808823384605801,0.9323284362609224,0.05882367956089446,1.1559832598984154
2024-01-06 02:45:00,GEO_02,GEO,0.08593084907746035,0.4485516363494352,0.9395119893065103,0.3315763558183164,1.0926226376293817
2024-01-06 03:00:00,GEO_02,GEO,0.41303315479747127,0.44706890532665733,0.7771436678279176,0.2640595975943846,0.9346391590537563
2024-01-06 03:15:00,GEO_02,GEO,-0.3349327292183528,0.48786991399347074,1.0744178053083853,0.5356380853844783,1.2958776299705281
2024-01-06 03:30:00,GEO_02,GEO,-0.13011072816269403,0.5952070776224581,1.0437232403197827,0.22898301731978438,1.2231364968213345
2024-01-06 03:45:00,GEO_02,GEO,0.23406484827734847,0.07511234823842178,1.1377622686562934,0.44619306322045277,1.2244317435046579
2024-01-06 04:00:00,GEO_02,GEO,0.25887945583601596,0.41242174823165606,1.0007237792537493,0.3371001504035225,1.1336561613560083
2024-01-06 04:15:00,GEO_02,GEO,0.07825890674098694,0.2583333268844608,0.9297987705510363,0.18660847354426702,0.9828960188625925
2024-01-06 04:30:00,GEO_02,GEO,-0.2764449166003738,0.22882377437723062,1.0699436057495995,0.28307354742375396,1.1301638254942352
2024-01-06 04:45:00,GEO_02,GEO,-0.1755126895317487,0.24948586438325732,0.638251971136619,0.18480197148373034,0.7097609061163584
2024-01-06 05:00:00,GEO_02,GEO,0.021010026997613368,-0.2024771942910263,0.7696933526909727,0.005093141848115101,0.7958962316021613
2024-01-06 05:15:00,GEO_02,GEO,-0.019821995508009504,-0.3447949036611727,0.3590756331984203,0.5943573001820908,0.7752931292274605
2024-01-06 05:30:00,GEO_02,GEO,-0.27783192141664653,-0.6168033799114129,0.4059070355636904,-0.028885645979189467,0.7389460816148096
2024-01-06 05:45:00,GEO_02,GEO,-0.08297024840472483,-0.35735348005527207,0.2606130769376773,-0.37580351646619603,0.5803869128149738
2024-01-06 06:00:00,GEO_02,GEO,-0.4064027953171192,-0.12377450934491147,0.45274978850410436,-0.2837813834089079,0.5484837041549716
2024-01-06 06:15:00,GEO_02,GEO,-0.7801938380061904,-0.529833012299653,0.19055460230971424,-0.42781213059968914,0.7071472947499573
2024-01-06 06:30:00,GEO_02,GEO,-0.7582267075748195,-0.8543710600924554,0.08016178168769629,-0.16747860937882203,0.874313962010396
2024-01-06 06:45:00,GEO_02,GEO,-1.1567072735296544,-0.8020240404127238,-0.1683732458104483,-0.3381300578481974,0.8865235740380069
2024-01-06 07:00:00,GEO_02,GEO,-0.9456226162957623,-1.071229896008661,-0.13826140924553365,-0.37166744627834764,1.1422724710034624
2024-01-06 07:15:00,GEO_02,GEO,-0.7081654275838234,-1.0700661360108086,-0.26786152463180224,-0.6040485525087158,1.2576430278910826
2024-01-06 07:30:00,GEO_02,GEO,-0.9036728755666678,-0.9147814393010391,-0.18553235552109937,-0.6760929368985604,1.1525402361562087
2024-01-06 07:45:00,GEO_02,GEO,-0.8049950453377784,-1.2056628864684897,-0.4454145804649881,-0.7577530270388549,1.4920478525452459
2024-01-06 08:00:00,GEO_02,GEO,-1.3184829802084725,-0.8449475597095055,-0.1705481614966948,-0.8084994296636292,1.1818182524463585
2024-01-06 08:15:00,GEO_02,GEO,-0.95851777786476,-1.0798703192813528,-0.6717616018392094,-0.6996569342842918,1.4515176133490373
2024-01-06 08:30:00,GEO_02,GEO,-1.381683624675625,-1.1098174795730056,-0.628851538948488,-0.8795269518678974,1.5494246529165898
2024-01-06 08:45:00,GEO_02,GEO,-0.9792426238190985,-1.1515135611628577,-0.28476539899970077,-0.8367996995584395,1.4516571741256679
2024-01-06 09:00:00,GEO_02,GEO,-1.3787145922447923,-0.9806283145327601,-0.5944225433500113,-0.8442487671310823,1.4239824549861597
2024-01-06 09:15:00,GEO_02,GEO,-1.2104926972735857,-0.9643243550429631,-0.7294444126573233,-0.796668229210481,1.4479954697164552
2024-01-06 09:30:00,GEO_02,GEO,-0.9951469478330706,-1.0606886153567252,-0.5241842547690273,-0.9061791184090606,1.490298650048288
2024-01-06 09:45:00,GEO_02,GEO,-1.3690497133344357,-1.0242478394500178,-0.5801748146212355,-0.8724070989855365,1.4651896117906291
2024-01-06 10:00:00,GEO_02,GEO,-1.2417161438867972,-1.095806239550529,-0.5940830416572557,-0.66904475868588,1.4146896706160172
2024-01-06 10:15:00,GEO_02,GEO,-0.9056803583059911,-0.920751058655137,-0.5647444857387098,-0.8938991524187013,1.4020608192520423
2024-01-06 10:30:00,GEO_02,GEO,-1.1946730306147424,-1.0438857464909586,0.09630696795923843,-0.884817109204983,1.3718140546540374
2024-01-06 10:45:00,GEO_02,GEO,-1.4027408623036919,-0.9302061953778448,-0.30727293280870893,-0.8939201622370366,1.3261951129491016
2024-01-06 11:00:00,GEO_02,GEO,-0.45374268660039996,-0.8710037385792847,-0.47893382360801323,-0.5640438207315626,1.14287818761246
2024-01-06 11:15:00,GEO_02,GEO,-1.0469720174127635,-0.8358453776376412,0.09977510865110609,-0.829976320286969,1.182139272616238
2024-01-06 11:30:00,GEO_02,GEO,-0.7958284589104883,-0.7859583695027846,0.09865134327074258,-0.3567281031385511,0.8687448334749545
2024-01-06 11:45:00,GEO_02,GEO,-0.434232720974738,-0.4778149078473547,-0.03420722436083569,-0.34534031636974305,0.5905397145577957
2024-01-06 12:00:00,GEO_02,GEO,-0.7850864884037658,-0.29396270257162144,0.08301528472758962,-0.031170093959614537,0.30704589682825195
2024-01-06 12:15:00,GEO_02,GEO,-0.7885018264177246,-0.2708823041897094,0.4183273461400265,-0.19100194802096682,0.5337197161427408
2024-01-06 12:30:00,GEO_02,GEO,-0.3758664385678746,-0.5963784832182217,0.383182070155034,-0.062327949445184536,0.7116042210498794
2024-01-06 12:45:00,GEO_02,GEO,-0.8270018585009731,-0.06880949578453252,0.23316123862930338,0.17772713343050228,0.301140903675831
2024-01-06 13:00:00,GEO_02,GEO,-0.3396974245926685,-0.2294262790821966,0.8495013649883574,0.2897199630804633,0.9264052264845711
2024-01-06 13:15:00,GEO_02,GEO,-0.13355541313832947,0.054656806002195274,0.6352168993762388,0.10584156767206683,0.6462896511184478
2024-01-06 13:30:00,GEO_02,GEO,-0.18053273683878146,-0.11509016205200773,0.9665710107393258,0.39572927842218275,1.0507649242353594
2024-01-06 13:45:00,GEO_02,GEO,-0.43394591252920306,0.20511268581534564,1.008469903537511,0.547584080904484,1.1657319957363057
2024-01-06 14:00:00,GEO_02,GEO,0.4210221849559401,0.28828739237933454,0.7275299417001184,0.6085490162655696,0.9913331134754082
2024-01-06 14:15:00,GEO_02,GEO,0.09680987927743319,0.03145251777754504,1.0481843204401253,0.4832051231178627,1.1546284343884932
2024-01-06 14:30:00,GEO_02,GEO,0.45683115141984293,0.41810885238677326,0.8901009025909965,0.6778201464363869,1.1943763142965185
2024-01-06 14:45:00,GEO_02,GEO,0.04104345778015184,0.6570589540826856,0.7416635352048273,0.15932534321543018,1.0035815032091162
2024-01-06 15:00:00,GEO_02,GEO,-0.09978230878502103,0.45921973549046347,0.9664761104000127,0.3943791845646834,1.1403919408062182
2024-01-06 15:15:00,GEO_02,GEO,0.1556300654912776,0.7268335557355143,1.0993477186919165,0.5740936293898141,1.4375103198385122
2024-01-06 15:30:00,GEO_02,GEO,0.019759465658001685,0.43928443665997774,0.9235429226345375,0.5851398968721402,1.1782576310601838
2024-01-06 15:45:00,GEO_02,GEO,-0.26965545460896934,0.6397455504120595,0.9466892532681451,0.7030673311224568,1.3415657209458958
2024-01-06 16:00:00,GEO_02,GEO,0.35946372249484404,0.03416971234598554,1.0556346256558964,0.5971767658317918,1.2133227607585668
2024-01-06 16:15:00,GEO_02,GEO,-0.2212664431371062,0.785574206592258,0.8307038099051748,0.26166319668198146,1.1728867304014747
2024-01-06 16:30:00,GEO_02,GEO,-0.5882722590899726,0.5804922231071583,0.6140848007813878,0.4575325911300591,0.9609409115990397
2024-01-06 16:45:00,GEO_02,GEO,0.12500507518326515,0.18307210355395323,0.7688241963413516,0.077178695395961,0.7940797132546688
2024-01-06 17:00:00,GEO_02,GEO,-0.4424012648483655,-0.2020425654444177,0.6127653544341556,0.27016299888868867,0.6994931192046908
2024-01-06 17:15:00,GEO_02,GEO,-0.5733564736249817,0.08014905879072746,0.12313991595800194,0.27987965514314,0.31610114186795696
2024-01-06 17:30:00,GEO_02,GEO,-0.9541870026585241,-0.3930623268044914,0.44806100935073556,0.10778823598016421,0.6057020428140195
2024-01-06 17:45:00,GEO_02,GEO,-0.1785310461407295,-0.14753608843121968,0.31960278977438494,-0.1591321105373708,0.38631058647833144
2024-01-06 18:00:00,GEO_02,GEO,-1.02628857876846,-0.2254777995467221,0.13055821347201146,-0.3740624046708553,0.45586003091034183
2024-01-06 18:15:00,GEO_02,GEO,-0.7887109676321296,-0.5814550101541546,0.16678955858259997,-0.7012099724162336,0.9260691718773072
2024-01-06 18:30:00,GEO_02,GEO,-0.6892493375094751,-0.26083133275008163,-0.14639480591842707,-0.4801712939000838,0.5657109640353087
2024-01-06 18:45:00,GEO_02,GEO,-0.9202240718291974,-0.44150105696195097,-0.06687580900522724,-0.8183583348491699,0.9322585056440781
2024-01-06 19:00:00,GEO_02,GEO,-1.132424368225009,-0.5419353272057957,-0.45043649056599516,-0.8006342906129216,1.0665843605699077
2024-01-06 19:15:00,GEO_02,GEO,-1.6571550862061555,-0.8044687513330275,-0.23789235021349034,-0.9326094912469577,1.2544015327339677
2024-01-06 19:30:00,GEO_02,GEO,-1.4913230530865054,-1.1413545063012493,-0.0986688651829824,-0.9097780049372759,1.4629154699702633
2024-01-06 19:45:00,GEO_02,GEO,-1.304211357914397,-0.7504716493368406,-0.5661744682129081,-0.9077490984218255,1.3068166093986426
2024-01-06 20:00:00,GEO_02,GEO,-1.5896137560264578,-1.0596490021583371,-0.5677687026423617,-0.9131482332535535,1.5096545973730005
2024-01-06 20:15:00,GEO_02,GEO,-1.4057763154788747,-1.2564474977314783,-0.600783185062431,-1.1261969684218363,1.7910668222296975
2024-01-06 20:30:00,GEO_02,GEO,-1.3027616652663372,-0.7238433481112716,-0.5185802513788326,-0.9211066596449895,1.281137052843067
2024-01-06 20:45:00,GEO_02,GEO,-1.223747682831826,-0.6090657937828041,-0.6888267793888495,-1.1205104499906142,1.4494782308464176
2024-01-06 21:00:00,GEO_02,GEO,-1.791604535565441,-0.9540024266186903,-0.4663073479690444,-1.1877998443239768,1.5932456317028887
2024-01-06 21:15:00,GEO_02,GEO,-0.9172758775803016,-0.5867370725315266,-0.4099568460522813,-0.9920111508281344,1.2232788444485416
2024-01-06 21:30:00,GEO_02,GEO,-1.2516095966423153,-0.897290435694357,-0.45949498158037677,-0.6316986483148685,1.1896675780943817
2024-01-06 21:45:00,GEO_02,GEO,-1.426411512404841,-0.9082112170471126,-0.7607684460260464,-0.8791989702174567,1.4753328683624314
2024-01-06 22:00:00,GEO_02,GEO,-1.0985372190803186,-0.8730666247107541,-0.2823836581591972,-0.8814168401164805,1.272352744965059
2024-01-06 22:15:00,GEO_02,GEO,-0.7083988925796747,-0.4044463153251471,-0.2059529506634995,-1.0423136139715383,1.1368426055252765
2024-01-06 22:30:00,GEO_02,GEO,-1.5947707640828983,-0.8739207699669655,-0.1724367786868094,-0.7958113549754581,1.1944821754766424
2024-01-06 22:45:00,GEO_02,GEO,-1.1954754117140476,-0.5425097169877214,-0.18072324518523009,-0.7054314920026028,0.9080810945534527
2024-01-06 23:00:00,GEO_02,GEO,-1.6639167352145867,-0.7079001291578674,-0.08618087876559773,-0.7325925207927148,1.0223705484059877
2024-01-06 23:15:00,GEO_02,GEO,-0.9423016644596183,-0.6282827710349677,0.10430950246101597,-0.8611499118476942,1.071073705847704
2024-01-06 23:30:00,GEO_02,GEO,-0.7951334934925782,-0.2532622159437008,0.3454928092602008,-0.607416628090349,0.7432778695453461
2024-01-06 23:45:00,GEO_02,GEO,-0.7900731366179377,-0.41630579654961886,0.024407638197163434,-0.11909712042971654,0.43369387030234435
2024-01-07 00:00:00,GEO_02,GEO,-0.8449476200074262,-0.3427567719725469,0.4580572662658525,-0.0587668689246722,0.5751106057057166
2024-01-07 00:15:00,GEO_02,GEO,-1.076146687826212,0.0035861664427677686,0.3821363102326911,-0.3415153686185612,0.5125170896571962
2024-01-07 00:30:00,GEO_02,GEO,-0.3580317143976435,0.16734522050694034,0.5054351193853628,0.0032861925035868045,0.5324282879372424
2024-01-07 00:45:00,GEO_02,GEO,0.025209186026161012,0.13855090381864119,0.4089936588772244,-0.2598626889946257,0.503984903625356
2024-01-07 01:00:00,GEO_02,GEO,-0.39086327794447295,-0.02210864518381446,0.6915041846052683,0.21939734608322325,0.7258112874479304
2024-01-07 01:15:00,GEO_02,GEO,-0.03561840828849279,0.07544305673972843,0.6382651577420074,0.09331500999098524,0.6494472707520459
2024-01-07 01:30:00,GEO_02,GEO,-0.46135581572518913,0.24703496735123529,0.7512174389153276,0.342083679215146,0.8616119539619334
2024-01-07 01:45:00,GEO_02,GEO,0.14196183160577547,0.3745987092815402,0.7272857322250111,-0.010559226182920656,0.8181566027057708
2024-01-07 02:00:00,GEO_02,GEO,-0.019554776810175756,0.2164633651324714,0.8869156002324512,0.46252760629952067,1.0234292632953814
2024-01-07 02:15:00,GEO_02,GEO,-0.03712444039467802,0.46388201937323026,0.9188502641265082,0.34525293935617185,1.0856665822973535
2024-01-07 02:30:00,GEO_02,GEO,0.00011041694346475284,0.42220245412894475,1.0050249833816975,0.5648848432693092,1.2277723794129256
2024-01-07 02:45:00,GEO_02,GEO,0.09799901412717799,0.17263541332181914,0.7931344633286985,0.6460502888092754,1.037422883169176
2024-01-07 03:00:00,GEO_02,GEO,0.31789579986067706,0.28568220237992975,0.8383863128599897,0.4439701561263887,0.9907650730009135
2024-01-07 03:15:00,GEO_02,GEO,-0.10882821231405032,0.32253618066581236,1.0911980686261573,0.3053372589362921,1.1781229369241029
2024-01-07 03:30:00,GEO_02,GEO,0.11195479557109717,0.36561654808286553,0.9220608895289516,0.5289420730818285,1.1241225293121093
2024-01-07 03:45:00,GEO_02,GEO,0.18403225682000005,0.6598541916404861,1.1355886537155395,0.3849400367551185,1.3686299633465662
2024-01-07 04:00:00,GEO_02,GEO,-0.12080124154226402,0.32616056654269004,0.9613723210343718,0.18369449889278155,1.0316787890336476
2024-01-07 04:15:00,GEO_02,GEO,0.5393203319287696,0.00528173636274934,0.9938207755325873,0.10814943793697446,0.9997019213471996
2024-01-07 04:30:00,GEO_02,GEO,-0.17898954978674544,0.08844257403117545,1.0433539876220888,-0.0717833513391613,1.0495534678698628
2024-01-07 04:45:00,GEO_02,GEO,-0.21048946340642286,-0.036760318881912724,0.7207066822173205,0.011402000317393066,0.7217336409287263
2024-01-07 05:00:00,GEO_02,GEO,-0.3654177478161549,-0.03440277511846013,0.6442495581976591,0.23083492843928743,0.6852195329683044
2024-01-07 05:15:00,GEO_02,GEO,0.20945197642415786,-0.03670466575106919,0.7304260520700161,-0.04056294199280192,0.7324717075038455
2024-01-07 05:30:00,GEO_02,GEO,-0.19505923497013455,-0.009311896620874283,0.5961973292850576,-0.21681102473681857,0.6344643310011546
2024-01-07 05:45:00,GEO_02,GEO,-0.6775205217945901,-0.39879114029507984,0.4279804886759254,-0.1317678390827214,0.5996369198787412
2024-01-07 06:00:00,GEO_02,GEO,-0.2510030675815178,-0.18084909688197875,0.5442879826479968,-0.532616346648495,0.7827106595768599
2024-01-07 06:15:00,GEO_02,GEO,-0.5743295528200265,-0.4211818742145038,0.22662003714918563,-0.4566212850580648,0.6612516997123099
2024-01-07 06:30:00,GEO_02,GEO,-0.6602261081186893,-0.8313166043714489,0.13862116609134972,-0.5700935798277269,1.0175017514250255
2024-01-07 06:45:00,GEO_02,GEO,-0.9043634838831157,-0.3970096433510526,0.023118907087587105,-0.48297243005737467,0.6256304891660733
2024-01-07 07:00:00,GEO_02,GEO,-1.1123482594719936,-0.8134343499386699,-0.20114662025482272,-1.0078661579267776,1.3106981333602976
2024-01-07 07:15:00,GEO_02,GEO,-0.908752032655264,-1.085101809659287,-0.12682248561020165,-0.9952448219538271,1.4778505119964314
2024-01-07 07:30:00,GEO_02,GEO,-1.1850535560439417,-0.6746674484471027,0.0065117359169765965,-1.17236009767345,1.3526443609891248
2024-01-07 07:45:00,GEO_02,GEO,-0.6601575572549223,-0.6538467651920334,-0.16840469873489672,-1.0178332075099366,1.2214172805466783
2024-01-07 08:00:00,GEO_02,GEO,-1.4719895408632024,-1.1429933177015403,-0.28908307260432703,-0.8788383328334546,1.4704963660051047
2024-01-07 08:15:00,GEO_02,GEO,-0.8255668101321272,-1.292767868900662,-0.34015564455216657,-1.1880661744783214,1.7884227297600008
2024-01-07 08:30:00,GEO_02,GEO,-1.282681694860377,-1.162733145526935,-0.3118443980317403,-1.2508415942472417,1.7360299508331416
2024-01-07 08:45:00,GEO_02,GEO,-1.2020732837132881,-0.9994635928194717,-0.2553416951505273,-0.9831447119179426,1.4250264486058377
2024-01-07 09:00:00,GEO_02,GEO,-1.0723415729507675,-0.8218889120238756,-0.28036372385906927,-0.9033182231647587,1.2530319284301783
2024-01-07 09:15:00,GEO_02,GEO,-1.438533210019781,-0.8945245175812984,-0.40220166553342945,-1.064017886858866,1.4470916888253922
2024-01-07 09:30:00,GEO_02,GEO,-1.0404766187080579,-0.9523113178020453,-0.28099252921558077,-0.8706234967485064,1.32054493319214
2024-01-07 09:45:00,GEO_02,GEO,-1.8987175753653354,-0.6591514233542082,-0.26088749545336254,-1.1226449526639388,1.3277328699462194
2024-01-07 10:00:00,GEO_02,GEO,-1.3704764256150237,-0.9429161758526396,-0.4547979010575389,-0.6531886519723498,1.2339317082222843
2024-01-07 10:15:00,GEO_02,GEO,-1.3599274778364048,-0.7083479935058149,-0.22816207105703804,-0.41853391654673483,0.853806447546925
2024-01-07 10:30:00,GEO_02,GEO,-1.3657597092167353,-0.8790981031984347,-0.5325224299743964,-0.607108801928162,1.193723046125679
2024-01-07 10:45:00,GEO_02,GEO,-1.0284205648074274,-0.630465008393911,-0.058990791629396036,-0.9630126024845094,1.1525447118659582
2024-01-07 11:00:00,GEO_02,GEO,-0.7803352476435703,-0.666198969138775,0.06853190120500775,-0.6948252906145787,0.9650387932316363
2024-01-07 11:15:00,GEO_02,GEO,-0.6252601757452803,-0.5503142155548596,0.17852794758639773,-0.41751600616579554,0.7134686954000216
2024-01-07 11:30:00,GEO_02,GEO,-0.639146400192493,-0.48167031329391363,0.0866519104325938,-0.45881731144582016,0.6708413892811369
2024-01-07 11:45:00,GEO_02,GEO,-0.7806564587027187,-0.10503684875082392,0.315986532454606,-0.050158534692336276,0.3367433843309643
2024-01-07 12:00:00,GEO_02,GEO,-0.43438971254584213,-0.3941331028721179,0.6198514331468669,-0.04120582828273285,0.735700089872425
2024-01-07 12:15:00,GEO_02,GEO,-0.40210181694026303,-0.3309416420190118,0.7225799966662739,-0.1697654073990964,0.8126896797387385
2024-01-07 12:30:00,GEO_02,GEO,-0.11124861123868934,0.25385965383026293,0.6247418168454671,-0.02367772680569068,0.6747649192903267
2024-01-07 12:45:00,GEO_02,GEO,-0.061835836009183465,0.0976036403744375,0.7490437318877534,-0.0961211685396963,0.7614671771889527
2024-01-07 13:00:00,GEO_02,GEO,-0.16039090637651077,-0.44947818664154277,0.9905976498688436,0.09853421992810064,1.0922560765173543
2024-01-07 13:15:00,GEO_02,GEO,-0.2982545970556273,0.013073401947718735,0.695914373115917,0.1105964793344279,0.70476897618225
2024-01-07 13:30:00,GEO_02,GEO,-0.1654742165772725,-0.1686806595747194,0.9404056069282187,0.48919758737716,1.0733732575168007
2024-01-07 13:45:00,GEO_02,GEO,-0.09296859079990696,0.05692253863094415,1.264014768295934,0.7809903330778483,1.4869160737027034
2024-01-07 14:00:00,GEO_02,GEO,0.03479210696726788,-0.2997366719683716,1.315924820976738,0.26615553644391554,1.3756231230119258
2024-01-07 14:15:00,GEO_02,GEO,0.21393632988476158,0.3264811190292609,1.2431951449255887,0.22195202130223052,1.304372182012979
2024-01-07 14:30:00,GEO_02,GEO,0.35598000176212274,0.22376826602768132,1.0020099923415713,0.5152044769507728,1.148708803267177
2024-01-07 14:45:00,GEO_02,GEO,0.1877283542733568,0.48909276207048097,1.2051148648467729,0.3314162358217688,1.3421439150667331
2024-01-07 15:00:00,GEO_02,GEO,0.21142511147952348,0.20126471657261807,1.1647629374917303,0.558768804751167,1.3074413041718043
2024-01-07 15:15:00,GEO_02,GEO,0.24745899394877033,0.4913119064423261,1.2761342164808853,0.6679660571995386,1.5218687793157375
2024-01-07 15:30:00,GEO_02,GEO,0.06599601019976101,0.33630514636800024,1.0595554904831574,0.7828384048810706,1.3596304487041122
2024-01-07 15:45:00,GEO_02,GEO,-0.08240315262390135,0.7157646636920278,1.006063999860682,0.5456102010182731,1.3498793712999086
2024-01-07 16:00:00,GEO_02,GEO,-0.3114063805649443,0.6240984885227383,0.8445213476268224,0.45057035489536545,1.1426849411295863
2024-01-07 16:15:00,GEO_02,GEO,-0.10364867455307603,0.47562732432195376,1.2718573793311219,0.11769316719276207,1.3629725700117936
2024-01-07 16:30:00,GEO_02,GEO,0.116283893409439,0.2432707888672745,0.972242002173616,0.3066835259839733,1.0480887236377605
2024-01-07 16:45:00,GEO_02,GEO,-0.24582543736383175,0.5596111560649828,0.9810777986019732,0.257668744464554,1.158478085582986
2024-01-07 17:00:00,GEO_02,GEO,-0.21447174043524916,-0.12789474971666992,0.899452869403087,0.23690448294311,0.9388803253456101
2024-01-07 17:15:00,GEO_02,GEO,-0.12814864773318135,-0.1680739518229349,0.6333737072230166,-0.11642629416593574,0.6655570510903019
2024-01-07 17:30:00,GEO_02,GEO,-0.18387164356657287,0.03206684133709429,0.503839274287574,-0.21252060747574428,0.5477657393720669
2024-01-07 17:45:00,GEO_02,GEO,-0.6902312234410528,0.3330234754460823,0.42805418663833716,-0.468431000573427,0.7166328377872575
2024-01-07 18:00:00,GEO_02,GEO,-0.27947922934397085,-0.2599427470019202,0.3399820759887585,-0.7129275314610302,0.8315189166986212
2024-01-07 18:15:00,GEO_02,GEO,-0.3498013552444634,-0.3790171228081463,0.38579880885119316,-0.6877116054949012,0.8748953952474201
2024-01-07 18:30:00,GEO_02,GEO,-1.003371536064574,-0.7003718170564072,0.13903890900636978,-0.8471966039159933,1.1079686755641458
2024-01-07 18:45:00,GEO_02,GEO,-1.0437656077866884,-0.3670235342666413,0.4182862678100394,-0.6899522769836174,0.8863993575465331
2024-01-07 19:00:00,GEO_02,GEO,-0.6570703855200454,-0.4729929492205329,0.2349274370538206,-0.9163867270525177,1.057675689524459
2024-01-07 19:15:00,GEO_02,GEO,-1.084762651400187,-0.6573204881636738,0.12039395092814169,-0.9968995593473313,1.2001556811542082
2024-01-07 19:30:00,GEO_02,GEO,-1.7004069819134071,-0.9732003849395664,-0.07993236640480136,-1.1140163106755185,1.4813981615003728
2024-01-07 19:45:00,GEO_02,GEO,-1.5682011802114648,-0.9837915430573161,0.071136900815162,-1.4801002116585504,1.7786519882766183
2024-01-07 20:00:00,GEO_02,GEO,-1.3311016491126755,-1.1292288408892295,-0.2413140542647122,-0.8190450655286119,1.4157065611377497
2024-01-07 20:15:00,GEO_02,GEO,-1.6149183563709342,-0.9039967767546614,-0.2550041734509407,-1.2719276052501067,1.581150572797381
2024-01-07 20:30:00,GEO_02,GEO,-1.4766133801794274,-1.124690671800472,-0.2520132160773111,-1.2186268539244673,1.6773464691048394
2024-01-07 20:45:00,GEO_02,GEO,-1.3826539058042886,-1.146198427182485,-0.18713912958430065,-1.3898367681244952,1.8111979820902833
2024-01-07 21:00:00,GEO_02,GEO,-1.0192971696105386,-0.981595815375122,-0.20395769612126816,-0.9933384402277606,1.4113292824153996
2024-01-07 21:15:00,GEO_02,GEO,-1.4688747698611346,-0.9699142175530354,-0.36267049227923603,-1.1313363286195472,1.5336835931299313
2024-01-07 21:30:00,GEO_02,GEO,-1.0951968411535997,-0.9670139889295428,-0.28269752286519273,-1.2817726676776255,1.6303297567746713
2024-01-07 21:45:00,GEO_02,GEO,-0.9598967234100315,-0.778576366347772,-0.05873454141552649,-1.216355364941959,1.4453896631751864
2024-01-07 22:00:00,GEO_02,GEO,-0.897833612891237,-0.8082088806225436,0.009726907196381016,-0.7954242879462455,1.1340176388820165
2024-01-07 22:15:00,GEO_02,GEO,-1.1093668088664013,-0.8019738762092697,-0.09371360580810517,-1.001137600489356,1.2861651655791582
2024-01-07 22:30:00,GEO_02,GEO,-1.5725954852093362,-0.6565647550382895,-0.20298823268735233,-0.9129041715160651,1.142661597560475
2024-01-07 22:45:00,GEO_02,GEO,-0.8891631510083972,-0.7749274608310533,0.07474441694373454,-0.965685678015292,1.2404225595087253
2024-01-07 23:00:00,GEO_02,GEO,-0.650795434592458,-0.47155312913772507,0.2905869734395545,-1.0542082861926336,1.190864498341247
2024-01-07 23:15:00,GEO_02,GEO,-0.8411917283377253,-0.3363611706107034,0.5188965122833225,-0.7159743574236952,0.9460505842938168
2024-01-07 23:30:00,GEO_02,GEO,-0.2824352043582143,-0.48551846966326884,0.15624602261050635,-0.5217517957438386,0.7296341140103618
2024-01-07 23:45:00,GEO_02,GEO,-0.37907293397758696,0.07295349766984136,0.3600335436228036,-0.3288370298959945,0.4930315989738142
2024-01-01 00:00:00,MEO_01,MEO,-0.40562143799359535,-0.006055811718150533,-0.01986017966725759,0.005865198237790194,0.021575452309280062
2024-01-01 00:15:00,MEO_01,MEO,-0.09270736200923597,0.15928561228884097,0.04205899381581288,0.11352229645024875,0.20007043018489193
2024-01-01 00:30:00,MEO_01,MEO,-0.8875277582929851,0.5504076441013128,-0.21356210050465718,0.1162120002823678,0.6017163571540562
2024-01-01 00:45:00,MEO_01,MEO,0.03396750543156757,0.5150466342304982,0.4112833260119757,0.4553500177668507,0.8011058908583241
2024-01-01 01:00:00,MEO_01,MEO,0.27966868654781657,0.5664851611734413,0.5903198044936867,0.12998769332840227,0.8284200081021721
2024-01-01 01:15:00,MEO_01,MEO,0.5602489089397551,0.6289898988860835,0.8896010954080226,0.6810411544559163,1.284848417485318
2024-01-01 01:30:00,MEO_01,MEO,0.40309493605368646,0.5125230589104632,0.5626002788087244,0.7322352965824918,1.0561096009372524
2024-01-01 01:45:00,MEO_01,MEO,0.6360440111871342,0.7277534498869933,0.6046302750682088,0.7996972545012674,1.2388375810445624
2024-01-01 02:00:00,MEO_01,MEO,-0.03642020819624847,0.49626971538256115,0.3495696695754942,0.7727629375006778,0.9826724489206385
2024-01-01 02:15:00,MEO_01,MEO,0.6610120042782943,1.0219851174432577,0.8047969004120981,1.0570770698676952,1.6761752780746118
2024-01-01 02:30:00,MEO_01,MEO,0.20203446802686664,0.16193842489248067,1.0653540287138537,0.9804921660604694,1.4569036164617917
2024-01-01 02:45:00,MEO_01,MEO,0.40875672308242444,0.8492065545378213,0.8244232218350749,0.7154638421360253,1.3830090131213773
2024-01-01 03:00:00,MEO_01,MEO,0.7655694280771405,1.132535566361363,1.2994269290253206,0.7552526463759118,1.8819016214476907
2024-01-01 03:15:00,MEO_01,MEO,1.224709038028248,0.5653227825410774,0.8737937013971421,0.6931315512356697,1.250414582600375
2024-01-01 03:30:00,MEO_01,MEO,0.8548719483165594,0.9523481804309565,0.9120234691749154,0.9112501748653803,1.6028508184756896
2024-01-01 03:45:00,MEO_01,MEO,0.7590840874995409,0.709850764082828,0.6170900410285792,0.5626727840024405,1.0960332512577735
2024-01-01 04:00:00,MEO_01,MEO,0.7242582617958916,0.7178206854620954,0.848364969986105,0.9252658344342087,1.4460658778727993
2024-01-01 04:15:00,MEO_01,MEO,0.5125956891815608,0.9682141219142139,0.3933266204459495,0.9361380639920984,1.4030320349444694
2024-01-01 04:30:00,MEO_01,MEO,0.5286305704018698,0.724420243476577,0.8089081882059241,0.37667771343326184,1.1493490531177046
2024-01-01 04:45:00,MEO_01,MEO,0.7843347849348224,0.18116381120033898,0.7358897025206335,0.437570870816863,0.8751127057425039
2024-01-01 05:00:00,MEO_01,MEO,0.17773549737586536,0.3338406782436485,0.7549110894520312,0.4053909840921237,0.9196098093273105
2024-01-01 05:15:00,MEO_01,MEO,0.7138848702199341,0.6871352745365191,0.24651196362009017,0.4661831249843066,0.8661695790896514
2024-01-01 05:30:00,MEO_01,MEO,0.3736947632102408,0.4459649057857265,0.36759695366642314,0.5132580657423798,0.7729463497468083
2024-01-01 05:45:00,MEO_01,MEO,0.6413383104987702,0.6004756432562006,0.31740547259742413,-0.25833939362811564,0.726674944166155
2024-01-01 06:00:00,MEO_01,MEO,0.5360271449823577,0.5151381584058194,0.19613930671775281,-0.11159660610033588,0.5623982151274782
2024-01-01 06:15:00,MEO_01,MEO,-0.366900657919658,-0.03766958868167692,-0.11609075212962583,-0.2168081094532842,0.24880075756752873
2024-01-01 06:30:00,MEO_01,MEO,-0.1320725806983897,0.4954457240209131,-0.47797490760923156,-0.5635863695105647,0.8896943709233857
2024-01-01 06:45:00,MEO_01,MEO,-0.31189690839811357,-0.1603238134285896,-0.09456226096979722,-0.46349803273376194,0.4994758980171843
2024-01-01 07:00:00,MEO_01,MEO,-0.7266824094717428,-0.44036025621119335,-0.26617139909021315,-0.39716027812917576,0.6500005042057072
2024-01-01 07:15:00,MEO_01,MEO,-0.6238000719121213,-0.47739352937181423,-0.41932029290225564,-0.6493404846015378,0.9085026994281694
2024-01-01 07:30:00,MEO_01,MEO,0.3188698372620651,-0.9190889239367297,-0.252130032603894,-0.932158296436908,1.3331215597462127
2024-01-01 07:45:00,MEO_01,MEO,-0.2795994821669484,-0.11166084559535605,-0.499296901688817,-0.10169867830721568,0.521639877352716
2024-01-01 08:00:00,MEO_01,MEO,0.09492696608382412,-0.13262207599852405,-0.80969824699139,-0.7279346875435864,1.0968540356639378
2024-01-01 08:15:00,MEO_01,MEO,-0.25525539980478457,-0.7733854196688515,-0.9483585906736366,-0.8271535345568034,1.4770551762174169
2024-01-01 08:30:00,MEO_01,MEO,-0.7340628933531934,-0.5664583390993629,-0.8682919567726421,-1.0956638615204788,1.508404875878237
2024-01-01 08:45:00,MEO_01,MEO,-0.6506735166817538,-0.5067210527373731,-0.26407864550199883,-0.8404163184166574,1.0162693267822513
2024-01-01 09:00:00,MEO_01,MEO,-0.41485068128283614,-0.7849370243384752,-0.5731147872357181,-0.9738184682217901,1.3758303313182974
2024-01-01 09:15:00,MEO_01,MEO,-0.46773524040073344,-0.9422951882736802,-0.679632585835115,-1.2795380265073057,1.7283050178862718
2024-01-01 09:30:00,MEO_01,MEO,-0.7611599784648766,-0.598088403106842,-0.72096160479684,-1.0773849429769946,1.427674223650364
2024-01-01 09:45:00,MEO_01,MEO,-1.0231478661407112,-0.5761435698241285,-0.6981302071256116,-0.6641083231568339,1.1226607074433137
2024-01-01 10:00:00,MEO_01,MEO,0.461132440249582,-0.5489649522907365,-0.3697274884655322,-0.3565027565478279,0.7517680160773007
2024-01-01 10:15:00,MEO_01,MEO,-0.5005927733911678,-0.35664239283901294,-0.6168846588636239,-0.6012726001090649,0.9323460829290494
2024-01-01 10:30:00,MEO_01,MEO,-0.4673508696192419,-0.05731530237854515,-0.33846580138999666,-0.37744906771048015,0.5102077432897578
2024-01-01 10:45:00,MEO_01,MEO,-0.26738390667526574,-0.3279187015941565,-0.4197127466583113,-0.5090862806858317,0.7367891867727123
2024-01-01 11:00:00,MEO_01,MEO,-0.3407671453139818,-0.18068345170874653,0.0557018341068381,-0.38181324400709965,0.42606402962873746
2024-01-01 11:15:00,MEO_01,MEO,-0.15325751680812832,-0.0067510268695617215,-0.0508483256159826,-0.08068548448257723,0.09561002033223687
2024-01-01 11:30:00,MEO_01,MEO,0.2930294607168472,0.0640830231411356,0.14322235169794434,0.14546632502693993,0.21396197699039965
2024-01-01 11:45:00,MEO_01,MEO,0.0013586586662921243,-0.03702998535966037,-0.07886337802217802,0.1553214521887461,0.17808819646126622
2024-01-01 12:00:00,MEO_01,MEO,-0.22398389843597738,0.20804754084013455,0.3159093875475476,-0.19869157704979368,0.4272714162927683
2024-01-01 12:15:00,MEO_01,MEO,0.19106736560252924,0.4332041746158857,0.16565041900098804,0.11319188443580523,0.4774079187884951
2024-01-01 12:30:00,MEO_01,MEO,0.20730433405245605,0.20178391606292315,0.3253486156839502,0.24347618699231205,0.45370598865506157
2024-01-01 12:45:00,MEO_01,MEO,0.8708210515416283,0.8526281046855447,0.7025442923480243,0.22968811807293021,1.1284058663416878
2024-01-01 13:00:00,MEO_01,MEO,0.9103095315157441,0.9692777072620835,0.318101561912875,0.4557189276423938,1.1173037270582182
2024-01-01 13:15:00,MEO_01,MEO,0.6575996348437335,0.5406717617703429,0.6199162175111061,0.6135120420835656,1.0261671873971951
2024-01-01 13:30:00,MEO_01,MEO,0.30209518986170486,0.7399604621596372,0.7416118128679698,0.7336935773912368,1.278997979689558
2024-01-01 13:45:00,MEO_01,MEO,0.3836499247344483,0.895390844503414,0.8265773896974613,0.9566854448946419,1.5492585278296405
2024-01-01 14:00:00,MEO_01,MEO,0.7942451992563809,0.7309026965605615,0.6866352032482583,0.6120810394350009,1.1748743988252992
2024-01-01 14:15:00,MEO_01,MEO,0.94757031282588,0.9607054155839352,1.1985600208664944,0.4567923397907365,1.6025480525847855
2024-01-01 14:30:00,MEO_01,MEO,0.7463671449501004,0.9463672040526788,0.6365102258904488,0.8660792399863154,1.4320786998293316
2024-01-01 14:45:00,MEO_01,MEO,0.7385853323251399,0.5718468381468724,1.1356177404800274,1.1987878904313387,1.7474921645135801
2024-01-01 15:00:00,MEO_01,MEO,0.7065982996249022,1.004005616865767,1.1044970201769888,0.7412228498312267,1.6665390062611143
2024-01-01 15:15:00,MEO_01,MEO,0.8740338468364027,0.6768688532998222,1.2201484589769862,0.9367469069547754,1.680597653872178
2024-01-01 15:30:00,MEO_01,MEO,0.13155101136784586,1.0797483369608811,0.5966330156460802,0.9341104274675334,1.547381568079542
2024-01-01 15:45:00,MEO_01,MEO,0.47145431868686816,0.6959339248712118,0.6968633981821271,0.8076170664208229,1.2736514238545675
2024-01-01 16:00:00,MEO_01,MEO,0.56826984466374,0.7454503619992625,1.076570533900536,0.7576842164856263,1.5128733352727035
2024-01-01 16:15:00,MEO_01,MEO,1.064310251459791,1.0480520025391633,0.44695140176918696,0.5150580785046341,1.250385292540934
2024-01-01 16:30:00,MEO_01,MEO,0.38745627865107973,0.7933156332817893,0.4392703564665408,0.1268095125524733,0.9156357313655492
2024-01-01 16:45:00,MEO_01,MEO,0.6510976734432002,0.36879377917236134,0.5535037343341573,0.23276404276730392,0.7046661160318901
2024-01-01 17:00:00,MEO_01,MEO,0.5507103360059556,0.35005993799294033,0.5661595904349944,0.3075070390292118,0.7332388567729174
2024-01-01 17:15:00,MEO_01,MEO,0.7758250771677021,0.37028355467499385,0.7463996677074687,0.4921069481530125,0.9676733039807601
2024-01-01 17:30:00,MEO_01,MEO,0.6239036240187904,0.4649523233258799,0.3298893336968771,0.16654970986746515,0.5939246091130085
2024-01-01 17:45:00,MEO_01,MEO,0.13478328189824007,0.3509699025033367,0.14443602596879332,-0.015673027313737417,0.37985165768499257
2024-01-01 18:00:00,MEO_01,MEO,-0.12468908487655002,-0.020546417889081847,0.17219356996092605,-0.19834745497158604,0.26346630471023513
2024-01-01 18:15:00,MEO_01,MEO,-0.29288166553398504,-0.19332796129397053,0.10148679823077333,0.001203186832942127,0.21834999082155152
2024-01-01 18:30:00,MEO_01,MEO,-0.27822258214641615,0.1122286735681775,-0.003282639452403535,0.014463809961047902,0.11320447292945773
2024-01-01 18:45:00,MEO_01,MEO,-0.42722959689536977,-0.07519332272483906,-0.23662099891599958,-0.1429145709019744,0.2864753174123431
2024-01-01 19:00:00,MEO_01,MEO,-0.23868852384571607,0.2744091313626226,-0.6347835095290326,-0.34232681999709214,0.7716463743415801
2024-01-01 19:15:00,MEO_01,MEO,-0.38051651577154055,-0.2973501508826004,-0.5467302430900312,-0.8506120652641144,1.0539791062976873
2024-01-01 19:30:00,MEO_01,MEO,-0.36854807411096846,-0.05201958847620575,-0.16698109839358088,-0.7143223426913026,0.7354217389185277
2024-01-01 19:45:00,MEO_01,MEO,-0.22841027895739235,-0.7879310796018764,-0.4613654151583159,-0.3328837036030071,0.9718564670933864
2024-01-01 20:00:00,MEO_01,MEO,-0.11879567164213611,-1.0033170867107302,-0.6150582407583214,-0.5280350342626876,1.2898693009058033
2024-01-01 20:15:00,MEO_01,MEO,-0.6914590498167228,-0.9789587386052919,-0.4209459637597445,-1.1026618522199296,1.5334336883733741
2024-01-01 20:30:00,MEO_01,MEO,-0.38715445650140007,-0.5563565584334527,-0.8266185039521536,-0.8133729063892932,1.2862372471811638
2024-01-01 20:45:00,MEO_01,MEO,-0.8470621769271225,-0.43639832291794417,-0.6920656066031117,-0.7073478116247057,1.0815448334205973
2024-01-01 21:00:00,MEO_01,MEO,-0.40893271743029647,-0.9994085682042917,-0.645108560428218,-0.9117047921346155,1.4987288510398213
2024-01-01 21:15:00,MEO_01,MEO,-0.45489972089633973,-0.9087244139700912,-0.7257678448635196,-1.1943771085846644,1.6670500000582427
2024-01-01 21:30:00,MEO_01,MEO,-0.46243301059695946,-1.0453227574805481,-0.630908316294445,-0.6858309291200436,1.400396027634287
2024-01-01 21:45:00,MEO_01,MEO,-0.7161922020997767,-1.1996412171950384,-0.6347371016434434,-0.8017454979863137,1.5763331125549682
2024-01-01 22:00:00,MEO_01,MEO,-0.9297646312481972,-0.575836567882174,-0.7685957720586127,-0.7494988342980682,1.2182264634914395
2024-01-01 22:15:00,MEO_01,MEO,-1.116379560159094,-0.5559292456245943,-0.4197011191976616,-0.5769553164747083,0.9044798465443722
2024-01-01 22:30:00,MEO_01,MEO,-0.6600285433011771,-0.5162603026049897,-0.6025929009036067,-0.4446611707139022,0.9095968673021458
2024-01-01 22:45:00,MEO_01,MEO,-0.09070073719391325,-0.7598802308859736,-0.2431027702231006,-0.347955408774374,0.8703963974401594
2024-01-01 23:00:00,MEO_01,MEO,-0.5635191564673058,-0.05135958320925477,0.08884618795296537,-0.4068925775094774,0.4196343903131726
2024-01-01 23:15:00,MEO_01,MEO,-0.1434770236792078,-0.45791101945223006,-0.08482269416114832,-0.17595785524544083,0.4978338658660255
2024-01-01 23:30:00,MEO_01,MEO,0.010142680104079954,-0.11145901052266759,-0.1317381962369257,-0.380868051168302,0.418136982070698
2024-01-01 23:45:00,MEO_01,MEO,-0.18794536507837484,-0.4050800744106083,0.17337289127772665,0.12173848281444977,0.45713048937088685
2024-01-02 00:00:00,MEO_01,MEO,0.39227981563796055,-0.010090292031664984,0.14190318870583635,-0.39322241010734715,0.4181652696826928
2024-01-02 00:15:00,MEO_01,MEO,-0.7842462526712005,0.2318612889110898,0.5138718196487414,0.24955920190837994,0.6165255060269348
2024-01-02 00:30:00,MEO_01,MEO,-0.1954868209014927,0.37059270881969897,0.4719622538873259,0.61873547188153,0.8619285986026838
2024-01-02 00:45:00,MEO_01,MEO,0.017324235442187808,0.45286335412905243,0.894997470896573,0.33883521229923,1.0587327290294477
2024-01-02 01:00:00,MEO_01,MEO,0.1377151380468784,0.6014258219003293,0.8433219034638281,0.8036453599776738,1.3110113335604638
2024-01-02 01:15:00,MEO_01,MEO,0.564408037419881,0.3401974567734685,0.7086683920797331,1.0150553957775519,1.2838546086006517
2024-01-02 01:30:00,MEO_01,MEO,0.6107199302927259,0.6841177509307835,0.932333799344869,0.20895115982217893,1.1751272261889203
2024-01-02 01:45:00,MEO_01,MEO,0.6934900139008664,0.7383153625404054,0.8280726443312103,0.8758486252613548,1.4134796401876677
2024-01-02 02:00:00,MEO_01,MEO,0.8236208418560651,0.8369620615609643,0.9709252226724767,0.4325201181197301,1.3528765402254128
2024-01-02 02:15:00,MEO_01,MEO,0.3739726841855141,0.9102466011968486,0.9695368414530934,1.0132957154988902,1.6719206826203399
2024-01-02 02:30:00,MEO_01,MEO,0.3562080982863574,0.6042762114963944,1.1858930031988861,1.0529645224559285,1.6971229302461712
2024-01-02 02:45:00,MEO_01,MEO,0.8493564004550437,0.6344126722680463,1.343826493741855,0.5373553900463124,1.5802214715756255
2024-01-02 03:00:00,MEO_01,MEO,0.5466582447422473,0.4987215150053737,1.2772686945508962,1.4346524061647676,1.9845316813100675
2024-01-02 03:15:00,MEO_01,MEO,0.22455301970477437,1.1879041670101507,1.3073704004829934,1.0618398554521795,2.0610282755667977
2024-01-02 03:30:00,MEO_01,MEO,0.9684316165209216,1.2012014467433447,1.3026802181709685,0.7985337698559811,1.9435835068431384
2024-01-02 03:45:00,MEO_01,MEO,1.0551284148565823,1.1937170630289957,1.2084036906394091,1.2409145798959311,2.1035847738362747
2024-01-02 04:00:00,MEO_01,MEO,1.0578636494002964,1.0769160795326698,0.8573798639373424,0.570147238866251,1.4899383703455795
2024-01-02 04:15:00,MEO_01,MEO,0.6292171507847574,0.4451439225451021,1.313629842335621,0.6081360116986446,1.5144655437408545
2024-01-02 04:30:00,MEO_01,MEO,0.697955883485305,0.5719724136823379,1.2385459827684064,0.324955681641042,1.40240678423778
2024-01-02 04:45:00,MEO_01,MEO,0.8225574982149569,0.7575927150058409,0.7951704990170866,1.035803845242326,1.5096795852616514
2024-01-02 05:00:00,MEO_01,MEO,0.11426564070285147,0.5875492674776488,0.6548774547361518,0.6441560357337663,1.0904199286547653
2024-01-02 05:15:00,MEO_01,MEO,0.5625521336164633,0.45907225784721084,0.722814142941854,0.6229805247558526,1.0589203734874404
2024-01-02 05:30:00,MEO_01,MEO,0.24781964251451133,0.5337813263755027,0.62434555307632,0.43993309444833256,0.93181060394495
2024-01-02 05:45:00,MEO_01,MEO,0.344470453153901,0.337568527365246,0.3981511344894589,0.3850426683796253,0.6486406501566843
2024-01-02 06:00:00,MEO_01,MEO,0.04011925426158569,0.2441695265105708,0.11024207378430328,0.1430901577585298,0.3037216912833541
2024-01-02 06:15:00,MEO_01,MEO,0.2847961035598031,-0.03007681299504142,0.2824232047660507,0.1072923857550907,0.3036101732671099
2024-01-02 06:30:00,MEO_01,MEO,-0.10237891056446594,0.22544174523818267,0.19060928232275237,-0.014246934706931929,0.29556531283656406
2024-01-02 06:45:00,MEO_01,MEO,-0.7659110333890597,-0.18050463735680294,0.1153333130582285,-0.23429946377420524,0.31745855782003796
2024-01-02 07:00:00,MEO_01,MEO,0.037943233035016066,-0.4533637598323555,-0.05713246563927623,-0.18283327582361578,0.4921695074948743
2024-01-02 07:15:00,MEO_01,MEO,-0.7437876116589923,-0.42429479137204534,-0.26550420774150957,-0.2296384797803399,0.5506835622294529
2024-01-02 07:30:00,MEO_01,MEO,-0.1989108675586963,-0.3778639619259692,-0.11246408707412395,-0.35141346022803926,0.5281294960833471
2024-01-02 07:45:00,MEO_01,MEO,-0.6957156487775518,-0.13712277763473688,-0.36081752492657165,-0.7873378984492603,0.8768653880584524
2024-01-02 08:00:00,MEO_01,MEO,-0.39806204087001035,-0.44621313103343324,-0.5242085053308941,-0.736053116478977,1.0078069783675465
2024-01-02 08:15:00,MEO_01,MEO,-0.4777560363453869,-0.47873750006341725,-0.5577221710094379,-0.3073874211743886,0.796699843541275
2024-01-02 08:30:00,MEO_01,MEO,-0.7374502623519461,-0.7959912493042569,-0.87376825723537,-0.5901111161814643,1.321099604784598
2024-01-02 08:45:00,MEO_01,MEO,-0.729995404414575,-0.3742242360215217,-0.6395644803301217,-0.46942535506290733,0.8771810915094823
2024-01-02 09:00:00,MEO_01,MEO,-0.7419110631010631,-0.665400567327657,-0.4940573605850863,-0.783656472587076,1.1405998674276132
2024-01-02 09:15:00,MEO_01,MEO,-1.439740190983501,-0.565051540882209,-0.5671576911812064,-0.8045584762955174,1.1350178114454064
2024-01-02 09:30:00,MEO_01,MEO,-0.8044068412237217,-0.18858928585188084,-0.33965668426270973,-0.6636470258308035,0.7689993217139607
2024-01-02 09:45:00,MEO_01,MEO,-1.166129128448559,-0.3521398331448541,-0.6250630795126934,-0.5369610785868396,0.8961213731266091
2024-01-02 10:00:00,MEO_01,MEO,-0.7015846245853256,-0.8091623797823208,-0.42103973391502986,-0.5848284641090878,1.083532439210946
2024-01-02 10:15:00,MEO_01,MEO,-1.023435171003892,-0.7875457109158486,-0.3035669592306255,-0.20171855722467164,0.8677969358365358
2024-01-02 10:30:00,MEO_01,MEO,-0.9678253992526368,-0.35191063587209714,0.00394927682570545,-0.35737631241653317,0.5015720497633309
2024-01-02 10:45:00,MEO_01,MEO,-0.042703746094987394,-0.5484320372241469,-0.32883649422681505,0.07091723350889667,0.6433819964824673
2024-01-02 11:00:00,MEO_01,MEO,-0.1202614458112285,0.02619720927126329,-0.4532740812989129,-0.13218578753663635,0.4728813476736597
2024-01-02 11:15:00,MEO_01,MEO,-0.33777210396944796,-0.04346226438633996,-0.04542626663415544,-0.6069379253025989,0.6101853483135503
2024-01-02 11:30:00,MEO_01,MEO,-0.19413993018780015,0.11497005370174912,0.17903073663205343,0.18993117121591757,0.28520863890606285
2024-01-02 11:45:00,MEO_01,MEO,-0.21744488677235613,0.008610952456624577,-0.08375061309722015,-0.20239221018721035,0.2192052016737615
2024-01-02 12:00:00,MEO_01,MEO,0.08901985723300625,0.6099825291921261,0.2344614997517792,0.19854046632917965,0.6829855031812057
2024-01-02 12:15:00,MEO_01,MEO,-0.20183225828011314,0.9570297242804008,0.41270813325461325,0.10305303277353797,1.0473078935893454
2024-01-02 12:30:00,MEO_01,MEO,0.38054601663302967,0.392666887288924,0.4644934983113759,0.8457553520698595,1.0417502627316801
2024-01-02 12:45:00,MEO_01,MEO,0.09244126479290657,0.6599889640858905,0.41073310600943364,0.7664070419688633,1.0916349532086203
2024-01-02 13:00:00,MEO_01,MEO,0.10853092907822376,0.7495796697607635,0.3443779429180806,0.4228498880183428,0.9269670310665149
2024-01-02 13:15:00,MEO_01,MEO,0.31074016156335793,0.8588860945420058,0.5403701060080045,0.6807457800189473,1.2219247079416662
2024-01-02 13:30:00,MEO_01,MEO,0.1623700288715844,0.8174209806410495,0.695329401705393,0.8597782920484145,1.3750922688844716
2024-01-02 13:45:00,MEO_01,MEO,0.5188742604771625,0.8043879459458453,0.8662958978773981,1.03447844730231,1.5708768914829647
2024-01-02 14:00:00,MEO_01,MEO,0.31212656706013275,0.8644917493903741,0.7937406085184352,0.930104525964693,1.4974860826048606
2024-01-02 14:15:00,MEO_01,MEO,0.6122156450327207,1.2375812552405827,0.7325878901766002,0.7648511126546399,1.6288921402859367
2024-01-02 14:30:00,MEO_01,MEO,0.8453181567298649,1.097771700147556,0.9288385601879156,0.8365113695087795,1.6636090429708146
2024-01-02 14:45:00,MEO_01,MEO,0.291524366230196,0.6169611822227078,0.9920191530853691,0.9935845794512886,1.533607973695119
2024-01-02 15:00:00,MEO_01,MEO,0.4582162639234314,1.370132015958499,0.9147549724203042,1.2358019656564068,2.0594282942220667
2024-01-02 15:15:00,MEO_01,MEO,0.6082410323902183,1.2849904463913178,0.704179746320956,1.070050597990109,1.8144084007479115
2024-01-02 15:30:00,MEO_01,MEO,0.31461728263687117,1.5077260003914266,0.8202002714251431,0.7895334480926897,1.8892668533479697
2024-01-02 15:45:00,MEO_01,MEO,0.558231847677895,1.232967512707225,0.9887328527717576,1.0010838971162939,1.8708208119986174
2024-01-02 16:00:00,MEO_01,MEO,0.4994863216713521,0.8063756218955509,0.5153293537513367,0.7469589684875131,1.2139825727864204
2024-01-02 16:15:00,MEO_01,MEO,0.6127415088126204,0.6230094788995564,0.33160828595796643,0.9864464068087637,1.2129226601975074
2024-01-02 16:30:00,MEO_01,MEO,0.01441362133654081,0.8399864584397357,0.9260149752000031,1.24236248449217,1.7625395109132589
2024-01-02 16:45:00,MEO_01,MEO,-0.1669257720479872,0.8060935698479139,0.6937179675455469,0.5821974304295532,1.2124295071650362
2024-01-02 17:00:00,MEO_01,MEO,-0.06526384504799436,0.9943963102657536,0.6380068623951434,0.7443358951256996,1.396392746724938
2024-01-02 17:15:00,MEO_01,MEO,-0.3718778213400215,0.6871991690731964,0.26065357769490133,0.33916529304175985,0.8094541874276434
2024-01-02 17:30:00,MEO_01,MEO,-0.03895027000934978,0.8782020830195886,0.49226251434200696,0.4152670756659119,1.0890399560063795
2024-01-02 17:45:00,MEO_01,MEO,-0.6673497228308753,0.21489934999874533,0.32767508953748264,0.34028815840036186,0.5189881748949491
2024-01-02 18:00:00,MEO_01,MEO,0.3196177088957241,0.5609861251628793,-0.11191281223050509,0.21044452282796833,0.609521785791856
2024-01-02 18:15:00,MEO_01,MEO,-0.13190201126059542,0.4080942498791553,0.2902173949589889,0.6118107662052356,0.7906196726402965
2024-01-02 18:30:00,MEO_01,MEO,-0.5743813050400264,-0.318199958259742,-0.03366696024593061,-0.025320467453352896,0.3209763289103403
2024-01-02 18:45:00,MEO_01,MEO,-0.42337585036602954,0.3404574882541724,-0.2437845164734106,0.0604402107107775,0.42307825617878037
2024-01-02 19:00:00,MEO_01,MEO,-1.2668078297992584,-0.054327097589577864,-0.35167278996641393,-0.5325474152253252,0.640493508318737
2024-01-02 19:15:00,MEO_01,MEO,-0.13360836779621132,-0.10197792041842836,-0.7381483290586124,-0.16444283843663227,0.7630883953107825
2024-01-02 19:30:00,MEO_01,MEO,-1.165644233731887,-0.5273864817317766,-0.31425132047164483,-0.11857791375831606,0.6252608377012497
2024-01-02 19:45:00,MEO_01,MEO,-1.105701191150281,-0.11820146679606064,-0.43792097015532083,-0.5092030041744421,0.6819340600929056
2024-01-02 20:00:00,MEO_01,MEO,-1.7106342102907461,-0.721919863326181,-0.5685994545474471,-0.9414003015348471,1.3155638169645922
2024-01-02 20:15:00,MEO_01,MEO,-1.0580590841268904,-0.3644872966658959,-0.3747951756713166,-0.5000134931564997,0.7234195922670817
2024-01-02 20:30:00,MEO_01,MEO,-1.5783641303053138,-0.39190244138569735,-0.906490354355927,-0.5129438342816821,1.1128448513750682
2024-01-02 20:45:00,MEO_01,MEO,-1.1852649854543893,-0.7688285089354031,-0.8002477026741168,-0.39234119807978307,1.177040898821157
2024-01-02 21:00:00,MEO_01,MEO,-1.4145454222347427,-0.13038824994441955,-0.8249382255225153,-0.13950022036368354,0.8467493626412251
2024-01-02 21:15:00,MEO_01,MEO,-1.5626332021996059,-0.4970935353230259,-0.7094812219124778,-0.6090819592176611,1.058983673222015
2024-01-02 21:30:00,MEO_01,MEO,-1.4511070330741873,-0.37157886193718953,-0.6154025719568165,-0.6799473539575286,0.9895047146746934
2024-01-02 21:45:00,MEO_01,MEO,-1.1341250356887036,-0.8576278868950926,-0.5027236420039376,-0.6324098373952349,1.1782185090398607
2024-01-02 22:00:00,MEO_01,MEO,-1.5190485846485253,0.06591536512279123,-0.6004797329528413,-0.3046763288548712,0.6765710682632446
2024-01-02 22:15:00,MEO_01,MEO,-1.3087757414983268,-0.6249893873661959,-0.6091725706466293,-0.17056179228617085,0.8892661469641506
2024-01-02 22:30:00,MEO_01,MEO,-0.8792116422055297,-0.03496807912608371,-0.09681728501594583,-0.28972603358989985,0.30746955585124636
2024-01-02 22:45:00,MEO_01,MEO,-0.19822768770404442,-0.3703948158999776,0.1365748798431103,0.04714523061051243,0.39757727578303154
2024-01-02 23:00:00,MEO_01,MEO,-0.7751495613508252,-0.20251125748445664,-0.16498462636619646,0.11014129008651194,0.2834816398411906
2024-01-02 23:15:00,MEO_01,MEO,-1.1243270943547605,0.2256566750499449,-0.25681666409333426,0.11574433883373667,0.36093279973242076
2024-01-02 23:30:00,MEO_01,MEO,-0.838736325414675,0.3891915231828632,0.22564086221132076,0.05927284984340872,0.45375886894409534
2024-01-02 23:45:00,MEO_01,MEO,-0.6224334071747885,-0.06071642491698065,-0.21316789072921016,0.23942124873193235,0.3262661003490826
2024-01-03 00:00:00,MEO_01,MEO,-0.6047289830485286,0.5548291595318523,0.11003817671251381,-0.0644532014468725,0.5692960668911978
2024-01-03 00:15:00,MEO_01,MEO,-0.08922809980038965,0.630884056077342,0.1537116506762144,0.5808672486557528,0.8712340238576025
2024-01-03 00:30:00,MEO_01,MEO,-0.20610124153270887,0.28422566473769395,0.14010111239960898,0.6155029301752422,0.6922834731852993
2024-01-03 00:45:00,MEO_01,MEO,0.12435060995990016,0.8985556483885302,0.4036122127160311,0.7643680479954382,1.2468213923015674
2024-01-03 01:00:00,MEO_01,MEO,-0.16531541461444893,0.3631564920413225,0.38869622949168214,0.8917467010374904,1.0383542629295923
2024-01-03 01:15:00,MEO_01,MEO,0.4759771029777366,0.6929187796491288,0.6078948801604951,0.949823138050952,1.3235696483724377
2024-01-03 01:30:00,MEO_01,MEO,0.09175909450300672,1.0520192910688653,0.7207580707204204,0.8947102508120535,1.5578007633191826
2024-01-03 01:45:00,MEO_01,MEO,-0.05048723313060732,0.8756916907739798,0.6804246439948183,1.0743261735436138,1.5440176037231341
2024-01-03 02:00:00,MEO_01,MEO,0.9774463118268452,1.17037126648474,0.7805959878067367,0.8030637770224386,1.6198797571297119
2024-01-03 02:15:00,MEO_01,MEO,-0.165806176673148,1.1919645613071193,0.8474382074848301,1.0148681561333914,1.780137187199561
2024-01-03 02:30:00,MEO_01,MEO,0.17859525959251613,1.1065776031824925,1.041132330313792,1.2075609142207095,1.9407920760976156
2024-01-03 02:45:00,MEO_01,MEO,0.23104150641475696,1.376547255946549,0.8732093046572993,1.1027565178839334,1.9681079176024763
2024-01-03 03:00:00,MEO_01,MEO,1.1238119396156092,1.1604291009471668,1.0755892840085517,1.4509517543645682,2.1467997111264703
2024-01-03 03:15:00,MEO_01,MEO,0.9147165480498163,1.2542734943157474,1.0208691670844303,1.1370720521255568,1.9769442851460732
2024-01-03 03:30:00,MEO_01,MEO,0.8117612622887007,1.4829480331581457,1.0003916535200268,1.3283987006817501,2.2281295827337124
2024-01-03 03:45:00,MEO_01,MEO,0.23619123021911592,1.387241699111973,1.0775255536547785,1.3015462075502133,2.1862121079443444
2024-01-03 04:00:00,MEO_01,MEO,0.9399053159473066,1.3120475652076748,0.5692547801867198,1.3873977610557795,1.9925843433881056
2024-01-03 04:15:00,MEO_01,MEO,0.23242763916090925,0.8056673267709135,0.6367746118220565,1.3678827964057798,1.7104634145138027
2024-01-03 04:30:00,MEO_01,MEO,0.3276325514890529,1.1303742268416097,0.969179365412647,1.2511032146075642,1.9448171607250921
2024-01-03 04:45:00,MEO_01,MEO,0.018566264674299747,0.780908044836463,0.565879940094045,0.5946453922998161,1.132978651023288
2024-01-03 05:00:00,MEO_01,MEO,-0.1285752895652051,0.6256859389850666,0.05251142543734022,1.1953731325252832,1.350243411392329
2024-01-03 05:15:00,MEO_01,MEO,-0.2868894902946685,0.8656872088599791,0.4152124456533305,1.2036087996270215,1.5396395231185773
2024-01-03 05:30:00,MEO_01,MEO,-0.35597480579574625,0.6416882282546241,0.38417811449516287,0.6833449436321298,1.013073007203931
2024-01-03 05:45:00,MEO_01,MEO,-0.2400404452019885,0.9278276521881372,-0.20788715832773386,0.719201647028347,1.1921963897994399
2024-01-03 06:00:00,MEO_01,MEO,-0.40057297375291956,0.7991669149209282,0.41816830880523015,0.38777995413994515,0.9817870365950236
2024-01-03 06:15:00,MEO_01,MEO,-0.6121234566103058,0.05061008515375742,-0.02718286798870574,0.07297719390176288,0.09287604567991403
2024-01-03 06:30:00,MEO_01,MEO,-0.24277605653736578,0.17032857632707046,0.05619167333947083,0.21126907334666356,0.2771352547386463
2024-01-03 06:45:00,MEO_01,MEO,-1.6901070487482457,-0.04162784056916147,-0.13762079377888142,0.17649231784984853,0.2276442361466525
2024-01-03 07:00:00,MEO_01,MEO,-0.6932033732307546,0.14764610740680859,-0.39459438301517763,0.09843641740118653,0.43265902095101655
2024-01-03 07:15:00,MEO_01,MEO,-0.7057390378303154,0.27634355437350006,-0.4343451151222306,-0.13194658669906525,0.5314426975844689
2024-01-03 07:30:00,MEO_01,MEO,-0.6824578495709279,0.0843381655319879,-0.46380218171593235,-0.13378637740308302,0.4900246776524626
2024-01-03 07:45:00,MEO_01,MEO,-1.1097765704885159,-0.07111442868395354,-0.2158455492789997,-0.07356903723145014,0.23887018723516065
2024-01-03 08:00:00,MEO_01,MEO,-1.0676811638810517,0.3069802545593642,-0.4847177628770267,-0.3176291877938122,0.6558021708384307
2024-01-03 08:15:00,MEO_01,MEO,-0.8978664216780389,-0.5050670369784612,-0.6073861573563436,-0.11859777875338097,0.7987966506662025
2024-01-03 08:30:00,MEO_01,MEO,-0.7529822572860145,0.1686746769988105,-0.6856680992607154,-0.13568864423080582,0.7190294132910346
2024-01-03 08:45:00,MEO_01,MEO,-1.302861426340359,-0.260269232270566,-0.3068167180045569,0.2200939151615779,0.4586042991566362
2024-01-03 09:00:00,MEO_01,MEO,-1.2037555001546338,-0.13325837884797648,-0.2681614392497145,-0.012483476448126307,0.2997068404589726
2024-01-03 09:15:00,MEO_01,MEO,-0.7678798059027727,-0.21794729634351567,-0.28674452495910185,-0.1518377454405687,0.39086845295820966
2024-01-03 09:30:00,MEO_01,MEO,-1.9015323505993926,0.2131472848609804,-0.3603455153410937,-0.2827900302460298,0.5052235709827846
2024-01-03 09:45:00,MEO_01,MEO,-1.426117293262312,-0.45192904272996587,-0.3637600911525129,-0.04532526514435175,0.581906902552731
2024-01-03 10:00:00,MEO_01,MEO,-0.7108397959238728,-0.14794202593928565,-0.5431837873909324,-0.013868782648322114,0.5631410241276374
2024-01-03 10:15:00,MEO_01,MEO,-0.7624060958545489,0.018237002319452286,-0.3177244206927252,-0.1302734762433102,0.34387872043882545
2024-01-03 10:30:00,MEO_01,MEO,-0.8232939939988722,-0.4174128188050473,-0.3324550570839832,0.165867841334703,0.5588129983031211
2024-01-03 10:45:00,MEO_01,MEO,-1.0437275943293636,-0.18470365809166575,-0.44302953355732316,-0.19619555746336914,0.5185395893129323
2024-01-03 11:00:00,MEO_01,MEO,-1.073260643871542,0.08683236865956992,0.14215479054202323,0.13455990441936744,0.21413596754965583
2024-01-03 11:15:00,MEO_01,MEO,-0.874085019359811,0.03871288646175511,-0.07423112568957264,0.38730655071407644,0.39625157643267156
2024-01-03 11:30:00,MEO_01,MEO,-0.1390338650898006,0.06702914477905361,0.3785807757949501,0.351528864925687,0.5209499524208246
2024-01-03 11:45:00,MEO_01,MEO,-0.6719564266456173,0.22246268886383475,0.4229877121552979,0.4361359946127927,0.6470107096237205
2024-01-03 12:00:00,MEO_01,MEO,-0.36760252486618017,0.53273549972986,0.4380744689469922,0.5644301808816828,0.8912338537700092
2024-01-03 12:15:00,MEO_01,MEO,-0.5341873798135619,0.43578287377721064,0.5553644062911622,0.49375631583870955,0.8614706241557369
2024-01-03 12:30:00,MEO_01,MEO,0.009359251140364178,0.8650866295868761,0.42672473873687944,0.9935550970570565,1.3847817915571017
2024-01-03 12:45:00,MEO_01,MEO,-0.3028311074813044,0.5208503176803756,0.9725968476088409,0.6753757095627395,1.2935849529403844
2024-01-03 13:00:00,MEO_01,MEO,-0.07120662963563237,0.5420631683725946,0.7557253032637404,1.0248260331994232,1.38391531923831
2024-01-03 13:15:00,MEO_01,MEO,-0.4318189537913658,1.3135920432206865,0.9102050976591894,1.1424705785567737,1.9644939294091295
2024-01-03 13:30:00,MEO_01,MEO,-0.3142384747499054,0.7949433827319985,0.8338932353144409,0.922478571646656,1.4758995984821708
2024-01-03 13:45:00,MEO_01,MEO,0.23054493025716566,0.7444340350409226,0.8688248521734331,1.1459402898272493,1.6193263426903355
2024-01-03 14:00:00,MEO_01,MEO,-0.14526940760489876,0.6723341290758138,1.160574211753324,1.0216294081277006,1.6860285672723159
2024-01-03 14:15:00,MEO_01,MEO,0.9387774254045019,1.3656267687037915,1.172045795967694,1.567690450175577,2.3866883262834313
2024-01-03 14:30:00,MEO_01,MEO,-0.2507972545642401,1.0923334063064791,1.0593293420407812,1.0709067494730236,1.8607020695179943
2024-01-03 14:45:00,MEO_01,MEO,0.1655026521168606,1.1278998289161077,0.9512534474844361,1.2177534216789276,1.9131033797029229
2024-01-03 15:00:00,MEO_01,MEO,0.4437561291648639,1.129960420637388,1.01600813760332,1.1104553558230428,1.8820717800230868
2024-01-03 15:15:00,MEO_01,MEO,0.31451095192258344,1.3308897803226751,1.4316002469067117,1.038933372062789,2.213623596254895
2024-01-03 15:30:00,MEO_01,MEO,0.05795264859125637,1.0231874501960252,1.0761516426090614,1.5698193644977783,2.1608673613345712
2024-01-03 15:45:00,MEO_01,MEO,0.04674997825685484,1.531181060986215,1.0939366115221754,1.3271108688069186,2.3027018933541843
2024-01-03 16:00:00,MEO_01,MEO,-0.012560031270722749,0.9132595733220001,1.3730222577728743,1.1885032223219183,2.032676333820411
2024-01-03 16:15:00,MEO_01,MEO,0.13685730613624203,1.050776630625876,0.8761071331060887,0.9356436061632156,1.6574450802071679
2024-01-03 16:30:00,MEO_01,MEO,0.7435811323469617,0.9566265218907678,0.8589321789113875,1.1293300621361686,1.7112232991631378
2024-01-03 16:45:00,MEO_01,MEO,0.09812888785753451,0.7116539518119976,0.7791498886165699,0.6837684988459607,1.2574041737146036
2024-01-03 17:00:00,MEO_01,MEO,0.33811828675326583,0.48505970071406196,1.0996018584663365,0.9213717466234908,1.5143754672720562
2024-01-03 17:15:00,MEO_01,MEO,0.02016535350458007,0.5942863894561118,1.0457109790643455,0.49670512722666993,1.3013084752823811
2024-01-03 17:30:00,MEO_01,MEO,0.12755603315660802,0.5142144094293992,0.7117136408559158,0.4287107767925629,0.9771108921628558
2024-01-03 17:45:00,MEO_01,MEO,-1.1475195223276433,0.17832124039002908,0.6015745580423044,0.6089515885053383,0.8743640264793647
2024-01-03 18:00:00,MEO_01,MEO,-0.5080177519109528,0.2907350877340911,0.26590893456757125,0.5533630804786034,0.6792975427302677
2024-01-03 18:15:00,MEO_01,MEO,-0.1486576750960218,0.455987643440523,0.62608469088769,0.4069375969100127,0.8749314138338341
2024-01-03 18:30:00,MEO_01,MEO,-0.8499233026484369,0.5554857604148369,0.20307331388626632,-0.024781868893591463,0.5919605914773878
2024-01-03 18:45:00,MEO_01,MEO,-0.2135630185622519,0.1720971180577864,0.21354006857549745,0.021066187983551074,0.27506465277672837
2024-01-03 19:00:00,MEO_01,MEO,-0.3755523691601144,0.327311662146926,-0.06832423929790882,0.021593926070088018,0.33506331266813105
2024-01-03 19:15:00,MEO_01,MEO,-1.0905456872721837,-0.3665776754304386,-0.17227425999322699,-0.26975338009740085,0.4866461741904181
2024-01-03 19:30:00,MEO_01,MEO,-1.158058887002836,-0.1601351425898029,0.07946867339984276,0.08690931520235612,0.198775660011808
2024-01-03 19:45:00,MEO_01,MEO,-1.3543962195417898,-0.06711207753200354,-0.2037820244268717,-0.7611249204302732,0.7907858679378164
2024-01-03 20:00:00,MEO_01,MEO,-1.2924925221028603,-0.5892320756940451,-0.08631166485684033,-0.5076459411083334,0.7825270244795626
2024-01-03 20:15:00,MEO_01,MEO,-1.475602573194144,-0.5197716915600638,-0.3513643294444804,-0.554851053960326,0.8375435483806583
2024-01-03 20:30:00,MEO_01,MEO,-1.0031714680031332,-0.05192411150335635,-0.5827253592805445,-0.9972320781258044,1.1561733327434789
2024-01-03 20:45:00,MEO_01,MEO,-1.6245088019884433,-0.6740351477361485,-0.5922178518470304,-0.7541990605373416,1.1721184186529157
2024-01-03 21:00:00,MEO_01,MEO,-1.0015068072962472,-0.7401745244739808,-0.4599192762051522,-0.31578041346485336,0.9268771961988214
2024-01-03 21:15:00,MEO_01,MEO,-0.9784820889291626,-0.13338158221199653,-0.5650964114908763,-0.42333256870716507,0.7185645861587168
2024-01-03 21:30:00,MEO_01,MEO,-1.6583076635465224,-0.21312917172648332,-0.6267082098355226,-0.07967326639817168,0.6667346199910548
2024-01-03 21:45:00,MEO_01,MEO,-0.6435070190753023,-0.3428742948739004,-0.21005730064020994,-0.0620819746272791,0.406867328758587
2024-01-03 22:00:00,MEO_01,MEO,-0.94949483854048,-0.39282000981422643,-0.44775153550178176,-0.22762553349568404,0.6376538098010919
2024-01-03 22:15:00,MEO_01,MEO,-0.7913987188054368,-0.48267493204275236,-0.2778529318529522,-0.17278557659755517,0.5831227977380977
2024-01-03 22:30:00,MEO_01,MEO,-1.195197089134539,-0.2361228970340803,-0.18579653969161433,-0.1318569640506664,0.3281168018157608
2024-01-03 22:45:00,MEO_01,MEO,-0.725242670961877,0.15842797885804344,-0.22032811640772557,-0.5679893467498236,0.629488523633364
2024-01-03 23:00:00,MEO_01,MEO,-0.48691413458505073,-0.049233639352360074,0.21668772893163424,-0.23819685392783485,0.3257533796210654
2024-01-03 23:15:00,MEO_01,MEO,-0.7459028491572902,0.5558905780193779,-0.1255935167463014,0.14194772851412912,0.587313565150459
2024-01-03 23:30:00,MEO_01,MEO,-0.009080505879952572,-0.04018116349813011,0.22895926765708782,0.30332399419203876,0.38215483458769095
2024-01-03 23:45:00,MEO_01,MEO,-0.5102250849325088,0.24617741941263557,0.3387633676723928,0.35870319306078086,0.5513908974742014
2024-01-04 00:00:00,MEO_01,MEO,-0.08692708270666,0.2621763030806691,0.39839023697598086,0.26151512536290966,0.5439130037132808
2024-01-04 00:15:00,MEO_01,MEO,-0.26359041975027137,0.210519136319137,0.2937818546329768,0.7750914587831141,0.8552150924455688
2024-01-04 00:30:00,MEO_01,MEO,-0.07589933670496207,0.5098556216299583,0.7858228058971456,0.9971275492067606,1.3681131483041946
2024-01-04 00:45:00,MEO_01,MEO,-0.6221517524436497,0.6879943133903463,0.8648525593344846,0.9709791681022999,1.4710902995851398
2024-01-04 01:00:00,MEO_01,MEO,0.08749078780228846,0.7892545820424145,0.7378651183104407,1.0324798299582192,1.4944505101758239
2024-01-04 01:15:00,MEO_01,MEO,-0.1314064630588956,1.238116778866523,1.0490739928027542,0.8440384354803039,1.8291774875757594
2024-01-04 01:30:00,MEO_01,MEO,-0.04453229741931519,0.9879172428998748,1.0896696209787335,1.201106684575375,1.8989517185632911
2024-01-04 01:45:00,MEO_01,MEO,0.7890153865868952,1.2884991649783588,0.8842766782016862,1.0797259517285498,1.8994692607666646
2024-01-04 02:00:00,MEO_01,MEO,0.25773308550338525,1.1581861450489823,1.0322869484863546,1.2071291056525735,1.9657497725581132
2024-01-04 02:15:00,MEO_01,MEO,0.12746384816723855,1.5345022505519246,1.4509952573173979,1.2253857545460298,2.4416499833413563
2024-01-04 02:30:00,MEO_01,MEO,0.3952811574181689,1.7047176988597244,1.339834987424477,1.1662377209963355,2.4619769796257374
2024-01-04 02:45:00,MEO_01,MEO,0.0915176115154464,1.3112164332684353,1.1771840845879975,1.0466809123833705,2.049534541360102
2024-01-04 03:00:00,MEO_01,MEO,0.9313081502340563,1.048234371503905,1.133410964875882,1.1448065549091897,1.9219775651828281
2024-01-04 03:15:00,MEO_01,MEO,0.28784596462407286,1.1354339713603523,1.172310076855002,1.352236113211239,2.1194489202355316
2024-01-04 03:30:00,MEO_01,MEO,0.6588985073818769,1.2529852244246582,1.1539909464026126,0.9909908833473879,1.9707181452159375
2024-01-04 03:45:00,MEO_01,MEO,0.8554701921350099,1.2419623813819196,1.0304454367282487,1.2432969728981444,2.037173462830205
2024-01-04 04:00:00,MEO_01,MEO,0.23179040453743902,1.2773610844233494,0.8201017540845592,1.1528311976694539,1.9061054528466554
2024-01-04 04:15:00,MEO_01,MEO,0.4669343302912119,1.1927162826899578,1.2605412952886408,0.8329474678134182,1.9249254458961524
2024-01-04 04:30:00,MEO_01,MEO,-0.08449907323772465,1.0182932845132673,1.1226035415942832,1.0775196875227226,1.859625930633339
2024-01-04 04:45:00,MEO_01,MEO,0.902336877778261,0.8233993087987381,0.6620771436470632,0.6392446850520742,1.2348952721738873
2024-01-04 05:00:00,MEO_01,MEO,0.3321633124704857,0.8852924965438826,0.8619042938640299,0.9545779445251359,1.5613586610359536
2024-01-04 05:15:00,MEO_01,MEO,-0.11613986131806525,1.1156950355796726,0.5963309753819082,0.6538363486143458,1.424039330702072
2024-01-04 05:30:00,MEO_01,MEO,-0.4361686614167127,0.8638127981591777,0.6070755938398273,0.47546627988264156,1.157921202070765
2024-01-04 05:45:00,MEO_01,MEO,-0.3141462628953455,0.6253429246769832,0.48918682654654017,0.23235802835519045,0.8272531523369067
2024-01-04 06:00:00,MEO_01,MEO,-0.4525788093081581,0.6003693039803308,0.3630854005305711,0.2837609971221222,0.7568319580514641
2024-01-04 06:15:00,MEO_01,MEO,0.12210545351095486,0.12180163626892225,0.687907931887965,0.17669883544197482,0.7206076878570711
2024-01-04 06:30:00,MEO_01,MEO,-0.9422878493057956,0.04479869355066203,0.15430684669428757,-0.11661592585476699,0.19853664660093612
2024-01-04 06:45:00,MEO_01,MEO,-0.6218028232740687,-0.13294749816395648,-0.02439427919279824,-0.04487186627725571,0.14242051294878602
2024-01-04 07:00:00,MEO_01,MEO,-0.7232726843749842,-0.0820832643415677,-0.08229787934484029,-0.2158181228905848,0.2451286711048733
2024-01-04 07:15:00,MEO_01,MEO,-0.8301266386605358,-0.21399723296944329,0.12234227448619839,-0.06689237042207666,0.25541542057150507
2024-01-04 07:30:00,MEO_01,MEO,-0.9257995875642632,0.11822403313358215,-0.4197311209533747,0.020630372123092933,0.436550968571923
2024-01-04 07:45:00,MEO_01,MEO,-1.0412761142724198,-0.3279489958004668,-0.33525330149897703,-0.5921939558226571,0.7554065139548279
2024-01-04 08:00:00,MEO_01,MEO,-0.8337617096611123,-0.4787029127705589,0.026292320703223904,-0.05369696332012902,0.4824221478049922
2024-01-04 08:15:00,MEO_01,MEO,-0.9590572488574695,0.08336245185795049,-0.22761452933880583,-0.4159964303737047,0.48146723920694723
2024-01-04 08:30:00,MEO_01,MEO,-1.0689856560368938,-0.4335114147523112,-0.2784483546937321,-0.6248828203396505,0.8099038042309918
2024-01-04 08:45:00,MEO_01,MEO,-2.122180943846121,-0.32893198703860005,0.036322830902354886,-0.31119600316501084,0.45426704979318083
2024-01-04 09:00:00,MEO_01,MEO,-1.1457768364352174,-0.30621265896730204,-0.3039790250873306,-0.54225128199821,0.6929688975946695
2024-01-04 09:15:00,MEO_01,MEO,-1.7559879341297597,-0.7055214275974133,-0.48697789507808825,-0.47446240769493864,0.9798073950575469
2024-01-04 09:30:00,MEO_01,MEO,-1.0787009678352055,-0.20887826716388286,-0.40715325286772786,-0.47141450411570573,0.6569897537289414
2024-01-04 09:45:00,MEO_01,MEO,-0.7578738286704179,-0.27902095882195144,-0.5567564052005514,-0.51692208616671,0.8093446937867111
2024-01-04 10:00:00,MEO_01,MEO,-1.411035158548149,-0.04415853416144938,-0.10808503065799582,-0.17698430455365957,0.21202781433097478
2024-01-04 10:15:00,MEO_01,MEO,-1.1105933565032475,-0.5026302033075603,-0.1711561689152167,-0.336338694324938,0.6285342255875471
2024-01-04 10:30:00,MEO_01,MEO,-1.1315422042958014,-0.2906562038421401,-0.00325443536444206,-0.5232456002171684,0.5985629276259011
2024-01-04 10:45:00,MEO_01,MEO,-0.5168850274261523,-0.22518871583745492,0.05424825293619551,-0.070990327248625,0.24226526216116567
2024-01-04 11:00:00,MEO_01,MEO,-0.7400645284572557,-0.10036810980840394,-0.15059603306717584,-0.34438240520848606,0.38904005405518804
2024-01-04 11:15:00,MEO_01,MEO,-0.16028343924677724,-0.39741579880186406,-0.1437121131745814,-0.2565037070062918,0.49435477171601877
2024-01-04 11:30:00,MEO_01,MEO,-0.4529412151288724,0.0904888980058691,0.10655247370865005,0.2860951658080207,0.31842128417313437
2024-01-04 11:45:00,MEO_01,MEO,-0.4060889772138426,-0.09403451129795298,0.050635401799208474,-0.030948274281705074,0.11119455432451618
2024-01-04 12:00:00,MEO_01,MEO,-0.43529304787678036,0.34292493894109927,0.3274071834638526,-0.1793520757267948,0.5069123638253455
2024-01-04 12:15:00,MEO_01,MEO,-0.06668722945046648,-0.09149387014997162,0.5895676917481311,0.5077349411495676,0.7834257858230057
2024-01-04 12:30:00,MEO_01,MEO,-0.7210028366307029,0.04140839137721952,0.449263343540897,0.43959731515985956,0.6299190473558899
2024-01-04 12:45:00,MEO_01,MEO,-0.06949141988278322,0.7159362257448214,0.6040778453694052,0.5695190761221355,1.0962785689170857
2024-01-04 13:00:00,MEO_01,MEO,-0.027078554386549995,0.517137916726343,0.6911189426316523,0.6394303438021941,1.0742198016957925
2024-01-04 13:15:00,MEO_01,MEO,0.29976937000409554,0.49648097394916846,0.9201318582603457,0.8249602770748942,1.3318015816294249
2024-01-04 13:30:00,MEO_01,MEO,0.08562168411744446,1.077146984573164,0.7315195539316416,0.7178400986716967,1.4868291399553615
2024-01-04 13:45:00,MEO_01,MEO,-0.08733415236052655,0.959417040025839,0.5276114987719616,1.2323522967089078,1.6484984481436609
2024-01-04 14:00:00,MEO_01,MEO,0.24711028881839522,1.144852165419416,1.0406082846517508,0.6960578546778617,1.696481246524739
2024-01-04 14:15:00,MEO_01,MEO,-0.03151216922063366,0.937085257931204,1.1937973605768275,1.0778295476458057,1.8614503626287093
2024-01-04 14:30:00,MEO_01,MEO,-0.23838161992614526,1.5719384211629903,1.0891116190313346,1.1352454099025389,2.223946190747931
2024-01-04 14:45:00,MEO_01,MEO,0.5699558142254979,0.8164797226023189,0.9067134850581953,0.8446666875534867,1.483991339081774
2024-01-04 15:00:00,MEO_01,MEO,0.5398202020840636,1.3075675006656169,0.838020433488931,0.7788461678677703,1.7374154278537457
2024-01-04 15:15:00,MEO_01,MEO,0.47088162834325925,0.9704742129353957,1.1107261745886041,1.1747610978769694,1.885628932206417
2024-01-04 15:30:00,MEO_01,MEO,0.6735511998777985,0.5695273610460986,1.0121285581512565,0.7643516504829295,1.3903233720258943
2024-01-04 15:45:00,MEO_01,MEO,0.05389236858945831,0.9620675130058999,0.9370501487175398,0.8528850184163965,1.5909273193430484
2024-01-04 16:00:00,MEO_01,MEO,-0.20596439277727935,0.8883735241241082,1.247363327759076,1.086190804523765,1.8774805601216933
2024-01-04 16:15:00,MEO_01,MEO,0.09300402987481508,0.5242581671810335,0.7038791825866504,0.878588128938364,1.2418573307132679
2024-01-04 16:30:00,MEO_01,MEO,-0.04675313561944487,0.47540710115854873,1.0989335085852665,0.4537767427843622,1.2804608937470459
2024-01-04 16:45:00,MEO_01,MEO,-0.28941336359105463,0.6427838698563533,0.7200593760634293,1.1106432725021844,1.4714567907888854
2024-01-04 17:00:00,MEO_01,MEO,-0.15374695686434553,0.6565915953075707,0.2966008649198106,0.5873610025549425,0.9295577138736829
2024-01-04 17:15:00,MEO_01,MEO,-0.44336215493283615,-0.07720814846429169,0.5062127794198313,0.49076990091673417,0.7092725652970485
2024-01-04 17:30:00,MEO_01,MEO,-0.9328713302182919,0.5834125407402233,0.632252939769784,0.47507921186883745,0.9827584800399397
2024-01-04 17:45:00,MEO_01,MEO,-0.5917790601339441,0.12223587636808085,0.25181492433657293,0.4536365072195051,0.5330463828527672
2024-01-04 18:00:00,MEO_01,MEO,-0.9039958550436105,-0.13560157682824106,-0.046133407918720226,0.5993936457067537,0.6162700880929836
2024-01-04 18:15:00,MEO_01,MEO,-0.6080449676143485,0.24922348523579577,0.05060689490997769,-0.24834399136155372,0.3554548374278987
2024-01-04 18:30:00,MEO_01,MEO,-0.9797498978312205,-0.1286336420070761,-0.13204105474406935,0.1073975458659068,0.2133440574563784
2024-01-04 18:45:00,MEO_01,MEO,-0.5350462904200562,0.04385417463500013,-0.001148108883969698,-0.0032433199538654534,0.04398892941695309
2024-01-04 19:00:00,MEO_01,MEO,-0.46881475091054753,-0.2747326401781363,-0.031991753975541964,-0.22997678193002977,0.35970934951509587
2024-01-04 19:15:00,MEO_01,MEO,-0.8342074501264076,-0.38035352291405805,-0.4406743696045086,-0.1440160763409792,0.5996693527804441
2024-01-04 19:30:00,MEO_01,MEO,-1.551894173801528,-0.5252406295159809,-0.470189202753949,-0.17651867060030163,0.7267148315200646
2024-01-04 19:45:00,MEO_01,MEO,-0.6769608271682193,-0.45880528910880697,-0.2961442158418279,-0.7055378096730653,0.8921811983947283
2024-01-04 20:00:00,MEO_01,MEO,-0.701445975746511,-0.7034575937394951,-0.6100677064400691,-0.17681550664777868,0.9477863240319084
2024-01-04 20:15:00,MEO_01,MEO,-1.2116334645762266,-0.8547941883311947,-0.6776508463272801,-0.8566474500687342,1.3869854460815836
2024-01-04 20:30:00,MEO_01,MEO,-0.8347074611310987,-0.5750198731403632,-0.6932807965702317,-0.834051874312197,1.2275702205752237
2024-01-04 20:45:00,MEO_01,MEO,-1.4071005005475299,-0.7444328112467754,-0.4412677753981172,-0.6788496559523944,1.0998792276665037
2024-01-04 21:00:00,MEO_01,MEO,-1.7779719977172816,-0.6559801854728641,-0.4485202096738589,-0.2596931385009528,0.8360148972377051
2024-01-04 21:15:00,MEO_01,MEO,-1.4131164055487426,-0.3873700112255689,-0.6186410612294923,-0.6685545184929063,0.9898168681293179
2024-01-04 21:30:00,MEO_01,MEO,-0.6702762551669994,-0.5769383765351228,-0.47929728763243407,-0.6194284401200685,0.9727668645057626
2024-01-04 21:45:00,MEO_01,MEO,-1.6288678259274,-0.5492356595940082,-0.1928593838729245,-0.28271858765933405,0.6471354970372108
2024-01-04 22:00:00,MEO_01,MEO,-1.1512061180354467,-0.6241987103838622,-0.5825771155656093,-0.599314267476661,1.0431671567043839
2024-01-04 22:15:00,MEO_01,MEO,-1.0539321242163475,-0.3310083636189544,-0.7070635673585803,-0.7259391421931481,1.0660642866355028
2024-01-04 22:30:00,MEO_01,MEO,-1.1878562991353783,-0.264435110535852,-0.20396220271612892,-0.6012573180607612,0.6877767590886907
2024-01-04 22:45:00,MEO_01,MEO,-1.0748224436822083,-0.012896023259587719,-0.2188530684130514,-0.10908159625343616,0.24487092030479496
2024-01-04 23:00:00,MEO_01,MEO,-0.8203450345367654,-0.25613039086293476,-0.22934869702142197,-0.2614826192796463,0.4319453230842628
2024-01-04 23:15:00,MEO_01,MEO,-0.8828229981009463,-0.14671966762201105,0.13594196151264376,0.18310662067990713,0.2711732145766501
2024-01-04 23:30:00,MEO_01,MEO,-1.0336938331542722,0.24944388937167375,0.2705570031430249,0.0189437205994554,0.3684863775565561
2024-01-04 23:45:00,MEO_01,MEO,-0.47226624906009934,0.17376589087211552,-0.14702923399932294,-0.1623129998518918,0.27956696944011084
2024-01-05 00:00:00,MEO_01,MEO,-0.13249403554947414,0.018239342498704653,0.2693901702933322,0.10249216806877999,0.2888050934123126
2024-01-05 00:15:00,MEO_01,MEO,-0.11725956828699957,0.6080020618801865,0.9220675731970789,-0.01988213424600163,1.104658506532351
2024-01-05 00:30:00,MEO_01,MEO,-0.5294150150802674,0.020295307863122114,0.7423880564727344,0.11877829530969061,0.7521038554290882
2024-01-05 00:45:00,MEO_01,MEO,-0.5643892349626636,0.7061396039082161,0.8558011350002779,1.2880471562461646,1.7000277055357798
2024-01-05 01:00:00,MEO_01,MEO,-0.20811734011347613,0.3147842491715328,1.044185835230225,0.6693419233127111,1.2796217379858343
2024-01-05 01:15:00,MEO_01,MEO,0.4765836383412126,1.0933471075680765,0.9084560080885221,0.7304592085028591,1.598208644559976
2024-01-05 01:30:00,MEO_01,MEO,0.24654913067535206,0.43075101641098584,1.1359012050915909,0.5777170656386035,1.345204443122942
2024-01-05 01:45:00,MEO_01,MEO,0.37170328456494217,1.1438234945578494,1.198714127536752,1.1009062372036371,1.9892818526726166
2024-01-05 02:00:00,MEO_01,MEO,0.519896534241213,0.9330192799324162,1.2286278780517008,1.0722313036917928,1.8787579429154866
2024-01-05 02:15:00,MEO_01,MEO,0.45203286201889653,0.9524419495339594,1.1436330978384825,1.289829970184467,1.9694424799139874
2024-01-05 02:30:00,MEO_01,MEO,0.37989985357437767,1.134915108708805,1.2463228344484252,1.3057138667319044,2.132191739365636
2024-01-05 02:45:00,MEO_01,MEO,0.5744274625186371,1.2604494254517284,1.163268127894819,0.7078831890824222,1.855538762969669
2024-01-05 03:00:00,MEO_01,MEO,0.1872722035942723,0.8932266855028025,1.2936605073402005,0.7794599197631282,1.754699172639906
2024-01-05 03:15:00,MEO_01,MEO,-0.053688726883131754,0.8574616259468654,1.0799407329658806,0.7430264883003139,1.5663973917899066
2024-01-05 03:30:00,MEO_01,MEO,0.5672493877845207,1.1652689541636603,1.1255735155224238,0.7259862131193742,1.775337561147904
2024-01-05 03:45:00,MEO_01,MEO,0.679095075625268,0.5958475844169266,1.1914879887308838,0.9191333413422464,1.6184820265645263
2024-01-05 04:00:00,MEO_01,MEO,-0.10467607481407648,0.8308345382577085,1.0564209512098557,0.6907255158734031,1.5110966198081495
2024-01-05 04:15:00,MEO_01,MEO,0.35513009873540946,1.5980556062412266,1.078764736516123,1.149746303135144,2.2448678444315258
2024-01-05 04:30:00,MEO_01,MEO,0.5176190440832017,0.6419764418040133,1.0736021381889314,1.0811368829230097,1.65336392320979
2024-01-05 04:45:00,MEO_01,MEO,-0.03532332670830034,0.9890554428520641,1.0960360124842092,0.6439538669717796,1.610652722496531
2024-01-05 05:00:00,MEO_01,MEO,-0.37678304667676815,0.5396034338175278,1.1365881568591452,0.9534267597199951,1.578615561259392
2024-01-05 05:15:00,MEO_01,MEO,-0.1920736467459937,0.6514503312051764,0.7885020101775001,0.767733128407659,1.2788811948480217
2024-01-05 05:30:00,MEO_01,MEO,-0.4753282517306293,0.5580801547758115,1.0060455508766912,0.2567347084287974,1.1787679246168001
2024-01-05 05:45:00,MEO_01,MEO,-0.5496572576638727,0.5255974375243296,0.8588652750241142,-0.2129732905382334,1.029203502450838
2024-01-05 06:00:00,MEO_01,MEO,-0.30388927788020836,0.12396699766822891,0.680579317062577,0.04043077089303714,0.6929579139884642
2024-01-05 06:15:00,MEO_01,MEO,-1.045254558956287,0.5423667909474783,0.5337323811628764,-0.1271492586275447,0.7714913639140712
2024-01-05 06:30:00,MEO_01,MEO,-1.1517401729954053,-0.1279748430402531,0.4443851430669269,-0.06450188785717298,0.4669220591993163
2024-01-05 06:45:00,MEO_01,MEO,-0.7498778416078,-0.062066033321457444,0.4940211186651956,-0.2017682363537678,0.5372331704025557
2024-01-05 07:00:00,MEO_01,MEO,-0.7968341732257979,-0.20809648248694368,0.43112758995139366,-0.28903008260571234,0.5592079519211085
2024-01-05 07:15:00,MEO_01,MEO,-0.7700408568698067,-0.5773548186882488,0.3512540396790636,-0.28802376296229926,0.7346262145365932
2024-01-05 07:30:00,MEO_01,MEO,-0.42403157232335176,-0.5007971908814004,0.04117213875972386,-0.6661698197116646,0.8344310637191208
2024-01-05 07:45:00,MEO_01,MEO,-1.0000706942102264,-0.46857058085540865,0.06559552255674408,-0.38175143338293405,0.6079435160544046
2024-01-05 08:00:00,MEO_01,MEO,-0.9145144380702303,-0.6713570055168034,0.12786431971059586,-0.5840541613851014,0.8989932016110004
2024-01-05 08:15:00,MEO_01,MEO,-1.4376306301032116,-0.05770370058606411,-0.2734304294345076,-0.4849944632939398,0.5597441792710686
2024-01-05 08:30:00,MEO_01,MEO,-0.9264325127906032,-0.8202987575299208,-0.25332289228739435,-0.40535262503533487,0.949406809531625
2024-01-05 08:45:00,MEO_01,MEO,-1.3283623062752625,-0.4008996522246791,-0.2161551840730871,-0.8419659446213735,0.957261848533462
2024-01-05 09:00:00,MEO_01,MEO,-1.1895191824289981,-0.46388180040934723,-0.04793000068448977,-0.6541650506743277,0.8033775720297265
2024-01-05 09:15:00,MEO_01,MEO,-1.2477483937537501,-0.5765043846790316,-0.014488471957733451,-0.6011319678979921,0.8330227273026417
2024-01-05 09:30:00,MEO_01,MEO,-0.8697974676986506,-0.7145452715711615,-0.21288037709391253,-0.648319511920257,0.9880340022554243
2024-01-05 09:45:00,MEO_01,MEO,-1.5281854696109594,-0.6653664935902186,-0.4048916464590579,-0.32514298216288334,0.8440188238508916
2024-01-05 10:00:00,MEO_01,MEO,-1.7697168512380528,-0.5666854224360015,-0.04106359854602394,-0.5296195321464569,0.7767338256816491
2024-01-05 10:15:00,MEO_01,MEO,-1.0687907964668797,-0.8088754352710894,-0.1649464954012662,-0.44375397803773753,0.9372323133324368
2024-01-05 10:30:00,MEO_01,MEO,-0.8077687619629053,-0.6043003630755874,-0.1873017690842329,-0.38308581657248386,0.7396050462066743
2024-01-05 10:45:00,MEO_01,MEO,-0.8222991676517943,-0.6535853327651475,-0.06694727429900213,0.036620219339967175,0.6580248971021551
2024-01-05 11:00:00,MEO_01,MEO,-0.5038807032831922,0.02526696415417068,0.30816372135705794,-0.17191498363528923,0.3537768509053699
2024-01-05 11:15:00,MEO_01,MEO,-0.6635773887344537,-0.02102775666085338,0.5924015124385902,0.1326710578383834,0.6074399789918942
2024-01-05 11:30:00,MEO_01,MEO,-0.8478398409478978,0.07386620237114182,0.43977259493992166,0.5384607789744614,0.6991395866396858
2024-01-05 11:45:00,MEO_01,MEO,-1.2872772396144792,0.17694627128037443,0.5727908385857713,0.2768421248671718,0.6603339229426197
2024-01-05 12:00:00,MEO_01,MEO,-0.5720473339796337,0.21184029062630966,0.8697715365690938,0.5891527956148142,1.0716715220342252
2024-01-05 12:15:00,MEO_01,MEO,-0.11890974146687805,0.5983317622218989,0.48737834528836493,0.7879070496990217,1.102876270533102
2024-01-05 12:30:00,MEO_01,MEO,-0.41894823548255944,0.24200368363364885,0.952335521592533,0.7654672721393403,1.2455717054010258
2024-01-05 12:45:00,MEO_01,MEO,-0.18244230985205448,0.47602551760486284,0.9504789355414086,0.6783686370163189,1.2610291463746128
2024-01-05 13:00:00,MEO_01,MEO,0.048006879363116595,0.717114137179106,1.1034163539150028,0.9043372991423473,1.5967486610137764
2024-01-05 13:15:00,MEO_01,MEO,-0.34484894717199926,0.3843918293170164,1.0029257597658208,0.6408442501475118,1.2507191974998457
2024-01-05 13:30:00,MEO_01,MEO,0.2180722964197933,1.4070943398074491,1.024814297672863,0.7990700144797257,1.9153776948355417
2024-01-05 13:45:00,MEO_01,MEO,0.580833163457398,0.7440049812385015,1.2507922011684454,0.8690571450841735,1.6950766543237394
2024-01-05 14:00:00,MEO_01,MEO,0.08567061404994594,0.8490396207010782,1.5519137717804294,1.495983990116771,2.316737518850093
2024-01-05 14:15:00,MEO_01,MEO,-0.1740223223721305,1.1492726656754986,1.4416880370950735,0.9328748837290628,2.066288364450718
2024-01-05 14:30:00,MEO_01,MEO,0.16652371330569937,1.0654749883856816,1.2448023136565853,0.9755405951232032,1.9069476143023933
2024-01-05 14:45:00,MEO_01,MEO,-0.44041281981071967,0.8645532880950275,1.1496149885012117,0.9498318155080876,1.723730688795078
2024-01-05 15:00:00,MEO_01,MEO,0.2817461073638343,0.8589272714162497,1.1175753242862194,1.2626592175135574,1.8923633273259026
2024-01-05 15:15:00,MEO_01,MEO,0.35436828814205373,0.46472345454065017,1.613283338195664,1.168954266735854,2.0457529411490283
2024-01-05 15:30:00,MEO_01,MEO,0.711705923464281,0.6392941129601385,1.205615162898633,1.3341804386570837,1.9084659616487258
2024-01-05 15:45:00,MEO_01,MEO,0.11415211332313761,0.8305486880824234,1.2695855647823004,1.2081457041028112,1.9394005960402056
2024-01-05 16:00:00,MEO_01,MEO,0.27091274504490587,0.7434294458907974,1.501484427198229,0.748431084147059,1.8350182325671411
2024-01-05 16:15:00,MEO_01,MEO,-0.20816745044453472,0.8279800989766876,0.9173590899533529,0.7913454198582073,1.4674216564273719
2024-01-05 16:30:00,MEO_01,MEO,-0.14466881001287568,0.45438786005348386,1.4057180692673765,1.1742716560063602,1.8871739558738896
2024-01-05 16:45:00,MEO_01,MEO,-0.5783331588091474,0.10178712790373723,1.034942042487978,0.7890859683040584,1.305420359918763
2024-01-05 17:00:00,MEO_01,MEO,-0.2309911421705323,0.5403440787862841,0.7878041132032813,1.0373706952860882,1.4102287061671055
2024-01-05 17:15:00,MEO_01,MEO,-0.3599752127086384,0.5701172143122288,0.8504444922828985,0.6823274383469041,1.2303902655785688
2024-01-05 17:30:00,MEO_01,MEO,-0.2663222741261532,0.3701065177697968,0.6750811957937727,0.4058913747340285,0.8703225054504304
2024-01-05 17:45:00,MEO_01,MEO,-0.6617378734481872,-0.022631521712217086,0.7865580912788999,0.5064944982873766,0.9358004560410825
2024-01-05 18:00:00,MEO_01,MEO,-0.5412837328010357,0.15709667354995294,0.5104006770632159,0.2814906176071188,0.6036763899539942
2024-01-05 18:15:00,MEO_01,MEO,-0.7261747306366759,0.5987587913436341,0.16184159300397832,0.28356725314005365,0.6819935325871868
2024-01-05 18:30:00,MEO_01,MEO,-0.8015464066167315,-0.2479312757799365,0.35749901838556597,0.3489809177045399,0.5577303529290951
2024-01-05 18:45:00,MEO_01,MEO,-0.7787046995921555,-0.7131980640478448,0.0408235925779023,0.32873476640896315,0.7863743325659326
2024-01-05 19:00:00,MEO_01,MEO,-0.8658688360188262,-0.6464241616235322,0.22155820678685617,-0.1660886956431149,0.7032337382021181
2024-01-05 19:15:00,MEO_01,MEO,-0.7204308439766987,-0.4661682673243769,-0.11324720538254443,0.029556137279601997,0.48063639920220214
2024-01-05 19:30:00,MEO_01,MEO,-1.049077054946735,-1.073956952758467,-0.06852221911287867,-0.15076920612576927,1.0866509027310474
2024-01-05 19:45:00,MEO_01,MEO,-1.1560340864692797,-0.8025181162777568,-0.03175968426959533,-0.2663737472003672,0.846167227973566
2024-01-05 20:00:00,MEO_01,MEO,-1.1326415051746934,-0.8157993682457367,-0.1832054593401339,-0.17301258177825604,0.8538303127763445
2024-01-05 20:15:00,MEO_01,MEO,-1.3407232433901437,-0.6145316888141298,-0.18195198664027118,-0.3723934957450724,0.7412372344076645
2024-01-05 20:30:00,MEO_01,MEO,-1.249021183328146,-0.7104796970531269,-0.14026184407895748,-0.011833675626665596,0.7242891830670743
2024-01-05 20:45:00,MEO_01,MEO,-0.5601903634623495,-0.8297985422168486,-0.4894664074539238,-0.05959145895946566,0.9652430402090321
2024-01-05 21:00:00,MEO_01,MEO,-1.472407002629287,-1.539341043241533,-0.3131198841008712,-0.052460328452974964,1.5717401169686638
2024-01-05 21:15:00,MEO_01,MEO,-1.2801086836014826,-0.8670405294367264,-0.8560289774167937,-0.3674761901625192,1.2726286340482522
2024-01-05 21:30:00,MEO_01,MEO,-1.29183501841032,-0.872684099649097,-0.21819382526378356,-0.4534757501774206,1.0073858938671774
2024-01-05 21:45:00,MEO_01,MEO,-1.257468938408686,-0.9476494864873087,-0.2542484414777217,-0.21739973585246097,1.0049599317297333
2024-01-05 22:00:00,MEO_01,MEO,-1.210831864392489,-1.3945785745514527,-0.29768325567862874,-0.18953275070896292,1.438536542775572
2024-01-05 22:15:00,MEO_01,MEO,-1.0399885127547122,-1.1404866452333604,-0.0412219083974072,-0.19049558421634621,1.1570210029612669
2024-01-05 22:30:00,MEO_01,MEO,-1.4929031524712073,-1.1921052108682766,0.1831566254986102,-0.2616865125001556,1.234155992598922
2024-01-05 22:45:00,MEO_01,MEO,-0.5471665669776473,-1.2875354869997688,-0.032083945010042386,0.003349374206082582,1.2879395281296058
2024-01-05 23:00:00,MEO_01,MEO,-0.5853187515128317,-0.7434772372664472,-0.0740278058632079,0.002105675837349205,0.7471565781313859
2024-01-05 23:15:00,MEO_01,MEO,-1.0506656139555421,-0.879885360711087,0.19374750446892336,0.3436251168648292,0.9642689274377677
2024-01-05 23:30:00,MEO_01,MEO,-1.2481799916274152,0.002321801571437687,0.0451499102221134,0.4740992855557069,0.4762499739842867
2024-01-05 23:45:00,MEO_01,MEO,-0.7702985465930329,-0.5457540694751036,0.30425848511977915,0.6413246491600536,0.8953870870948971
2024-01-06 00:00:00,MEO_01,MEO,-0.4371820499275269,-0.06125558008101073,0.758688316640629,0.29000267089384835,0.8145316181853336
2024-01-06 00:15:00,MEO_01,MEO,0.5135811119830671,-0.5851141497304387,0.6676902933768488,0.7759044840097319,1.1790660135848394
2024-01-06 00:30:00,MEO_01,MEO,0.005863195834346774,-0.2946494991592047,0.43148779781811314,0.6695449514797104,0.849288224969982
2024-01-06 00:45:00,MEO_01,MEO,-0.5922630382487445,-0.09471396841148028,0.5769718560117589,0.7125879787164529,0.9217640076793542
2024-01-06 01:00:00,MEO_01,MEO,-0.1946466378369529,-0.2064950752216625,1.0553846540952965,0.9933344872769895,1.4639639298167453
2024-01-06 01:15:00,MEO_01,MEO,0.08747489543427477,-0.023261272190966187,1.2587870103119156,1.3554003551015925,1.8499178216135646
2024-01-06 01:30:00,MEO_01,MEO,0.26561292159893296,0.09999948745713336,0.8699919965037783,1.1466938633763644,1.4428419136472754
2024-01-06 01:45:00,MEO_01,MEO,-0.12952526355361965,0.22541074313239523,1.2700969773323074,1.6032874937577537,2.0577869478126694
2024-01-06 02:00:00,MEO_01,MEO,0.27970684134297424,0.7213307807997555,1.5086173164812973,1.465836317647774,2.2237177008450515
2024-01-06 02:15:00,MEO_01,MEO,0.18412292310634054,0.4475934703486448,1.6550006462634688,1.3528966828120914,2.183963481424358
2024-01-06 02:30:00,MEO_01,MEO,0.095213231406034,0.5563047029294739,1.4204491054844626,1.7079318961460415,2.2900178919925653
2024-01-06 02:45:00,MEO_01,MEO,0.5331872208175232,0.602032209955407,1.4438083339277996,1.5102083434770956,2.174340021167571
2024-01-06 03:00:00,MEO_01,MEO,0.7310773303801212,0.570591934961875,0.9755791316885445,1.2112078817099825,1.6566092874139315
2024-01-06 03:15:00,MEO_01,MEO,0.7445159334789122,0.4308158921296978,1.7109377818844542,1.7003131026834013,2.450301016925892
2024-01-06 03:30:00,MEO_01,MEO,0.6518623721162842,0.31908378414209915,1.2252941197352758,1.370035701021622,1.8655181487281471
2024-01-06 03:45:00,MEO_01,MEO,0.29605055603179514,0.44428808322180646,1.1237719026738002,1.297133438555916,1.7727973227506562
2024-01-06 04:00:00,MEO_01,MEO,0.6478564642171347,0.5884759642098623,1.1809297226914777,1.087097230070402,1.7095845571411898
2024-01-06 04:15:00,MEO_01,MEO,0.46278385434039987,0.6300041305961542,1.421947356817416,1.4075910013558388,2.097653907875697
2024-01-06 04:30:00,MEO_01,MEO,0.37660723662427764,0.3135075033140659,1.4974347059620117,1.2269925795610348,1.9611497759099374
2024-01-06 04:45:00,MEO_01,MEO,0.07264829477330323,0.42967010462444455,1.0575344318340154,1.19094959591817,1.6496534221890753
2024-01-06 05:00:00,MEO_01,MEO,-0.0017384067982669227,0.1325831581958974,1.1354884210429135,0.8459680629944465,1.4221723565610123
2024-01-06 05:15:00,MEO_01,MEO,0.09438105783551509,0.11634281661445356,0.8590151900140992,0.9789730185740474,1.3076050316317713
2024-01-06 05:30:00,MEO_01,MEO,0.6975462376884927,-0.06617276934992358,0.5199095286743143,0.8957981155269646,1.0378530807351525
2024-01-06 05:45:00,MEO_01,MEO,-0.02991600377369677,-0.0886550556232576,0.8512485682483883,0.5288380719488244,1.0060584228438445
2024-01-06 06:00:00,MEO_01,MEO,-0.4802781215975972,0.18629702224952097,0.3627792867506796,0.32220732905149047,0.5197431618490673
2024-01-06 06:15:00,MEO_01,MEO,-0.6510284922170999,-0.1973327555258701,0.6439413456865904,0.6285459585302746,0.9212332468342811
2024-01-06 06:30:00,MEO_01,MEO,-0.6639744350949046,-0.3038063676711245,0.555218300649241,0.07927396211247195,0.6378479689411601
2024-01-06 06:45:00,MEO_01,MEO,0.00894674863224143,-0.7638280491226599,0.3469566794051494,0.3451826840042593,0.9071732532139385
2024-01-06 07:00:00,MEO_01,MEO,-0.8732733064190508,-0.5777624445398433,0.5127715440720929,0.11973436649663761,0.7817163278652205
2024-01-06 07:15:00,MEO_01,MEO,-0.5845950500970036,-0.6378831210355768,0.5054897211653071,0.34093186288724225,0.8824110546891587
2024-01-06 07:30:00,MEO_01,MEO,-1.0505349383144447,-0.8367495302509067,-0.008799142715222367,-0.11578220390268416,0.8447678497837134
2024-01-06 07:45:00,MEO_01,MEO,-0.9659776839408132,-0.6918409013928092,-0.1847281121365158,0.11365381605333644,0.7250417216664304
2024-01-06 08:00:00,MEO_01,MEO,-0.8581094193457948,-0.9231263006214966,-0.3998550555315689,-0.28406244425792754,1.0453409513508365
2024-01-06 08:15:00,MEO_01,MEO,-1.279015409451766,-0.84817024144783,0.3064591913275838,-0.02966185508143901,0.9023246755318726
2024-01-06 08:30:00,MEO_01,MEO,-1.3278773536342359,-0.8668642507074493,-0.21132734811771067,0.08274854200463705,0.8960804642558305
2024-01-06 08:45:00,MEO_01,MEO,-0.6389387064400657,-1.0674292331162623,0.04764292314772778,-0.5545843901298214,1.2038433708804888
2024-01-06 09:00:00,MEO_01,MEO,-0.8213007312449412,-1.0079300582091717,-0.31599968595899897,-0.35991756398928937,1.1159388229807736
2024-01-06 09:15:00,MEO_01,MEO,-0.8422585324351186,-0.8437558660853777,0.10369271910549671,0.16030780494986724,0.8650865470441799
2024-01-06 09:30:00,MEO_01,MEO,-0.7758397085722513,-0.5796837670657828,-0.24592961104823846,-0.338809086000417,0.715056809034326
2024-01-06 09:45:00,MEO_01,MEO,-0.8563994451773961,-0.7355086279675459,-0.30079638954428023,-0.31629558706554767,0.8552744051909397
2024-01-06 10:00:00,MEO_01,MEO,-0.36447167247734436,-0.834934185095281,-0.09560891152780682,-0.11372981373854041,0.8480510762549953
2024-01-06 10:15:00,MEO_01,MEO,-0.8806209554538821,-0.5264758644549373,-0.09112069935696365,-0.23283772098580596,0.5828320701700789
2024-01-06 10:30:00,MEO_01,MEO,-0.6358313676290899,-0.15844290371866382,0.18054514559029783,-0.5110340782981755,0.5646738284329187
2024-01-06 10:45:00,MEO_01,MEO,-1.1481174027332308,-0.24825929599237156,0.14354649839318095,0.14823265360389812,0.3228175875661435
2024-01-06 11:00:00,MEO_01,MEO,-0.8263947476817597,-0.2626714845426266,0.3499885175961606,-0.47209531966471074,0.6437097654147487
2024-01-06 11:15:00,MEO_01,MEO,-0.8481841639958684,-0.1338365632526819,0.2760005975607812,-0.07942769679596451,0.3168553527013692
2024-01-06 11:30:00,MEO_01,MEO,0.0014354560563549223,0.09392335116013928,0.3229817145749807,0.3374201120918809,0.47643584655968385
2024-01-06 11:45:00,MEO_01,MEO,-1.0731441269128728,0.11157591065892272,0.4492469475469492,0.12183999850338484,0.47866166438824415
2024-01-06 12:00:00,MEO_01,MEO,-0.27034633366737015,0.01829868172339527,0.9962755098986136,0.19552122749170975,1.0154448698853236
2024-01-06 12:15:00,MEO_01,MEO,-0.955531681572952,0.24501208131218127,0.759941046993123,0.5778151318771266,0.9856021720350012
2024-01-06 12:30:00,MEO_01,MEO,-0.21559450002793604,-0.13297263748567043,0.46621601467369844,0.3178303471024837,0.579702703286268
2024-01-06 12:45:00,MEO_01,MEO,-0.02681707744553935,-0.1415151839170385,0.8322099237087586,0.28855729284711495,0.8921127819136249
2024-01-06 13:00:00,MEO_01,MEO,0.6095084453163901,0.32197094633966117,1.0340027460073493,0.7162994986930054,1.2984267175568465
2024-01-06 13:15:00,MEO_01,MEO,0.37758629016996226,0.33578061678049526,1.4146726386421355,0.7029644693289879,1.6149942236017991
2024-01-06 13:30:00,MEO_01,MEO,0.07039334626938631,0.3447437065026019,1.3509999160594073,0.5567295412051418,1.501331668358516
2024-01-06 13:45:00,MEO_01,MEO,0.669953462118509,0.7084799600287692,1.0681112727213877,0.9936953469864046,1.6218002303919248
2024-01-06 14:00:00,MEO_01,MEO,0.3899581445349181,0.16706497034023726,1.7262072982960028,1.0319538088384614,2.0180760651128535
2024-01-06 14:15:00,MEO_01,MEO,0.49102348972286025,0.46866349025379095,1.3442678398700312,0.9216243058168786,1.695904730071282
2024-01-06 14:30:00,MEO_01,MEO,0.16942154203606513,0.5114461446454087,1.5947157219508483,1.0375428032428646,1.970073719755413
2024-01-06 14:45:00,MEO_01,MEO,0.2756378579116537,0.32500698264227895,1.1939079812693463,1.2184895050439297,1.7365950824550567
2024-01-06 15:00:00,MEO_01,MEO,0.36076043812096975,1.054866555100451,1.0019585829504314,1.3529552407660013,1.986744154271938
2024-01-06 15:15:00,MEO_01,MEO,0.6617448969784182,0.44808931723069684,1.1573721741138747,1.0370543469427633,1.6173361135342987
2024-01-06 15:30:00,MEO_01,MEO,0.6017453111202402,0.6144802207728761,0.817562078073213,1.1895951024728695,1.56879896769851
2024-01-06 15:45:00,MEO_01,MEO,0.9734772789897608,0.8954682544510559,1.7246059990290177,1.095840474086868,2.2309181050104523
2024-01-06 16:00:00,MEO_01,MEO,0.5564592917140794,0.7386289972251909,1.3498947183973697,1.1110974165025165,1.8979794559629912
2024-01-06 16:15:00,MEO_01,MEO,-0.44345305263224555,0.285922261586354,1.0785750664415963,0.9062219427189646,1.4374678859318852
2024-01-06 16:30:00,MEO_01,MEO,0.36929770964257114,0.6011925465467172,1.2525052054064236,0.6309129389360858,1.5258613646430934
2024-01-06 16:45:00,MEO_01,MEO,-0.23617182468672981,0.4719996963803211,1.1451989351210246,0.6183808571560461,1.3844346134370125
2024-01-06 17:00:00,MEO_01,MEO,-0.17310626411732202,0.8444800140191959,1.1172481986970693,0.7307552400624391,1.5796813768758624
2024-01-06 17:15:00,MEO_01,MEO,-0.22062686031516032,0.38241060889522666,1.1036110323594377,0.8898685899048253,1.4683532585315713
2024-01-06 17:30:00,MEO_01,MEO,-0.29475440085704585,0.20512714514986438,0.7180948268190341,0.27859895939330925,0.7970914038908128
2024-01-06 17:45:00,MEO_01,MEO,-0.6688965450651547,-0.07130309031971444,0.49138277765274463,0.39974279038743554,0.6374444786250809
2024-01-06 18:00:00,MEO_01,MEO,-0.3261424104585843,-0.21451691746266055,0.6975307822595866,0.029377956082865253,0.730362762181205
2024-01-06 18:15:00,MEO_01,MEO,-0.9292943500061979,-0.2878443652586267,0.5648031243949043,0.022305621791693816,0.6343141876869077
2024-01-06 18:30:00,MEO_01,MEO,-0.5079136348163351,0.14115038691159698,0.33393657125141757,0.1884423326733782,0.408592190439111
2024-01-06 18:45:00,MEO_01,MEO,-0.07231305215080641,-0.3033349194100273,0.6114249469247193,-0.06475810938850388,0.6855991188639007
2024-01-06 19:00:00,MEO_01,MEO,-1.2483268948048127,-0.2227557263478414,0.0651023894918772,-0.5238897260094254,0.5729911690039711
2024-01-06 19:15:00,MEO_01,MEO,-1.0508985274555946,-0.08654312569570438,-0.10883972923612092,-0.49616191782808267,0.5152790001234435
2024-01-06 19:30:00,MEO_01,MEO,-1.8034401351319242,-1.0103899515506403,0.04884624283534651,-0.19070553186574224,1.0293893381601689
2024-01-06 19:45:00,MEO_01,MEO,-1.232763295407971,-0.22080749383671333,-0.2093495837535081,-0.4382435504536279,0.5335172040960056
2024-01-06 20:00:00,MEO_01,MEO,-1.028755617674286,-0.4990893257875304,-0.06376277877618661,-0.7626867769006216,0.9136996042088292
2024-01-06 20:15:00,MEO_01,MEO,-1.0846097016796197,-0.43712422038983817,-0.34572828370337727,-0.7220526388237041,0.9121215069475016
2024-01-06 20:30:00,MEO_01,MEO,-1.3133907629803456,-0.7301063683587036,-0.26323274828252424,-0.4588595456187563,0.9016090458129606
2024-01-06 20:45:00,MEO_01,MEO,-1.111118004456768,-0.7105608302654438,0.13543742348109122,-0.39468169194221986,0.8240228316867724
2024-01-06 21:00:00,MEO_01,MEO,-0.594661767248419,-0.4556201184236889,-0.2311062526666835,-0.6350181295796175,0.8150139981796932
2024-01-06 21:15:00,MEO_01,MEO,-0.824801061053099,-0.03126806972215401,-0.2995497864836062,-0.18357611751350666,0.3527151225675706
2024-01-06 21:30:00,MEO_01,MEO,-1.4741551098192955,-0.34406536830482726,0.0685853749654983,-0.49811114442538273,0.6092615559237747
2024-01-06 21:45:00,MEO_01,MEO,-1.7375637903499932,-0.26184168136568603,-0.3088213902241192,-0.6971734997842789,0.8062149874331456
2024-01-06 22:00:00,MEO_01,MEO,-1.364933851661225,-0.5463803566482625,-0.2105177251864344,-0.7753439393712862,0.9716004482648917
2024-01-06 22:15:00,MEO_01,MEO,-1.4478590712656005,-0.5975932541217598,0.10631985411660057,-0.7517569774966273,0.966209170918013
2024-01-06 22:30:00,MEO_01,MEO,-0.9526017622218603,-0.5605196364531004,0.2330949650606788,-0.4009256735281008,0.7275004613607583
2024-01-06 22:45:00,MEO_01,MEO,-1.318133556959058,-0.4258634542419301,0.3971541834024013,-0.4933699700987662,0.7632201873955865
2024-01-06 23:00:00,MEO_01,MEO,-0.8833034051265826,-0.6621822218939388,0.11981022025256957,0.00273604878143352,0.6729392764821335
2024-01-06 23:15:00,MEO_01,MEO,-0.48880562281857803,-0.3302938079805122,0.4353223239040274,0.049226574727979255,0.5486554300641886
2024-01-06 23:30:00,MEO_01,MEO,-0.6645599049094354,-0.19577187981444602,0.3448997353230989,-0.03417425852971065,0.3980582071733744
2024-01-06 23:45:00,MEO_01,MEO,-0.7944522944597209,-0.0005377019985940631,0.4251444288358725,-0.31225525502678964,0.5274954206298524
2024-01-07 00:00:00,MEO_01,MEO,-0.07153451799938859,0.16374948376806742,0.8669126820225358,-0.14771301509575593,0.8945225690358483
2024-01-07 00:15:00,MEO_01,MEO,-0.8921277363958618,0.31610789188602195,0.6737914969212663,0.3435748775264448,0.8197334183155749
2024-01-07 00:30:00,MEO_01,MEO,-0.3116247176156064,0.28300343410518053,0.9182794136722697,0.07402039471786984,0.9637463588122146
2024-01-07 00:45:00,MEO_01,MEO,-0.11440014541706629,0.27327580408841845,0.9967472990887715,0.5360644585505935,1.1642808712085213
2024-01-07 01:00:00,MEO_01,MEO,0.013359948402734892,0.08915984764663587,0.8725199303301148,0.4658664156611582,0.9931122919874745
2024-01-07 01:15:00,MEO_01,MEO,0.1820325938124528,0.5020969134125858,1.3055724936340936,0.45765928032688796,1.4717584256465857
2024-01-07 01:30:00,MEO_01,MEO,0.35499784076653307,0.5331396885482371,1.3007697870458177,0.43887701960400005,1.4727026192456585
2024-01-07 01:45:00,MEO_01,MEO,0.20740185559004526,0.928706663255584,0.9420512601917486,0.6060210348260331,1.4550663688834948
2024-01-07 02:00:00,MEO_01,MEO,0.17471262817776295,1.1041397740312404,1.3703617650662505,0.7168773272520386,1.900244486923005
2024-01-07 02:15:00,MEO_01,MEO,0.1927222195028305,1.1651552729530916,1.2620909691751179,0.900049498549581,1.9392136355758058
2024-01-07 02:30:00,MEO_01,MEO,0.25733899740503796,1.1857719859651914,1.6216763904558373,0.5201709246437245,2.075202956075963
2024-01-07 02:45:00,MEO_01,MEO,0.7136658077344527,0.9571220928276823,1.1839926338011915,0.7081724761950555,1.6791156939039553
2024-01-07 03:00:00,MEO_01,MEO,0.2906009537001264,0.8493489894035517,1.3974702132508297,0.7829289825110451,1.8130897645676383
2024-01-07 03:15:00,MEO_01,MEO,0.7203253788389288,0.851239655825074,1.5446060250852667,0.904261157549608,1.9819447432841955
2024-01-07 03:30:00,MEO_01,MEO,0.4409317296507854,0.5787394862318318,1.4911426334732052,0.5290986258457321,1.6847525343970051
2024-01-07 03:45:00,MEO_01,MEO,0.24792295535396375,1.091916415762849,1.5926726072518513,0.4262350466710263,1.9775145531483325
2024-01-07 04:00:00,MEO_01,MEO,0.548233147639484,0.8321075320438707,1.165098894052873,0.8070123051425637,1.6435106444616912
2024-01-07 04:15:00,MEO_01,MEO,0.07577871654272489,0.5364609493596507,1.6372580545362705,0.34741063625585383,1.7575831239276987
2024-01-07 04:30:00,MEO_01,MEO,0.41058569401099165,0.546880607746587,1.362415099814231,0.8527634927620398,1.6977805741375447
2024-01-07 04:45:00,MEO_01,MEO,0.24104303799026194,0.46502043940095716,1.416262892138296,0.4594867682372002,1.5598630320940543
2024-01-07 05:00:00,MEO_01,MEO,-0.05104740313979522,0.5666926042449658,1.265609855022228,0.106332176124318,1.3907607071364432
2024-01-07 05:15:00,MEO_01,MEO,0.20000811679407746,0.7000491022092332,1.010060902745601,0.24250952641096313,1.2526382730697962
2024-01-07 05:30:00,MEO_01,MEO,0.07129773447027055,0.26596101614380174,0.7019205919258312,0.265758204701669,0.7962758333919265
2024-01-07 05:45:00,MEO_01,MEO,0.1665314221640049,-0.2162069813123641,0.7355639323097118,-0.047329038068174706,0.7681404787716828
2024-01-07 06:00:00,MEO_01,MEO,0.04598836746279206,0.18366968419507673,0.9955170714187566,-0.01825539526033501,1.0124831118762465
2024-01-07 06:15:00,MEO_01,MEO,-0.16470750411612517,0.08168892542405218,0.8450695323376443,0.043406504303704824,0.8501174740223664
2024-01-07 06:30:00,MEO_01,MEO,-0.7338624656328248,-0.08534024342663443,0.4112561851140119,-0.2878711714981935,0.5091997823275164
2024-01-07 06:45:00,MEO_01,MEO,0.27705527145582376,-0.292019676713533,-0.08854347589904887,-0.5115637214660933,0.5956617159364873
2024-01-07 07:00:00,MEO_01,MEO,-0.9717874332314346,-0.20723415024009081,0.27757442966889323,-0.4772517531482456,0.5897141620436276
2024-01-07 07:15:00,MEO_01,MEO,-0.3372401856472546,-0.31062898302940817,0.16308979329889223,-0.20481564077809522,0.40624880613178604
2024-01-07 07:30:00,MEO_01,MEO,-0.5905007896524397,-0.4460626014912236,0.0845914224258636,-0.24824826543479594,0.5174502434906509
2024-01-07 07:45:00,MEO_01,MEO,-1.1347323008866332,-0.44732412611254074,0.15044077070175388,-1.0347882910772006,1.1373293747381006
2024-01-07 08:00:00,MEO_01,MEO,-0.8442322449072146,-0.6743174294870996,0.13862233700872786,-0.455747766388525,0.8256065495113156
2024-01-07 08:15:00,MEO_01,MEO,-0.8941964192678162,-0.7016630047714247,0.09433817080214371,-0.6797259639911225,0.9814571049510109
2024-01-07 08:30:00,MEO_01,MEO,-0.5372635895149904,-0.3484772245159481,-0.03217855620412452,-0.5813708389885753,0.6785748948435983
2024-01-07 08:45:00,MEO_01,MEO,-1.1628394898127474,-0.5986105042004033,-0.46443224525135707,-0.9132926777209255,1.1866487944404343
2024-01-07 09:00:00,MEO_01,MEO,-1.042516177491112,-0.432865151376212,-0.23043061217724853,-1.1189608187308735,1.2216971065526836
2024-01-07 09:15:00,MEO_01,MEO,-1.6430975279042581,-0.31293718187663494,0.22360827208293216,-0.6519026190941004,0.7569064433115579
2024-01-07 09:30:00,MEO_01,MEO,-0.4159714678215771,-0.45851387376041913,-0.09948982272944247,-0.9609188604495487,1.0693447777144565
2024-01-07 09:45:00,MEO_01,MEO,-1.181031134136917,-0.30831471331619686,-0.053570971306946366,-1.0378101607893477,1.0839639021903036
2024-01-07 10:00:00,MEO_01,MEO,-0.7524841636513918,-0.8209057016787119,0.01411696013288262,-0.9770489043577122,1.2762092387687127
2024-01-07 10:15:00,MEO_01,MEO,-0.7925084427322024,-0.3426661144661529,0.0668469957646859,-0.5214608134444145,0.62754280077474
2024-01-07 10:30:00,MEO_01,MEO,-0.7457350196419427,-0.35613316294165237,-0.32305981077693585,-0.5828302436199017,0.7555723419793031
2024-01-07 10:45:00,MEO_01,MEO,-0.44534882028709655,0.1319921248525236,0.11271983035601495,-0.3300821610396725,0.3729368769848233
2024-01-07 11:00:00,MEO_01,MEO,-0.09674776088203874,0.0468513972419122,0.2505333768986151,-0.2603327895365102,0.36432840634735564
2024-01-07 11:15:00,MEO_01,MEO,-0.4387577314991696,-0.2563661158575449,0.5611250623536748,-0.3729109535485242,0.720865799048456
2024-01-07 11:30:00,MEO_01,MEO,-0.2512195876087887,0.12864040962396173,0.4250074374278471,-0.2102770336926678,0.49132077887648246
2024-01-07 11:45:00,MEO_01,MEO,-0.2942475496147344,0.14964988671412405,0.21352906198488342,-0.19769049996932375,0.3272174852965769
2024-01-07 12:00:00,MEO_01,MEO,0.013273684528029572,0.265843775571116,0.6792685906610767,-0.040918037618518706,0.7305840246481864
2024-01-07 12:15:00,MEO_01,MEO,-0.3038538615902587,0.035380623476071404,0.573125049935314,-0.06219657550086494,0.5775746924727109
2024-01-07 12:30:00,MEO_01,MEO,0.2725154093513908,0.40415991736876145,0.611227085147814,0.30580010835794125,0.7940135355883713
2024-01-07 12:45:00,MEO_01,MEO,0.38041401838540545,0.3688004179965082,0.7583605668094311,0.5579029309299012,1.011128170879486
2024-01-07 13:00:00,MEO_01,MEO,0.4753796341297495,0.5960831570730404,1.074470378010173,0.26230889794910894,1.2564265522945475
2024-01-07 13:15:00,MEO_01,MEO,0.0357312216416798,0.4935999091717922,1.268803224789446,0.766842724533868,1.5625460817975978
2024-01-07 13:30:00,MEO_01,MEO,0.22100607423732707,0.6286314740698102,1.2059751022893253,0.589567066874446,1.4822762238786227
2024-01-07 13:45:00,MEO_01,MEO,0.371716113341939,1.0708162950772726,1.2946544359117667,0.7136409314270935,1.8253933891731835
2024-01-07 14:00:00,MEO_01,MEO,-0.06150771127270893,0.6382336692660284,1.3057489022911497,0.3621925227781547,1.497833714394133
2024-01-07 14:15:00,MEO_01,MEO,0.8674690496926327,0.71237441409863,1.2884215279301783,0.3755842017208799,1.5193981808856465
2024-01-07 14:30:00,MEO_01,MEO,0.4388353342286544,0.8850457408925116,1.4627472610510426,0.7844425710566131,1.8810331364625694
2024-01-07 14:45:00,MEO_01,MEO,0.5656483753395773,0.7646100397370132,0.9236758101742181,0.9206171280798355,1.511734570512165
2024-01-07 15:00:00,MEO_01,MEO,0.3278584826016113,0.6927211289813284,1.3660070182323756,0.655253109215068,1.665891465112084
2024-01-07 15:15:00,MEO_01,MEO,0.08638934958813643,0.9735042642331929,1.1629965873575585,1.1012464194843046,1.874303948433268
2024-01-07 15:30:00,MEO_01,MEO,0.24417067119791178,0.5824994739033045,1.5195690457926547,0.9311777712820246,1.8749634033118046
2024-01-07 15:45:00,MEO_01,MEO,0.4665163756542297,0.6497918197335137,1.2648456677105295,0.5481979938435866,1.5240029568779778
2024-01-07 16:00:00,MEO_01,MEO,0.5686876769393162,1.2482565054876105,1.2359470063222648,0.6907133252796628,1.8875365436589562
2024-01-07 16:15:00,MEO_01,MEO,0.29222940138756165,0.8155168896907256,0.9371207815065257,1.0944402016664283,1.6556154479606333
2024-01-07 16:30:00,MEO_01,MEO,0.25525474172391543,0.5601349125751118,1.3164981515379328,0.29898340285117037,1.4616119794489875
2024-01-07 16:45:00,MEO_01,MEO,-0.04800952206975724,0.7697600793728451,1.1575604644819255,0.5693496690848716,1.5022103229623849
2024-01-07 17:00:00,MEO_01,MEO,0.11714986617399845,0.6599070508334303,1.0471916660548521,0.30870902958338586,1.275691563874563
2024-01-07 17:15:00,MEO_01,MEO,0.2972429075338869,0.7123802816678365,0.7027327369445427,0.45002580606624965,1.097197425903056
2024-01-07 17:30:00,MEO_01,MEO,-0.03680503077111891,0.40814148339075684,0.6334118218145824,0.4437134179746225,0.8744550324456929
2024-01-07 17:45:00,MEO_01,MEO,-0.11391266438483644,0.5380612243959663,0.6843694492548829,0.02917715287218388,0.8710469163722725
2024-01-07 18:00:00,MEO_01,MEO,-0.37731517950067006,-0.21892560852125906,0.4068839746103452,0.20193572757613612,0.5042430256660166
2024-01-07 18:15:00,MEO_01,MEO,-1.0397622672570206,-0.10769670964098585,0.491780234692602,0.3189137313384759,0.5959465987301505
2024-01-07 18:30:00,MEO_01,MEO,-1.0214599789979706,0.12807737562837768,-0.06766222425912866,-0.24231128086764947,0.2823061238713501
2024-01-07 18:45:00,MEO_01,MEO,-0.6987788135966562,0.03787097209471514,0.1236761611039681,-0.21644728999744509,0.2521496236365453
2024-01-07 19:00:00,MEO_01,MEO,-0.9215631969054819,-0.3231954238024401,0.4072129812690924,-0.5840875762117359,0.7819437260863478
2024-01-07 19:15:00,MEO_01,MEO,-0.8572559078038567,-0.16670730476675782,0.0754672167389988,-0.5004990545229034,0.5329033025261225
2024-01-07 19:30:00,MEO_01,MEO,-0.5842239698413005,-0.48914632971679567,-0.0517452861768652,-0.6140999054800675,0.7868039148527196
2024-01-07 19:45:00,MEO_01,MEO,-0.8966958751911935,-0.4030966687250309,0.18995812182967658,-0.44435803206863284,0.6293052304328828
2024-01-07 20:00:00,MEO_01,MEO,-0.8017718490895269,-0.21502965789082618,-0.6154719655481211,-0.4142803531831063,0.7724452764965507
2024-01-07 20:15:00,MEO_01,MEO,-1.1550446589207441,-0.27729680149891045,-0.3767407320874361,-0.7295100753300982,0.8666095114545126
2024-01-07 20:30:00,MEO_01,MEO,-1.4743589489720201,-0.7898084802338555,-0.3369182719882441,-0.3943675943013903,0.9449006068809158
2024-01-07 20:45:00,MEO_01,MEO,-1.3215903134516707,-0.8354805278408981,-0.12965637269406832,-0.40163203960978533,0.9360271270762429
2024-01-07 21:00:00,MEO_01,MEO,-1.5396067437810843,-0.6830518700318828,-0.16801184158020502,-0.5588411567237802,0.8983825880512137
2024-01-07 21:15:00,MEO_01,MEO,-0.814875045445711,-0.6183655895845365,-0.47248199564038385,-0.8067715644187897,1.1209351434143247
2024-01-07 21:30:00,MEO_01,MEO,-1.0213904562732539,-0.7135557296528846,-0.10437251129662095,-0.8106850209502061,1.085018711187904
2024-01-07 21:45:00,MEO_01,MEO,-1.083074174141909,-0.3130794759182295,-0.3219086237820378,-0.8677269288042038,0.9770332355035086
2024-01-07 22:00:00,MEO_01,MEO,-0.8202991814275225,-0.37557285426113485,-0.0011673075490072626,-0.4446426580078303,0.5820338691047438
2024-01-07 22:15:00,MEO_01,MEO,-1.74962229776231,-0.25355540641457164,-0.2963582988420632,-0.7819623982467508,0.8738328087720387
2024-01-07 22:30:00,MEO_01,MEO,-0.9031976011256942,-0.5702720408230149,-0.03336726658187804,-0.28648563204044614,0.6390599286367488
2024-01-07 22:45:00,MEO_01,MEO,-1.3687941608754706,0.049618235561454005,-0.008234554526209567,-0.5414386587654035,0.543769802760466
2024-01-07 23:00:00,MEO_01,MEO,-0.882755909036694,-0.7310052677099235,0.3734272695268697,-0.0808828879671396,0.8248385712440072
2024-01-07 23:15:00,MEO_01,MEO,-0.8608903754340947,0.19183184703336756,0.15469778386877836,-0.1209825479976958,0.27453167174327875
2024-01-07 23:30:00,MEO_01,MEO,-0.47268103877764556,0.31671574804220415,0.3281473580311508,0.26490130764181274,0.5274108990446629
2024-01-07 23:45:00,MEO_01,MEO,-0.5059175701251111,0.12864533904498354,0.5227061307327757,0.3769112777307989,0.6571403454698941
2024-01-01 00:00:00,MEO_02,MEO,0.6475975180544057,0.48586618945796994,-0.13565660623263157,-0.029677363006581782,0.5053211006360091
2024-01-01 00:15:00,MEO_02,MEO,0.20884307151274567,0.08886751849285036,0.15477955976323043,0.33851416066960166,0.3826826164557536
2024-01-01 00:30:00,MEO_02,MEO,0.32919117127513275,0.29710866877743664,0.7220414278131787,0.2722161336471936,0.8268730301316044
2024-01-01 00:45:00,MEO_02,MEO,0.19231181791375454,0.6190902381858625,0.6322753423728031,0.31344923809613134,0.9387732721231036
2024-01-01 01:00:00,MEO_02,MEO,0.5798017012685995,0.6497269980615594,0.4253762591634924,0.41102648671120556,0.8786540312592717
2024-01-01 01:15:00,MEO_02,MEO,0.13663098958627667,0.58221801340122,0.5198530480418302,0.30886373180895177,0.8394175430107456
2024-01-01 01:30:00,MEO_02,MEO,1.1124384746597267,0.5423334494296532,0.46926590325179696,0.4181484850041408,0.8301711954990063
2024-01-01 01:45:00,MEO_02,MEO,0.9494124705050052,0.7322876760866015,0.611694860998163,0.5938523380816838,1.1238667371912738
2024-01-01 02:00:00,MEO_02,MEO,0.8984119657696157,0.5452802239406398,0.8763094223433221,0.7399408742846633,1.2699453625040698
2024-01-01 02:15:00,MEO_02,MEO,0.27650969159003774,0.7696075815653819,0.7610987269536564,0.9124538484946768,1.4156762085329184
2024-01-01 02:30:00,MEO_02,MEO,0.7761656500205323,0.5568816327818896,1.0468111508196964,0.799686061195969,1.430184790466394
2024-01-01 02:45:00,MEO_02,MEO,1.0699415504911216,0.43442929810031555,1.170692047669568,1.0828201640381256,1.6528001068405858
2024-01-01 03:00:00,MEO_02,MEO,0.8690777848058735,0.8358078621177041,0.9319230147219926,1.134987716230699,1.6897492132683098
2024-01-01 03:15:00,MEO_02,MEO,0.41602503906302113,1.059213515978313,0.897051051102391,1.003562112500812,1.712825377661756
2024-01-01 03:30:00,MEO_02,MEO,0.4661183331608312,0.9661101299531873,0.5739291123493848,1.0669063188394943,1.54953299493104
2024-01-01 03:45:00,MEO_02,MEO,0.4807902464725907,0.752909553980984,0.9119480215068905,0.6318513428490682,1.3408050230612754
2024-01-01 04:00:00,MEO_02,MEO,0.43884514110330575,1.0523123804517789,0.5589639233166649,0.5565184205107123,1.3151101725670689
2024-01-01 04:15:00,MEO_02,MEO,0.9701989567234335,0.5339662283229794,0.6068854905141559,0.7989033581582886,1.1365194706922828
2024-01-01 04:30:00,MEO_02,MEO,-0.003999511324638494,0.15787833857187694,0.7588555028545573,0.40188621288762,0.8730978021459066
2024-01-01 04:45:00,MEO_02,MEO,0.688028601879489,0.004407421244614462,0.6906462190893744,0.49539884339325024,0.8499597868957364
2024-01-01 05:00:00,MEO_02,MEO,0.03703956593693203,0.12664159043616546,0.3215601667739181,0.572751551791403,0.6689419805658273
2024-01-01 05:15:00,MEO_02,MEO,-0.0006384320866424376,0.41206502320942073,0.27302048652646904,0.6075886772400286,0.7832635381058013
2024-01-01 05:30:00,MEO_02,MEO,-0.39453432646830294,0.01166141983391819,0.10512782015540095,0.22582309877562295,0.24936703716368366
2024-01-01 05:45:00,MEO_02,MEO,-0.04918022057532881,0.1389667942820345,-0.09910050177858573,0.06635789228242578,0.18312850470082148
2024-01-01 06:00:00,MEO_02,MEO,0.40680711754618004,0.25942352479039255,-0.12096597830921695,0.13964332902632262,0.31848640860251975
2024-01-01 06:15:00,MEO_02,MEO,-0.016121576513611804,-0.3769141775866074,-0.3845469682201379,-0.20131840931281764,0.574865001510208
2024-01-01 06:30:00,MEO_02,MEO,-0.4882427761687153,-0.1595719748153647,-0.08618081746850409,-0.12875435037731175,0.22241409844499194
2024-01-01 06:45:00,MEO_02,MEO,0.006517872449873896,-0.23785559997261294,-0.22570577802632408,-0.18375621626118915,0.3758786129689063
2024-01-01 07:00:00,MEO_02,MEO,-0.05078631438987613,-0.5860502043430962,-0.2805672639539004,-0.2981799020328419,0.7149014516627292
2024-01-01 07:15:00,MEO_02,MEO,-0.4304778451628599,-0.22423050211703976,-0.6045308583778917,-0.38588436700030015,0.7514277220771088
2024-01-01 07:30:00,MEO_02,MEO,0.03538239739064408,-0.5997779746367563,-0.7174833961895327,-0.6391936680607638,1.132733237773135
2024-01-01 07:45:00,MEO_02,MEO,-0.3976645102689604,-0.669991486403261,-0.5808542790443925,-0.6905155764139814,1.1238736791149462
2024-01-01 08:00:00,MEO_02,MEO,-0.5080503770481739,-0.24170952900974735,-0.6837882136014479,-0.7583858776287453,1.0493516840702621
2024-01-01 08:15:00,MEO_02,MEO,-0.9745151278895663,-0.5800404106577015,-0.7714310421334266,-0.9989697809779863,1.389062041116316
2024-01-01 08:30:00,MEO_02,MEO,-0.6619187550515945,-0.5294774440047398,-0.8026982696295913,-0.6488561908378663,1.1600367374203104
2024-01-01 08:45:00,MEO_02,MEO,-0.7737033474583789,-0.4744256933292157,-0.413464105495888,-0.5770129076883883,0.8538010310742371
2024-01-01 09:00:00,MEO_02,MEO,-0.7139867949234585,-0.8786705804626949,-0.6561126344250394,-0.6005350912029718,1.2502752392129408
2024-01-01 09:15:00,MEO_02,MEO,-1.140120527792357,-0.47054426442800856,-0.3946728007438277,-0.7631639815873712,0.9795906222628727
2024-01-01 09:30:00,MEO_02,MEO,-0.8954833862162586,-0.7933421079640487,-0.5023413014917845,-0.8882886092807003,1.2925924093971544
2024-01-01 09:45:00,MEO_02,MEO,-1.153963884438381,-0.7322267636240759,-0.3542542888561869,-0.5870156561848541,1.003114906252781
2024-01-01 10:00:00,MEO_02,MEO,-1.4262991302696242,-0.6111336291471042,-0.7866707250705456,-0.5697911296303515,1.147604929304053
2024-01-01 10:15:00,MEO_02,MEO,-0.5099580504369332,-0.6147894582438358,-0.45006352352639367,-0.5967598743040184,0.9678045261084955
2024-01-01 10:30:00,MEO_02,MEO,-1.1809454313176415,-0.28170845003582085,-0.580762752597938,-0.25917845467352435,0.6955706268910975
2024-01-01 10:45:00,MEO_02,MEO,-0.6376163764429532,-0.3208986836438813,-0.709616713550305,-0.47497135087869796,0.9122113951655321
2024-01-01 11:00:00,MEO_02,MEO,-0.5126583924137065,-0.3871863689107088,-0.12103420794059006,-0.41986019033936794,0.5838194440012047
2024-01-01 11:15:00,MEO_02,MEO,-0.44993408776520605,-0.048586344293445854,-0.29184174218312947,-0.33683011655137446,0.44831547234988217
2024-01-01 11:30:00,MEO_02,MEO,-0.5076841152330558,-0.12913193959151625,-0.3428546980594719,-0.44906792846680443,0.5795570775873465
2024-01-01 11:45:00,MEO_02,MEO,-0.2879973680449655,-0.03673258215605073,-0.12556276019907092,0.02388560685847102,0.13298801282693806
2024-01-01 12:00:00,MEO_02,MEO,-0.17978560707019117,0.14232372008489377,-0.08504090599941122,-0.052262202662906126,0.17383709275980935
2024-01-01 12:15:00,MEO_02,MEO,0.05316700440694072,0.34172286756895753,0.038858212506290346,0.13078441935049506,0.36795250134165614
2024-01-01 12:30:00,MEO_02,MEO,0.4515524204370678,0.40815334396777414,0.23605864717161656,0.476706270399209,0.670493628108794
2024-01-01 12:45:00,MEO_02,MEO,0.11876608404227408,0.38938780111387544,0.6144815344116049,0.1712961089256259,0.7473638824041468
2024-01-01 13:00:00,MEO_02,MEO,0.16167560573330197,0.67867171994333,0.34045852212688427,-0.09251175560612607,0.7648958972729475
2024-01-01 13:15:00,MEO_02,MEO,-0.009299574658012566,0.5795425808643445,0.78320014267108,0.491840918921092,1.0914117261785534
2024-01-01 13:30:00,MEO_02,MEO,0.4749050827061716,0.5676794487097391,0.754630654628646,0.548883521074026,1.0922456230625384
2024-01-01 13:45:00,MEO_02,MEO,0.5803722510943354,0.49237064798722785,0.7560177396448687,0.43748557410339706,1.0026890371424622
2024-01-01 14:00:00,MEO_02,MEO,0.40719113350577096,1.045585958483565,0.8626927469001752,0.7136069232972466,1.5319019593661753
2024-01-01 14:15:00,MEO_02,MEO,0.6400396694558048,0.9022783016711455,0.7749614799031367,0.8271372330035492,1.4487330434628023
2024-01-01 14:30:00,MEO_02,MEO,0.4302835025874836,0.9847173296554859,1.0286687750040913,0.5450768915172816,1.5247742408823646
2024-01-01 14:45:00,MEO_02,MEO,0.7233409260647796,1.1867631526110392,0.9608285483863439,0.7013309025913389,1.6803164329134805
2024-01-01 15:00:00,MEO_02,MEO,0.7952237237923108,0.8795973314446731,0.5958291115645624,1.053458719664036,1.4961547612826007
2024-01-01 15:15:00,MEO_02,MEO,0.8068978220300895,0.7130835285088949,0.874145793678409,0.6441469796910982,1.2990551638331282
2024-01-01 15:30:00,MEO_02,MEO,0.5821222847896947,0.9564086801878577,0.945834990589991,0.7786396352602523,1.5542204073300758
2024-01-01 15:45:00,MEO_02,MEO,0.17181452478083198,0.9683888500684604,0.7049289251057355,0.26557342880514484,1.2268785597910512
2024-01-01 16:00:00,MEO_02,MEO,0.19812339152894318,0.823960671725395,0.6929977144765386,0.4233645883169662,1.15689005331564
2024-01-01 16:15:00,MEO_02,MEO,0.4640243941350728,1.1327191071197573,0.4903451124775852,0.6626267707978571,1.4009158227184215
2024-01-01 16:30:00,MEO_02,MEO,0.9740243182314634,0.28017180324745766,0.28797290210235016,0.7719724581675891,0.8702678368465032
2024-01-01 16:45:00,MEO_02,MEO,0.08456756904007282,0.9132371365447487,0.14942590025074512,0.2201605515784164,0.9512101953309322
2024-01-01 17:00:00,MEO_02,MEO,0.21266212542480997,0.7785319243257818,0.018507283585285528,0.37982460490652065,0.8664416929214023
2024-01-01 17:15:00,MEO_02,MEO,-0.1832500739778415,0.6028505624667202,0.25048298115426004,0.2211979419265603,0.6892742952025066
2024-01-01 17:30:00,MEO_02,MEO,-0.4184708513873338,-0.2181314319606239,-0.3396922284042446,0.35896088384458924,0.5402083373828309
2024-01-01 17:45:00,MEO_02,MEO,-0.43210612255554665,0.6010743497419633,-0.1804102065081773,-0.15925873627167791,0.6474577682049224
2024-01-01 18:00:00,MEO_02,MEO,-0.8833818812948874,0.0018003050289878975,-0.3087193296548121,0.019171465994415694,0.3093192698638237
2024-01-01 18:15:00,MEO_02,MEO,-0.010350618652208599,-0.02412457763805384,-0.2904014293811311,-0.340631107313204,0.44826837575523665
2024-01-01 18:30:00,MEO_02,MEO,-1.1430094102538129,-0.058091875649453846,-0.6457421340149503,-0.29447081488321775,0.7120889203439693
2024-01-01 18:45:00,MEO_02,MEO,-0.598672064743682,-0.038080211498684235,-0.37468355391166863,-0.4200577647164451,0.5641687635612584
2024-01-01 19:00:00,MEO_02,MEO,-0.945151249186793,-0.04297881447486912,-0.7581230453039343,-0.5734664650390755,0.9515574164699625
2024-01-01 19:15:00,MEO_02,MEO,-0.9683187305662366,-0.10039977694402444,-0.4089774995905717,-0.4908090332917304,0.6467118504732451
2024-01-01 19:30:00,MEO_02,MEO,-0.3654341236847833,-0.19248327809920493,-0.7797570985600291,-0.6356257155974551,1.0242514317448366
2024-01-01 19:45:00,MEO_02,MEO,-0.7779392016777256,-0.3952036639072628,-0.7685244271989459,-0.725018949930615,1.128037326033888
2024-01-01 20:00:00,MEO_02,MEO,-1.1053772959410824,-0.42965738500373807,-0.7785880360017996,-0.8528932358274749,1.2321654393845214
2024-01-01 20:15:00,MEO_02,MEO,-1.073884243899138,-0.7398026919263133,-0.7888952451566312,-0.826211445988355,1.360988274855566
2024-01-01 20:30:00,MEO_02,MEO,-1.1069284275782327,-0.7277094104412358,-0.8526690237368202,-0.8411319886552449,1.401466543455162
2024-01-01 20:45:00,MEO_02,MEO,-0.9163837636449158,-0.40429047345265445,-0.9518195620638104,-1.0923281948758625,1.5041915273570303
2024-01-01 21:00:00,MEO_02,MEO,-0.8170925021671146,-0.4122078809078743,-0.8395931244994754,-0.9968987141298122,1.3669817109321634
2024-01-01 21:15:00,MEO_02,MEO,-0.26173215061311805,-0.4261708198590316,-0.8020487220700806,-1.1488372298169414,1.464489911500599
2024-01-01 21:30:00,MEO_02,MEO,-1.3440955630402525,-0.6398435863839322,-0.9632500073179965,-0.9672228896741863,1.5075710629832533
2024-01-01 21:45:00,MEO_02,MEO,-0.7381983791031802,-0.3431888326627618,-0.7512725260968092,-1.0138687763648457,1.3077151368015358
2024-01-01 22:00:00,MEO_02,MEO,-0.8149965624656931,-0.6733157666974935,-0.5975704310947486,-0.7221447964339737,1.1540960310211896
2024-01-01 22:15:00,MEO_02,MEO,-0.4356988006389567,-0.12371322302284482,-0.6284455798842764,-0.6883338753458962,0.9402405715429878
2024-01-01 22:30:00,MEO_02,MEO,-0.5563486544569511,-0.31838194904236994,-0.5528189399435846,-0.9036441425707863,1.1061413030164176
2024-01-01 22:45:00,MEO_02,MEO,-0.3917680529425488,0.2037997689495205,-0.629740519961144,-0.6341828944480735,0.9166762852366949
2024-01-01 23:00:00,MEO_02,MEO,-0.36919796639522706,-0.35565268672741757,-0.7099807856219368,-0.4286149182941978,0.9023703772360411
2024-01-01 23:15:00,MEO_02,MEO,-0.6353449386188105,0.4068561552141608,-0.5708719698966751,-0.46786005176360684,0.8428047016276099
2024-01-01 23:30:00,MEO_02,MEO,0.07199072525222183,0.11459674169736295,-0.26756986542204975,-0.4810500765990465,0.5622590348634466
2024-01-01 23:45:00,MEO_02,MEO,0.08213746898027616,0.2071409566638656,-0.11741536390566895,-0.45239445172604875,0.5112284064498317
2024-01-02 00:00:00,MEO_02,MEO,0.24500567521483188,0.4003696982209186,0.2794801749330223,0.012381451759552853,0.488424368538033
2024-01-02 00:15:00,MEO_02,MEO,0.4869760751227027,0.2954655284973409,0.07288642388792274,0.16453095408395127,0.34595193910304683
2024-01-02 00:30:00,MEO_02,MEO,0.41691752081221134,0.5700508757516005,-0.16224158698885793,0.09750029429005916,0.6006551763536864
2024-01-02 00:45:00,MEO_02,MEO,0.8162496812797262,0.5280815935740713,-0.005132746571473376,0.38616064168698294,0.6542297423284882
2024-01-02 01:00:00,MEO_02,MEO,0.5868755273559334,0.628491217685168,0.5929989449260111,-0.1855828684404054,0.8837929398050861
2024-01-02 01:15:00,MEO_02,MEO,0.5305155327468333,0.9326007624835266,0.28382868145592133,0.7037108335277543,1.2022944064688104
2024-01-02 01:30:00,MEO_02,MEO,0.6333680065232167,0.7567792427517616,0.3633779411908006,0.5332449891508146,0.9945393752177171
2024-01-02 01:45:00,MEO_02,MEO,0.6777575800388085,0.8388409233477718,0.251595664262816,0.6156820868701975,1.0705227251448852
2024-01-02 02:00:00,MEO_02,MEO,0.63354235949728,0.7685167526466066,0.716836672466105,0.5735913976103751,1.197280211773078
2024-01-02 02:15:00,MEO_02,MEO,1.2807998975358748,0.9977085668827446,0.5976308811511242,0.9379587112372973,1.4941056182621832
2024-01-02 02:30:00,MEO_02,MEO,0.9026128114636492,1.3745253225813336,0.39724725226618407,0.498353707656496,1.5150847038318778
2024-01-02 02:45:00,MEO_02,MEO,0.8191598324830961,0.9621718906017196,0.3493836615947696,0.9606839092673558,1.40383662282285
2024-01-02 03:00:00,MEO_02,MEO,0.9122157547904592,1.0240286671879426,0.5680885509363923,0.7626276632697692,1.3974835475639893
2024-01-02 03:15:00,MEO_02,MEO,1.6715449981393473,1.2136227569946239,0.48875748647723505,0.7939339233684767,1.5303905225654133
2024-01-02 03:30:00,MEO_02,MEO,0.5398099126020337,1.0851105358049946,0.557676609399034,0.5988305675599713,1.359068108753201
2024-01-02 03:45:00,MEO_02,MEO,0.5920691291849759,1.5777303963980946,0.46997043406472105,0.38541737210368743,1.6907548501579948
2024-01-02 04:00:00,MEO_02,MEO,0.4649345745126282,1.046778277260754,0.2842237112848257,0.7594171879521081,1.3241005796987626
2024-01-02 04:15:00,MEO_02,MEO,0.726256170814391,1.1321043522563738,0.1625087745386317,0.586375358406314,1.2852647303750324
2024-01-02 04:30:00,MEO_02,MEO,0.787835260227686,1.168927965823325,0.13991313399155814,0.7005043604252434,1.3699177469183963
2024-01-02 04:45:00,MEO_02,MEO,0.4251754361666532,1.092043335631081,0.0001929566475650235,0.3175327971954792,1.137271190799851
2024-01-02 05:00:00,MEO_02,MEO,0.3032802772483112,0.8701675549285821,-0.03533700089792281,0.2102338281402834,0.8959009653847712
2024-01-02 05:15:00,MEO_02,MEO,0.42973973031114593,0.7195871461092759,-0.1033413047039136,0.42976147150451494,0.8444998570120219
2024-01-02 05:30:00,MEO_02,MEO,0.20316608818154794,1.0814767668417624,-0.3570475777034936,0.4049620698109765,1.2087469743283887
2024-01-02 05:45:00,MEO_02,MEO,0.3004494828711048,0.5537257657937565,-0.21088453122377837,-0.0357862672784173,0.5936035428963318
2024-01-02 06:00:00,MEO_02,MEO,0.4367738954856164,0.3871958443997825,-0.45495192295369724,-0.29176083871403424,0.6648505554835945
2024-01-02 06:15:00,MEO_02,MEO,0.24493655925576233,0.24880982961535503,-0.6153952801992886,-0.12482830467165412,0.6754256345830991
2024-01-02 06:30:00,MEO_02,MEO,0.19947265209398035,-0.11856648941993253,-0.6099470833125054,-0.41452213417144246,0.74694180266795
2024-01-02 06:45:00,MEO_02,MEO,0.0806503129132311,0.2577635123641119,-0.5950609703612887,-0.36672044705418444,0.7449989751947469
2024-01-02 07:00:00,MEO_02,MEO,-0.23051815622400118,-0.4836131619978753,-0.7095844496345128,-0.5722045071363264,1.0318962058307144
2024-01-02 07:15:00,MEO_02,MEO,-0.4165533941379177,-0.11502396960353524,-0.7533705622364822,-0.333384192528337,0.8318309548553958
2024-01-02 07:30:00,MEO_02,MEO,-0.6999660101313578,-0.2601373705166985,-0.7660207360906,-0.8089772582485544,1.1440731724953064
2024-01-02 07:45:00,MEO_02,MEO,-0.6721358574409103,0.17439151136354508,-0.7917270310778233,-0.70358558956194,1.0734415553788612
2024-01-02 08:00:00,MEO_02,MEO,-0.8076682361733876,-0.6995668230270737,-1.0144143612921013,-0.9539785778705369,1.5583662481303124
2024-01-02 08:15:00,MEO_02,MEO,-0.5903706675666796,-0.5660256238107928,-1.2629890421801888,-0.9852182324527264,1.6988764796284932
2024-01-02 08:30:00,MEO_02,MEO,-0.6992414035213818,-0.4752313709502272,-1.1873615050063937,-1.0622810700682077,1.6625622608887574
2024-01-02 08:45:00,MEO_02,MEO,-0.6238649314311684,-0.5109544001488975,-1.3283511686143379,-0.869806075299532,1.667978967139146
2024-01-02 09:00:00,MEO_02,MEO,-1.0993531635608584,-0.6461945495823597,-0.9209972060580214,-0.8269767877095282,1.3963143832557912
2024-01-02 09:15:00,MEO_02,MEO,-0.34036207844272404,-0.5514862056544854,-0.8651848687860526,-0.8809255832604599,1.352298700526737
2024-01-02 09:30:00,MEO_02,MEO,-0.8547990798589258,-0.7679739682817733,-1.0740097770968529,-0.9871492231252771,1.6485583416958356
2024-01-02 09:45:00,MEO_02,MEO,-1.0150612769542806,-0.408510269814105,-1.0269268811893713,-0.9234144895181703,1.4401922716446665
2024-01-02 10:00:00,MEO_02,MEO,-0.7675456796098822,-0.9339421317356013,-1.0964380322623823,-0.7225245842201856,1.6113553421963749
2024-01-02 10:15:00,MEO_02,MEO,0.13856691064173243,-0.41477469006268586,-1.011062398955512,-0.622475647172825,1.2576808615151538
2024-01-02 10:30:00,MEO_02,MEO,-0.5886103398369967,-0.4857815156662815,-1.2614570590711267,-1.205434161871437,1.811167886047591
2024-01-02 10:45:00,MEO_02,MEO,-0.4583857736385765,-0.10408470897211097,-0.9520429387679735,-0.6768328568467227,1.1727412758179294
2024-01-02 11:00:00,MEO_02,MEO,-0.347218925555032,0.1428374861210216,-0.991240853847871,-0.5778376078325951,1.1562254446275282
2024-01-02 11:15:00,MEO_02,MEO,-0.27781635004330385,-0.14101498242039226,-0.7242125701700943,-0.3120728634737348,0.8010983361461274
2024-01-02 11:30:00,MEO_02,MEO,-0.36132605749455815,0.3002941269705419,-0.6567053675689142,-0.3706834174590627,0.8116924900884278
2024-01-02 11:45:00,MEO_02,MEO,0.0038460397341384053,0.04095942243278039,-0.2589465709911296,-0.13905080527061853,0.2967593761964372
2024-01-02 12:00:00,MEO_02,MEO,0.32576949123514076,0.0161130572333561,-0.32697510354110815,-0.3540444716765954,0.48220310749090306
2024-01-02 12:15:00,MEO_02,MEO,0.16892689381190762,0.6796025500144877,-0.35963231406919904,0.010970035366778333,0.7689703303671147
2024-01-02 12:30:00,MEO_02,MEO,-0.1158188838865527,0.5471370859047281,-0.35655343078551316,0.21012688385690687,0.6860339984990916
2024-01-02 12:45:00,MEO_02,MEO,0.18112641321774453,0.5979605476465801,0.011121724107739428,-0.15982968157452646,0.6190525312129345
2024-01-02 13:00:00,MEO_02,MEO,0.20822083184029408,0.8099907674277825,-0.15381115164810194,0.6392733588667677,1.043270502336936
2024-01-02 13:15:00,MEO_02,MEO,0.4492871539129781,0.8166304903737689,0.005753509369786108,0.5041289994839259,0.9597210578073373
2024-01-02 13:30:00,MEO_02,MEO,0.9335989765912929,0.8564363891885293,0.05329651059590583,0.3357191730024817,0.9214288740263438
2024-01-02 13:45:00,MEO_02,MEO,0.6277162763842558,0.7025568216593259,0.04856039741359981,0.23015581874716137,0.7408885886286795
2024-01-02 14:00:00,MEO_02,MEO,0.6584767350726751,0.9275944441395437,0.15385566492722386,0.4059501815979385,1.0241574919748166
2024-01-02 14:15:00,MEO_02,MEO,1.2065378782925236,1.1497863957778625,-0.14100811376518807,0.4938648881627863,1.259283356446636
2024-01-02 14:30:00,MEO_02,MEO,1.0136179178871465,1.0630702534847039,-0.008162985923912763,0.6003022602228428,1.2208799293181456
2024-01-02 14:45:00,MEO_02,MEO,0.9670953241040546,1.3473350473784336,0.34668532133455493,0.7857864293887775,1.5977993473946137
2024-01-02 15:00:00,MEO_02,MEO,1.3576951607519003,1.2629963571592884,0.5489626144575406,0.42828938003644185,1.442203710757149
2024-01-02 15:15:00,MEO_02,MEO,0.8993345482034922,0.9937487345397934,0.3326935924354827,0.6287622979558656,1.2221143977458937
2024-01-02 15:30:00,MEO_02,MEO,0.16057947605380685,0.8616284621230366,0.17105726838268923,0.24982141451353795,0.9132770307834318
2024-01-02 15:45:00,MEO_02,MEO,0.8970805089850323,1.1055813162759907,0.003765334485438393,0.40035560227612127,1.1758438811833036
2024-01-02 16:00:00,MEO_02,MEO,0.17944981802352106,0.999629148297627,0.31745736621668974,0.47444608348550354,1.1511458203139209
2024-01-02 16:15:00,MEO_02,MEO,0.7492292497392227,1.0940573626109527,0.07294314631353165,0.48742279779111436,1.199942998264446
2024-01-02 16:30:00,MEO_02,MEO,0.049436991604341396,0.8085055051754355,0.17681439882609112,0.15002369759167938,0.841101416816247
2024-01-02 16:45:00,MEO_02,MEO,0.28432811856301066,0.7558100538606842,0.07573093150960683,0.10481540389138357,0.7667922015755748
2024-01-02 17:00:00,MEO_02,MEO,0.22158752028944062,1.0130868560580242,0.014027904653863166,0.3497164391493844,1.0718411019539393
2024-01-02 17:15:00,MEO_02,MEO,0.04781763736317174,0.7184211772171804,-0.15263911618187007,0.2116532388626367,0.7643459826439503
2024-01-02 17:30:00,MEO_02,MEO,0.017625794988038013,0.4355733318692547,-0.2193602627778225,-0.05972192357176115,0.4913346725774098
2024-01-02 17:45:00,MEO_02,MEO,0.3502152001020628,0.4416054686146032,-0.4196587667775152,-0.58167574664203,0.8423037128465666
2024-01-02 18:00:00,MEO_02,MEO,-0.24910608621236266,0.6314022629183431,-0.5999915849055207,0.1955067095445553,0.8926822464084195
2024-01-02 18:15:00,MEO_02,MEO,-0.025499614726536862,0.3028119559575211,-0.7899176880179568,-0.38673740214363733,0.9301778608047299
2024-01-02 18:30:00,MEO_02,MEO,-0.6044979089689926,0.2702297572263934,-1.1166322204569044,-0.5654469742745434,1.2804772228233459
2024-01-02 18:45:00,MEO_02,MEO,-0.4620407966810627,-0.06717572421836074,-0.8499840859808113,-0.7264060950385993,1.1201121994042038
2024-01-02 19:00:00,MEO_02,MEO,-0.41715653747102693,0.20011193544799158,-0.6481038550196837,-0.6747246659850459,0.9567323390001762
2024-01-02 19:15:00,MEO_02,MEO,-0.8671941296796379,0.36999114238915176,-0.8929713735784394,-0.7380948051425795,1.2161723812253988
2024-01-02 19:30:00,MEO_02,MEO,-1.0631809431638812,-0.3253302411142148,-1.020263576642595,-0.7035093261408926,1.281289547125936
2024-01-02 19:45:00,MEO_02,MEO,-0.6365213368177732,-0.4697210118278535,-1.2023570372855905,-1.1192519677780497,1.7085155081057362
2024-01-02 20:00:00,MEO_02,MEO,-0.5326978039184689,-0.22837685037447844,-0.9723986808763186,-1.0656147857317761,1.4605649769617066
2024-01-02 20:15:00,MEO_02,MEO,-0.9172274886293531,-0.12634167150769024,-1.2197590212070861,-0.661906078794265,1.393518548466516
2024-01-02 20:30:00,MEO_02,MEO,-1.0773219832984482,-0.36300777541479956,-0.9880418363417434,-0.9826810474455918,1.4400219985756926
2024-01-02 20:45:00,MEO_02,MEO,-0.975474550643236,-0.5514680996927536,-1.4164517709476412,-1.0676034544350397,1.8574794266212145
2024-01-02 21:00:00,MEO_02,MEO,-0.9166347600399506,-0.3410317618895713,-1.3777904406047152,-1.2608618163226322,1.8985209192157055
2024-01-02 21:15:00,MEO_02,MEO,-0.9006468988490125,-0.21887290674405668,-1.3836151407097812,-0.9854567366917859,1.7127233246497122
2024-01-02 21:30:00,MEO_02,MEO,-1.647538447278813,-0.3644170513042869,-1.455707609955996,-0.850346728262446,1.7248112914843048
2024-01-02 21:45:00,MEO_02,MEO,-1.2621085108101116,-0.11752139249346387,-1.3343096498396783,-0.8379659984194036,1.5799938398158124
2024-01-02 22:00:00,MEO_02,MEO,-1.2173341853551978,0.04904451443221525,-1.112640701553353,-0.979195638863151,1.4829695864439174
2024-01-02 22:15:00,MEO_02,MEO,-0.8741229296858356,-0.053460795385695856,-1.1927942735965944,-0.799820540358182,1.4371253016167216
2024-01-02 22:30:00,MEO_02,MEO,-0.7864950196644368,-0.04715410754979009,-1.6317495885820557,-0.5152830343837709,1.7118255855139775
2024-01-02 22:45:00,MEO_02,MEO,-0.5363666358512954,0.2262966527335779,-0.7745034822902536,-0.5584189090761282,0.9812734059027197
2024-01-02 23:00:00,MEO_02,MEO,-0.5388350602067733,-0.028649903335951132,-1.0811138794920119,-0.8082510331513417,1.3501473141778415
2024-01-02 23:15:00,MEO_02,MEO,-0.8831480775601841,0.01735937648467628,-0.5862979038432786,-1.0082251803437194,1.1664324216524868
2024-01-02 23:30:00,MEO_02,MEO,-0.04330669926563269,0.23612734424778936,-0.5603463484467346,-0.408667368902116,0.7326344049554877
2024-01-02 23:45:00,MEO_02,MEO,0.0638298952618126,0.30899245324693947,-0.08984895136168408,-0.20384510362211822,0.380922559708753
2024-01-03 00:00:00,MEO_02,MEO,-0.5057617409284301,0.33432171119611176,-0.1428551215821335,-0.43022216480854847,0.563266991250061
2024-01-03 00:15:00,MEO_02,MEO,0.005585637949068953,1.002951812998327,-0.27119826611275677,-0.09810126207245959,1.0435922078855353
2024-01-03 00:30:00,MEO_02,MEO,-0.14712709901757273,1.202391979041369,-0.23191512704229483,-0.03888156626822037,1.2251705487847535
2024-01-03 00:45:00,MEO_02,MEO,0.16562424570826734,0.827876805484539,0.21707425274106734,0.09654115236056107,0.8612905609383416
2024-01-03 01:00:00,MEO_02,MEO,0.5071171811715056,1.0166499547707448,-0.17025356823084606,0.08897855672773688,1.0346403199122118
2024-01-03 01:15:00,MEO_02,MEO,0.924644160634912,1.056351364049458,0.1602157433472806,0.549828032381193,1.201606488804736
2024-01-03 01:30:00,MEO_02,MEO,0.6482039055730324,1.3718194713359277,0.15587167893601414,0.4393605674518831,1.448869335192914
2024-01-03 01:45:00,MEO_02,MEO,0.5860173246126734,1.504563628405686,0.20537106976853303,0.3116075559936605,1.550157494311948
2024-01-03 02:00:00,MEO_02,MEO,0.45988975840691826,0.9570676538409886,0.38541943056997874,0.6755670690029578,1.2332548383082986
2024-01-03 02:15:00,MEO_02,MEO,0.7053677933894685,1.4688265197738255,0.38109937279157585,0.31393741775900175,1.549595037228182
2024-01-03 02:30:00,MEO_02,MEO,1.102686102463703,1.1843942878534337,0.4429042122948196,0.8468244661644729,1.5218625584667893
2024-01-03 02:45:00,MEO_02,MEO,0.7348026196992817,1.8074947281580023,0.44190625758700985,0.8107698351132007,2.0296960507285355
2024-01-03 03:00:00,MEO_02,MEO,0.45380512281601504,1.5504444695947661,0.475319455369114,0.8792584337236747,1.8446956473151868
2024-01-03 03:15:00,MEO_02,MEO,0.25533230651959676,1.300051702540283,0.422793534577354,0.5930153812136043,1.4901530272137211
2024-01-03 03:30:00,MEO_02,MEO,0.857569995132097,1.3782614009574674,0.27959372905987,0.507875637529332,1.4952306865145157
2024-01-03 03:45:00,MEO_02,MEO,0.6590514040548403,1.3330168667717164,0.3657870991884065,0.6101701339432567,1.5109737791857558
2024-01-03 04:00:00,MEO_02,MEO,0.3728475297615368,1.4617431827767915,0.18637972751494136,0.5161361288806398,1.561354232312085
2024-01-03 04:15:00,MEO_02,MEO,0.770416457672437,1.501600151062574,0.12132103538283849,0.37954052627494583,1.553567770772351
2024-01-03 04:30:00,MEO_02,MEO,0.2899815833804774,1.0237150324137334,0.12867422924100672,0.332039367269129,1.0838817584391307
2024-01-03 04:45:00,MEO_02,MEO,0.2624254080641604,1.5115114164306216,0.0911799019317201,0.3110124750180284,1.5458684601651014
2024-01-03 05:00:00,MEO_02,MEO,0.20443081559108062,1.4026721159997417,0.031703255410138076,0.11018349748950021,1.4073501925696432
2024-01-03 05:15:00,MEO_02,MEO,0.06440105020259457,0.8273940078806921,0.08759183915614752,0.351308469944117,0.9031449582531631
2024-01-03 05:30:00,MEO_02,MEO,0.11518124690382438,0.9063860902149143,-0.18636931750767416,0.11535384824225572,0.9325104703689135
2024-01-03 05:45:00,MEO_02,MEO,0.30163081609063785,1.1120515461232252,-0.11786629303964628,-0.031804743533115326,1.1187326070072199
2024-01-03 06:00:00,MEO_02,MEO,-0.4720430885623657,0.8680017337823283,-0.24965780262128198,-0.2822637828454115,0.9462710348335811
2024-01-03 06:15:00,MEO_02,MEO,-0.09444515243769111,0.4326623138853418,-0.5243642827977935,-0.4270829803708642,0.8028414856328254
2024-01-03 06:30:00,MEO_02,MEO,-0.28592581894404767,0.58215219635913,-0.5042912611816218,0.05660853536104826,0.7722793420166261
2024-01-03 06:45:00,MEO_02,MEO,-0.37889548556927655,0.9179088776411171,-0.4509473257554009,-0.49974577050478974,1.138268875703693
2024-01-03 07:00:00,MEO_02,MEO,-0.27218921607909974,0.2695914508360287,-0.6514621872162084,-0.3935028573277731,0.8074199839374319
2024-01-03 07:15:00,MEO_02,MEO,-0.5689440326921513,0.020912943892669317,-0.7263833190955076,-0.6011228677964647,0.9430900167376972
2024-01-03 07:30:00,MEO_02,MEO,-0.6142175367037115,0.11710741450160984,-0.953955187598142,-1.253710887439098,1.5797264433312461
2024-01-03 07:45:00,MEO_02,MEO,-0.6662019692343439,0.046356015680115326,-0.5701787526124475,-0.4873347440452454,0.751497067774763
2024-01-03 08:00:00,MEO_02,MEO,-1.05355927843773,-0.18803791899597322,-1.0191061961259582,-0.7582086876304159,1.2840623473807236
2024-01-03 08:15:00,MEO_02,MEO,-0.945108109642458,-0.04509062736107261,-1.2624717351378762,-1.0761252227393279,1.6594919528920962
2024-01-03 08:30:00,MEO_02,MEO,-1.152436208388646,-0.43395386948668224,-0.9125309241028722,-0.9693758020659179,1.4002564386273852
2024-01-03 08:45:00,MEO_02,MEO,-1.143679836208054,-0.37142064474965464,-1.0934777049113786,-1.2033580630881917,1.6678481389154918
2024-01-03 09:00:00,MEO_02,MEO,-1.2335590995143948,-0.09961565160889285,-1.1303851474925115,-0.6665463416300668,1.316046308173674
2024-01-03 09:15:00,MEO_02,MEO,-1.0302152860549323,-0.5955234221543675,-1.1699865080030663,-1.1523895212517306,1.7468595203777695
2024-01-03 09:30:00,MEO_02,MEO,-1.1122635893882702,-0.01910642166962201,-0.7552395473984428,-1.0668688280573668,1.3072723226566536
2024-01-03 09:45:00,MEO_02,MEO,-0.9598269521635675,-0.5512732711464279,-0.9438363596119586,-1.1027548140313561,1.5526742971645304
2024-01-03 10:00:00,MEO_02,MEO,-1.0638415641572012,-0.4257415278482925,-0.8290421432983393,-0.9289393801279903,1.3158628712186833
2024-01-03 10:15:00,MEO_02,MEO,-1.4721234445969757,-0.1087293292440978,-0.8222684391323112,-0.6301211941395632,1.0416334155233442
2024-01-03 10:30:00,MEO_02,MEO,-0.9726927239594666,0.12151650527074753,-0.7588840551562855,-0.5015521109289618,0.9177286037827096
2024-01-03 10:45:00,MEO_02,MEO,-0.9692736860038867,0.37872386791092955,-0.5061253825575712,-0.7970842463661192,1.0173190093571964
2024-01-03 11:00:00,MEO_02,MEO,-0.8305069334567428,0.21225514209892407,-0.6879163503126611,-0.5289940889194761,0.8933733242528975
2024-01-03 11:15:00,MEO_02,MEO,-0.9426647955834561,0.2547547590815497,-0.7782542197308013,-0.479276665068044,0.948833884029361
2024-01-03 11:30:00,MEO_02,MEO,-0.9811950594710132,0.5467819019827951,-0.30136485271657243,-0.5466574848814211,0.8298346995430388
2024-01-03 11:45:00,MEO_02,MEO,-0.4013972556181165,0.3706317857412969,-0.21371878458037977,0.17907950557818558,0.4638028770958895
2024-01-03 12:00:00,MEO_02,MEO,-0.5937226481453246,0.7001748561562215,-0.18549651493583783,0.07937877489395143,0.7286664368216719
2024-01-03 12:15:00,MEO_02,MEO,-0.36728912581276346,0.5116472689382658,-0.017354135341969654,-0.02694691608385677,0.5126502024888745
2024-01-03 12:30:00,MEO_02,MEO,-0.36685792969031156,0.8605039234867738,0.002146028906861275,0.3611447522950183,0.9332186988516843
2024-01-03 12:45:00,MEO_02,MEO,-0.18869010654013835,0.922995636698583,0.14702953463531462,0.3805635212524746,1.0091418250809856
2024-01-03 13:00:00,MEO_02,MEO,-0.21242385906636366,0.903419545364871,0.21668910519248075,0.24816099066473857,0.9616157863430138
2024-01-03 13:15:00,MEO_02,MEO,-0.23551721502973416,1.178076627323283,0.20502682106688963,0.3545610026452134,1.2472425753633392
2024-01-03 13:30:00,MEO_02,MEO,0.2190177217816275,1.2506424431023593,0.5674556998829994,0.6395768265473785,1.5149821810421262
2024-01-03 13:45:00,MEO_02,MEO,-0.023860620884166572,1.5346261479245373,0.1990987759365962,0.24415531796301565,1.5666299996370479
2024-01-03 14:00:00,MEO_02,MEO,0.3009890435368563,1.0097620190185501,0.8823979957469326,0.8025891804055394,1.562816352120318
2024-01-03 14:15:00,MEO_02,MEO,0.4069160956448213,1.393303901747074,0.6919656692703271,0.508394755030108,1.636636024598773
2024-01-03 14:30:00,MEO_02,MEO,0.11615619384016543,1.2687773573847454,0.27633532377038655,0.872683005399816,1.5645231930812522
2024-01-03 14:45:00,MEO_02,MEO,-0.061185498817624195,1.5719425797161655,0.5623792122121511,0.6095468395522903,1.7773072896551283
2024-01-03 15:00:00,MEO_02,MEO,0.9282000528122518,1.5534423349531572,0.5799128895360828,0.6541829440796869,1.7825367799289789
2024-01-03 15:15:00,MEO_02,MEO,0.10401686886297076,1.5312081171079204,0.6826602744067582,0.5534328207275939,1.7654776224038622
2024-01-03 15:30:00,MEO_02,MEO,0.37381273887451244,1.2788231652182682,0.4124767191228657,0.4242403407041011,1.4090796990936905
2024-01-03 15:45:00,MEO_02,MEO,0.7158521864860955,1.5770843977508686,0.548935901452518,0.44238164072503544,1.7274916316970346
2024-01-03 16:00:00,MEO_02,MEO,0.32128105198540347,1.0468314936962697,0.4944066360205414,0.7010372138454914,1.3534205824989365
2024-01-03 16:15:00,MEO_02,MEO,-0.11490597664738929,0.9428810213576599,0.3262406342757821,-0.012042474730195152,0.9977988740656887
2024-01-03 16:30:00,MEO_02,MEO,-0.1096394751420336,0.9316277609730751,0.20435201466552302,0.0830356030913133,0.9573844276435153
2024-01-03 16:45:00,MEO_02,MEO,-0.39882689537498495,1.052318453908824,0.4108446715286206,0.09562802739450929,1.1337160985819523
2024-01-03 17:00:00,MEO_02,MEO,0.010582536664117514,1.110253618579306,-0.06701491683293026,-0.07522275098261977,1.114815033497468
2024-01-03 17:15:00,MEO_02,MEO,-0.1949019476326294,0.3132793482222562,0.21248754860355784,0.30366012826835187,0.4852879370374489
2024-01-03 17:30:00,MEO_02,MEO,-0.623263985690529,1.080714807289236,0.15404046356542897,0.16766737673450635,1.1044389110904658
2024-01-03 17:45:00,MEO_02,MEO,-0.8605252404719775,0.752670770505856,-0.14132519102436858,-0.07723739120082583,0.7697088494953547
2024-01-03 18:00:00,MEO_02,MEO,-0.9922484571726198,0.34198324513742184,-0.21253181008909872,-0.38485695942554987,0.5569893979895398
2024-01-03 18:15:00,MEO_02,MEO,-0.45001846316844507,0.578391905085749,-0.14996117233890557,-0.08989377814101268,0.604240382982176
2024-01-03 18:30:00,MEO_02,MEO,-0.7806127549857598,0.671790428981051,-0.540827539475079,-0.7026162268278728,1.1124146574578426
2024-01-03 18:45:00,MEO_02,MEO,-0.8634647400577046,0.45724028601990646,-0.6253161526390755,-0.13282922258426533,0.7859596505439969
2024-01-03 19:00:00,MEO_02,MEO,-1.298962942250043,0.5069816885900438,-0.7189574942862124,-0.7407069425070278,1.1500335150916388
2024-01-03 19:15:00,MEO_02,MEO,-1.5319341908904756,-0.06096463875117175,-0.5136064098503483,-0.7546469448296741,0.91487717359118
2024-01-03 19:30:00,MEO_02,MEO,-0.899681021281481,0.03193016262983245,-0.5675494866686728,-0.8766508681714419,1.044819936529345
2024-01-03 19:45:00,MEO_02,MEO,-1.2012525387132396,-0.16271438616306522,-1.0551797198062018,-1.0554092878366852,1.5012558001242349
2024-01-03 20:00:00,MEO_02,MEO,-1.0216947046359608,0.3357434572940838,-0.7675506453948713,-0.5938219867058752,1.0268798441186682
2024-01-03 20:15:00,MEO_02,MEO,-1.4083145406750959,0.053522815476710894,-0.8984585275193966,-0.8785791999294257,1.257773361141627
2024-01-03 20:30:00,MEO_02,MEO,-1.3683206100551333,0.5026720685391557,-0.8460717542470884,-0.829380110828229,1.287007377625173
2024-01-03 20:45:00,MEO_02,MEO,-1.0662946197797787,-0.2371024275308713,-1.0625448021347101,-1.2863638937216257,1.6852154416439413
2024-01-03 21:00:00,MEO_02,MEO,-1.0324172522859096,-0.2629255573995467,-1.1224473177908056,-1.0489272394337115,1.5586103373119475
2024-01-03 21:15:00,MEO_02,MEO,-1.0027838954904122,-0.1269886231717006,-0.9773706209900114,-1.0026993475638302,1.4059820136809629
2024-01-03 21:30:00,MEO_02,MEO,-1.3296872817626093,0.20270998644289412,-0.9887925575635169,-1.0193327750470857,1.4345178168227373
2024-01-03 21:45:00,MEO_02,MEO,-1.033441009107868,-0.1136132370049469,-0.7011701062269318,-1.2593366357791624,1.4458479338106784
2024-01-03 22:00:00,MEO_02,MEO,-0.8373000838537321,0.07369434108397682,-0.8262634961539989,-0.8104412240759333,1.1597228973621794
2024-01-03 22:15:00,MEO_02,MEO,-1.0923831148442373,0.14417683578978954,-0.9146701524227367,-0.8878017731373035,1.2828095868433196
2024-01-03 22:30:00,MEO_02,MEO,-1.0894425551015634,0.18554335804369512,-1.0433991541203214,-0.9973006608702785,1.4552376921676498
2024-01-03 22:45:00,MEO_02,MEO,-0.49114893740953675,0.09241568899153468,-0.864769388299058,-1.103466509533686,1.404992915346324
2024-01-03 23:00:00,MEO_02,MEO,-0.8897649603303912,0.28934079936120916,-0.8924189993311614,-0.5942537635030547,1.1105256881224133
2024-01-03 23:15:00,MEO_02,MEO,-0.49222585925014467,0.37779544610630705,-0.6054735361425199,-0.16246527724717547,0.7319307128264207
2024-01-03 23:30:00,MEO_02,MEO,-0.5684549115863382,0.4823606859430808,-0.309567893666044,-0.7099429661295887,0.9124270531331197
2024-01-03 23:45:00,MEO_02,MEO,-0.9886234931200685,0.7772915849413924,-0.3268027772966262,-0.4284240354363995,0.9457956530927277
2024-01-04 00:00:00,MEO_02,MEO,-0.11324757916098521,1.0362220937348312,-0.07019213320001544,-0.14147132654429714,1.04818762602006
2024-01-04 00:15:00,MEO_02,MEO,-1.1005284566611184,0.6238978437297339,-0.06633158934572832,-0.4561470391449094,0.7757051762599043
2024-01-04 00:30:00,MEO_02,MEO,-0.8268620806750753,0.8348856041449215,-0.12285221116773949,-0.19960295485026452,0.8671608716854043
2024-01-04 00:45:00,MEO_02,MEO,-0.026747671083370228,0.8822851261661179,0.07431984398252289,-0.16075281732136043,0.8998844099884739
2024-01-04 01:00:00,MEO_02,MEO,0.07138554149404608,1.201040387057651,0.2783329945450119,0.2671240234893554,1.2614763220612297
2024-01-04 01:15:00,MEO_02,MEO,-0.12706558961697,1.130776412139207,0.2862725837354868,0.40611261639838003,1.235125395920166
2024-01-04 01:30:00,MEO_02,MEO,0.12402760567027683,1.375975069682566,0.36771961622087157,0.28762952183683055,1.4530161218560693
2024-01-04 01:45:00,MEO_02,MEO,-0.523720193456525,1.622058162841464,0.3130162779755289,0.20835652045068692,1.6650718643748073
2024-01-04 02:00:00,MEO_02,MEO,0.44734575623494377,0.9289127110893186,0.4285419599443171,0.33172500311887787,1.0754387541605726
2024-01-04 02:15:00,MEO_02,MEO,0.4028806906213377,1.5899500825242614,0.9120732918730603,0.32772524456979774,1.8620480097450227
2024-01-04 02:30:00,MEO_02,MEO,0.3419950987462361,1.4752646607668274,0.7744776382630227,0.2801691927657072,1.6895905444964825
2024-01-04 02:45:00,MEO_02,MEO,0.3388774870086172,1.6830192873297443,0.35509571110828997,0.44428905546340436,1.7765245988659955
2024-01-04 03:00:00,MEO_02,MEO,0.4395555831007428,1.3870335721858391,0.2194112044038058,0.5791824410174109,1.5190311737984261
2024-01-04 03:15:00,MEO_02,MEO,0.24542293964210687,1.8016147074266635,0.6066786841969625,0.5189508639811284,1.9705797571024066
2024-01-04 03:30:00,MEO_02,MEO,-0.2735359232009087,1.7009157520734421,0.6916281793069613,0.4191758179367043,1.883393825094988
2024-01-04 03:45:00,MEO_02,MEO,0.8839709450451773,1.6185304919606578,0.43221518056661445,0.4113548521790818,1.7250112260880839
2024-01-04 04:00:00,MEO_02,MEO,0.5417206251643341,1.6300909414869829,0.6707938898352943,0.3078981452003355,1.7894027461631128
2024-01-04 04:15:00,MEO_02,MEO,-0.189784939511989,1.2620985324481502,0.4505304823064875,0.013994473702479499,1.340173968703056
2024-01-04 04:30:00,MEO_02,MEO,-0.04537536878377095,1.2126213812582145,0.3184751954520727,0.21017450701068574,1.2712397050910582
2024-01-04 04:45:00,MEO_02,MEO,-0.08630308113553661,1.405004547247775,0.38449831480029417,-0.003935210488810029,1.4566716231713936
2024-01-04 05:00:00,MEO_02,MEO,0.2182256866731952,1.015087761907222,0.07574122600123726,-0.21765164646758658,1.04091889064424
2024-01-04 05:15:00,MEO_02,MEO,-0.8301215644106272,1.3482581740163133,-0.009266679373881974,-0.004178173769396651,1.3482964927212668
2024-01-04 05:30:00,MEO_02,MEO,-0.4706444696633749,0.8663967439197992,0.048511092269701614,-0.2556930004474687,0.9046411191328076
2024-01-04 05:45:00,MEO_02,MEO,-0.902205200450642,0.9533512890913178,-0.18257105684372454,-0.21296397439017872,0.993762811538635
2024-01-04 06:00:00,MEO_02,MEO,-0.6917535129646644,1.1603275526340886,0.009014121993846547,-0.2242609731939942,1.181835127204743
2024-01-04 06:15:00,MEO_02,MEO,-0.8039697549124819,0.49825077520043826,-0.28633788612601,-0.6724872842394775,0.8845803341035439
2024-01-04 06:30:00,MEO_02,MEO,-0.7404492876363997,0.5563484580953098,-0.4353505334185219,-0.5739299255437427,0.9101918771377089
2024-01-04 06:45:00,MEO_02,MEO,-1.0077170276874516,0.6606437438442406,-0.6840082627212596,-1.0154530402820185,1.391208947918854
2024-01-04 07:00:00,MEO_02,MEO,-1.1570757769747677,0.5205498616608797,-0.6151210628732411,-0.49635100040644875,0.946419777936804
2024-01-04 07:15:00,MEO_02,MEO,-0.9190168803574863,0.14119952650845738,-0.9395618268456629,-1.0932205191013755,1.4483938815584845
2024-01-04 07:30:00,MEO_02,MEO,-1.0271310558645506,0.011091580646509946,-0.9453067621750464,-1.059224878432274,1.4197483019412185
2024-01-04 07:45:00,MEO_02,MEO,-1.0731651934915862,0.005862618197259389,-1.2492990971106712,-0.817524245131528,1.4930266225729332
2024-01-04 08:00:00,MEO_02,MEO,-1.3356917601807643,0.26692923177084776,-1.00736728930517,-1.179598806928488,1.574005532278376
2024-01-04 08:15:00,MEO_02,MEO,-1.457784035583799,-0.1340084602220511,-1.16523723506671,-1.4163367542600012,1.8389523873294684
2024-01-04 08:30:00,MEO_02,MEO,-1.3409624774547695,-0.052951100458525746,-0.9274621917440447,-1.1159322309349793,1.4519967906968514
2024-01-04 08:45:00,MEO_02,MEO,-1.1254193838167077,-0.2155950393426705,-0.8287615697195168,-1.1236139513659562,1.4127403413711037
2024-01-04 09:00:00,MEO_02,MEO,-1.879164242100802,-0.014235814591153001,-1.0732014388205235,-1.3483336580580199,1.7233594053927452
2024-01-04 09:15:00,MEO_02,MEO,-1.1780387732655693,-0.07952546004209494,-1.2015836278128484,-1.3299213628683957,1.7941065589413923
2024-01-04 09:30:00,MEO_02,MEO,-1.1902640918440905,-0.2943779118509624,-1.3738549361901362,-1.3006670262308733,1.9146462999217375
2024-01-04 09:45:00,MEO_02,MEO,-1.2145035187136517,-0.2714643635534766,-0.9837999061619335,-1.241900658478692,1.607442814402283
2024-01-04 10:00:00,MEO_02,MEO,-1.1961413420800222,-0.4091065387543865,-1.0266981706622096,-1.5001822541756145,1.8633368158859929
2024-01-04 10:15:00,MEO_02,MEO,-1.8667928471798214,-0.11922525181181445,-0.9052995464129261,-1.1330275531036267,1.45517468556082
2024-01-04 10:30:00,MEO_02,MEO,-1.205135034018309,0.26445167271189574,-0.6468613859032505,-0.6980213782480329,0.9877237388379795
2024-01-04 10:45:00,MEO_02,MEO,-0.45134219047262736,0.4501120961642988,-0.9735599396029867,-1.0897098609170626,1.5290151850433251
2024-01-04 11:00:00,MEO_02,MEO,-0.8729501025143225,0.39238018306154165,-0.9401301442529215,-0.9930559214376522,1.4226619272669148
2024-01-04 11:15:00,MEO_02,MEO,-0.8407147250141597,0.43526360221470284,-0.7357506758133433,-1.0132918783266178,1.3257239120779996
2024-01-04 11:30:00,MEO_02,MEO,-0.6375395208999033,0.3924839465254893,-0.4690104670770977,-0.5680528682803427,0.8346846875734723
2024-01-04 11:45:00,MEO_02,MEO,-0.4115033274020265,0.6506898798621352,-0.4332725932849186,-0.3705611019020678,0.8651231068984998
2024-01-04 12:00:00,MEO_02,MEO,-0.25237510169844357,0.6543403965153292,-0.5767347928479074,-0.2520167923720443,0.907907946562123
2024-01-04 12:15:00,MEO_02,MEO,-0.4267900779486925,1.0666482912377233,-0.17598813088541482,-0.59375171297007,1.2333902448405327
2024-01-04 12:30:00,MEO_02,MEO,-0.14366818358898853,0.8035553797832187,-0.3927636093022626,-0.17646615982421385,0.9116494977423056
2024-01-04 12:45:00,MEO_02,MEO,0.2512958196607267,1.2116516972017053,-0.19057735779932056,0.06604220786187537,1.2283245246500676
2024-01-04 13:00:00,MEO_02,MEO,0.14520471317240957,1.1999271925099608,-0.024826624255191092,-0.03038327060793962,1.200568520214311
2024-01-04 13:15:00,MEO_02,MEO,0.6110970521751209,1.2666721722819192,-0.023167092434497896,0.06156838839983353,1.26837919119458
2024-01-04 13:30:00,MEO_02,MEO,-0.09261973039510166,0.8033540721346168,0.24738969576765515,-0.01717593048439911,0.8407582526358508
2024-01-04 13:45:00,MEO_02,MEO,0.6401314281041757,1.4644658042716572,0.1887231540323073,0.17385553229931366,1.48677579576075
2024-01-04 14:00:00,MEO_02,MEO,0.025629268197541855,1.2982009514695632,0.4613835565410643,0.388846296034788,1.4315732389867222
2024-01-04 14:15:00,MEO_02,MEO,0.4285726410055705,1.2565993619576,0.1901818033679263,0.2697185724126706,1.2992148333162044
2024-01-04 14:30:00,MEO_02,MEO,0.5332946150149969,1.090435464449764,0.2473619545225433,0.04066881789969823,1.1188795249821781
2024-01-04 14:45:00,MEO_02,MEO,0.19753342934727322,1.3675552784898282,0.46266381631945924,0.23406659823420395,1.462549971476397
2024-01-04 15:00:00,MEO_02,MEO,0.45097486360199895,1.3741536902772955,0.20710119057132906,0.5323002160959824,1.4881306352920098
2024-01-04 15:15:00,MEO_02,MEO,0.6695397981218505,1.0435565911668647,0.4859741110683246,0.3326603458265916,1.1982671243432839
2024-01-04 15:30:00,MEO_02,MEO,0.2306841513575272,0.9586423750254573,0.304329080239571,0.28901505106678455,1.0464898910247766
2024-01-04 15:45:00,MEO_02,MEO,0.8937640881281311,1.2964606353309331,-0.2201527798394466,0.1271073369229727,1.3211486292364583
2024-01-04 16:00:00,MEO_02,MEO,-0.05893091541922185,1.3487467121380705,0.30308707308787675,0.4105739339129124,1.442064638837301
2024-01-04 16:15:00,MEO_02,MEO,0.8226018466253382,1.1673886404712215,0.20578669612843595,0.44148770032825035,1.2649331174990364
2024-01-04 16:30:00,MEO_02,MEO,0.4944332437718263,1.277393093484736,0.13411180916958843,0.28259818336555487,1.315135288053193
2024-01-04 16:45:00,MEO_02,MEO,0.12017533173988082,0.9656026042115895,-0.4002324936055566,0.2361616253344187,1.0716094211411729
2024-01-04 17:00:00,MEO_02,MEO,-0.08069717769761724,0.9028918891624816,-0.3153748748491916,-0.15132611304597168,0.968284394014042
2024-01-04 17:15:00,MEO_02,MEO,-0.24197082808809228,0.6323498971410448,-0.38041279946363227,-0.27420206628987276,0.7872528587230938
2024-01-04 17:30:00,MEO_02,MEO,-0.2536134819869628,0.37469658216946067,-0.5436072699647592,-0.331478040910394,0.7387720110113856
2024-01-04 17:45:00,MEO_02,MEO,-0.33540414703091487,0.9503090882539227,-0.24735847784033593,-0.4293454133207376,1.0717327389405649
2024-01-04 18:00:00,MEO_02,MEO,-0.03515075412473184,0.699030513042322,-0.6173882826287473,-0.29781350612013324,0.9790326011523072
2024-01-04 18:15:00,MEO_02,MEO,0.12123982393449068,0.06379312139349791,-0.6976695740795792,-0.4575957844577647,0.8367833046177631
2024-01-04 18:30:00,MEO_02,MEO,-0.42963472490623256,0.2789236974199149,-0.6689329891951367,-0.6573607871700358,0.9784646020805996
2024-01-04 18:45:00,MEO_02,MEO,-0.7919487496955206,0.13514505706309998,-0.7401707323343921,-1.1316219522979631,1.3589279386250297
2024-01-04 19:00:00,MEO_02,MEO,-0.8347675379470906,0.016692413680498362,-1.4654888004132673,-1.2416237024272612,1.9208241666639811
2024-01-04 19:15:00,MEO_02,MEO,-0.8330016189931916,-0.09045135097139462,-1.1572210975967292,-1.0058047192991886,1.5358988407379077
2024-01-04 19:30:00,MEO_02,MEO,-1.140654136443319,0.005574590628570977,-1.3246975683815643,-0.9241399138379834,1.6152056538054778
2024-01-04 19:45:00,MEO_02,MEO,-1.271179694327968,0.021502383080560517,-1.070372154657652,-1.1319740239147185,1.5580513768044644
2024-01-04 20:00:00,MEO_02,MEO,-0.39111880599636084,-0.11396650274627498,-1.2528668086637738,-0.8268988450049887,1.5054651453521435
2024-01-04 20:15:00,MEO_02,MEO,-0.9139761898315663,-0.27154671230597327,-1.2273141729546804,-1.4420892634106788,1.9130235596416392
2024-01-04 20:30:00,MEO_02,MEO,-1.2457316462041654,-0.3230267001525363,-1.6017957562883463,-1.4975309971869495,2.2164600112365056
2024-01-04 20:45:00,MEO_02,MEO,-0.7677663768447157,-0.09415117313968824,-1.3022345149018268,-1.4252423287369294,1.9328721817100687
2024-01-04 21:00:00,MEO_02,MEO,-1.361295795137275,-0.23681535269498394,-1.0908185715713365,-1.4607545426803907,1.838415214612406
2024-01-04 21:15:00,MEO_02,MEO,-1.2977270880563654,-0.2871234046085683,-0.9884794338782581,-1.2248824159523783,1.5999588662161388
2024-01-04 21:30:00,MEO_02,MEO,-1.2160800540150047,-0.2990692594719969,-1.0577465834090087,-1.3881300661833715,1.7706426339938872
2024-01-04 21:45:00,MEO_02,MEO,-0.5232227563445023,-0.2024592777223102,-1.3083385280512008,-1.5680358884456576,2.0521881031164235
2024-01-04 22:00:00,MEO_02,MEO,-0.9903862243815189,-0.31056882742160563,-0.8548841380375177,-1.0837246468423014,1.4148282567886648
2024-01-04 22:15:00,MEO_02,MEO,-1.5014594495986207,-0.023187882639602253,-0.8701054017038904,-1.5108326618387786,1.7436273741985258
2024-01-04 22:30:00,MEO_02,MEO,-0.39061967786967566,-0.3480114766026793,-0.9552602444629342,-1.2756421249773295,1.6312255985961104
2024-01-04 22:45:00,MEO_02,MEO,-0.7327887648054482,-0.1514171761397049,-1.1591493500572008,-1.303287222290569,1.7507461154473598
2024-01-04 23:00:00,MEO_02,MEO,-1.0642948536339247,0.13853591364429524,-0.5715198976191517,-0.8754530741680595,1.054630398677267
2024-01-04 23:15:00,MEO_02,MEO,-0.5335171345303893,-0.13029151648314194,-0.6660563550186032,-0.7794587853812397,1.033519687977032
2024-01-04 23:30:00,MEO_02,MEO,-0.23440443293076937,-0.0820101830367285,-0.40239308271293744,-0.3590050448725835,0.5454635509187615
2024-01-04 23:45:00,MEO_02,MEO,-0.20293338204330824,0.3892425598646399,-0.3241064844751388,-0.4254852926637425,0.661507761074624
2024-01-05 00:00:00,MEO_02,MEO,0.29253667952164647,0.10210587914599017,0.007835082212369088,-0.2061442880899207,0.23017920536301786
2024-01-05 00:15:00,MEO_02,MEO,-0.33942535593922496,0.3008821851894082,-0.13808529820390364,-0.3009685640818185,0.447414478431226
2024-01-05 00:30:00,MEO_02,MEO,0.01870175325589033,0.8360789056574505,-0.02338914368106278,-0.41862898064908016,0.9353209138936118
2024-01-05 00:45:00,MEO_02,MEO,-0.06526606272099975,0.7576486314520664,0.3366216899859938,-0.116297970226708,0.8371802845200477
2024-01-05 01:00:00,MEO_02,MEO,-0.21138713411788096,1.1387730634160105,0.07982592914214025,0.06170444673235269,1.1432338814397676
2024-01-05 01:15:00,MEO_02,MEO,0.5773945711235194,0.7256715809557092,0.39738003751810186,0.1546770612967003,0.8416858861333185
2024-01-05 01:30:00,MEO_02,MEO,0.5360520567533043,1.0136989156955625,0.3185122092086322,0.023546674595506648,1.0628216995252915
2024-01-05 01:45:00,MEO_02,MEO,0.6188915607462923,1.1754629131725167,0.25313358322800944,0.27309568668810574,1.233033221486558
2024-01-05 02:00:00,MEO_02,MEO,0.722692851599445,0.8967824436710927,0.46591816996604535,0.08578620765377382,1.0142276696111292
2024-01-05 02:15:00,MEO_02,MEO,0.5388186410237226,1.3838630160562004,0.6505061686952072,0.11840733188173513,1.5337064318056544
2024-01-05 02:30:00,MEO_02,MEO,0.49725794366503856,1.2840432067620722,0.7968029737114709,0.13725385374137195,1.5173992737951756
2024-01-05 02:45:00,MEO_02,MEO,0.8051724793154162,0.8787462268973432,0.8471763254759261,0.3643944112220405,1.2738469078594439
2024-01-05 03:00:00,MEO_02,MEO,1.0988390046810488,1.175783943651443,0.539403830307084,0.1467290741218165,1.301903911773499
2024-01-05 03:15:00,MEO_02,MEO,1.170965760528834,1.2603062577890085,0.43384677529028326,0.2835926455754913,1.362725092040364
2024-01-05 03:30:00,MEO_02,MEO,0.8918371188986485,1.0323420631806008,0.5348045089163387,0.5000565919598879,1.2656234010683287
2024-01-05 03:45:00,MEO_02,MEO,0.6160554197362397,0.8288173111345158,0.35576274994635526,0.12396650572544998,0.9104246064487821
2024-01-05 04:00:00,MEO_02,MEO,0.6521111085982159,1.158885126994072,0.5139602232716698,0.19277591262300442,1.282315250303592
2024-01-05 04:15:00,MEO_02,MEO,0.5055773133213477,1.522585683368645,0.38424156872758936,0.22645589767421673,1.586565794390147
2024-01-05 04:30:00,MEO_02,MEO,0.15368870794612122,0.8816317018012314,0.505900934615197,0.2016221511087492,1.0362729877224361
2024-01-05 04:45:00,MEO_02,MEO,0.4133223201730234,1.177645663484531,-0.024393750718352092,-0.009586455501717273,1.1779372920181772
2024-01-05 05:00:00,MEO_02,MEO,-0.056334522168003054,0.620846731053721,0.13771440695910786,0.17402665620401025,0.659318738103005
2024-01-05 05:15:00,MEO_02,MEO,0.2592909297617736,0.7310746668972019,0.04999650538002812,0.041478668152228074,0.7339552432136122
2024-01-05 05:30:00,MEO_02,MEO,0.6141518811302676,0.7086796292213832,0.27026796978697476,0.05493941341051792,0.7604537668471516
2024-01-05 05:45:00,MEO_02,MEO,0.2790795378664419,0.4295320475734922,-0.18001061137607335,-0.26694678817722334,0.5368074029098331
2024-01-05 06:00:00,MEO_02,MEO,-0.33219451935727884,0.27012082846793894,-0.08672561706227119,-0.4750944994188224,0.5533546584289852
2024-01-05 06:15:00,MEO_02,MEO,-0.16712294776014636,0.37216736788299004,-0.24106119659757075,-0.6200208391848167,0.7622630066095624
2024-01-05 06:30:00,MEO_02,MEO,-0.5585360036960775,0.510293563941814,-0.16089208374153197,-0.5282115406481762,0.7518598377922912
2024-01-05 06:45:00,MEO_02,MEO,-0.4904347732069258,0.10191329080922434,-0.35750717049383096,-0.759159411732637,0.8452932675825083
2024-01-05 07:00:00,MEO_02,MEO,-0.2796169005509494,-0.14882505097696674,-0.5113588532873273,-0.9302423267736741,1.0719083725556613
2024-01-05 07:15:00,MEO_02,MEO,-0.42421735185154985,-0.16741155593768003,-0.7205883548181606,-0.9970353724048415,1.2415126821694087
2024-01-05 07:30:00,MEO_02,MEO,0.016245706575032548,0.2958346548378576,-1.042879761383712,-1.1398628921068263,1.5730237609486135
2024-01-05 07:45:00,MEO_02,MEO,-0.4610935571954688,-0.23736218786871774,-0.7898565058161089,-1.0488333323397991,1.334265890681788
2024-01-05 08:00:00,MEO_02,MEO,-0.8376948871223534,-0.49044021436570756,-0.8227712097293255,-1.3693124631572111,1.6710777029163568
2024-01-05 08:15:00,MEO_02,MEO,-0.6971193154990267,-0.6158007604065914,-1.183720978976438,-1.0939863104043643,1.725459932869618
2024-01-05 08:30:00,MEO_02,MEO,-0.999778397809739,-0.8343045326274561,-1.161113386245376,-1.0332772870288163,1.7640607418030005
2024-01-05 08:45:00,MEO_02,MEO,-1.3129092818404193,-0.4418056080632072,-0.9136914653119732,-1.292708009568747,1.6435079212170634
2024-01-05 09:00:00,MEO_02,MEO,-0.5911267806210517,-0.397488251948596,-0.9243839156052209,-0.8539672276387981,1.319750946106077
2024-01-05 09:15:00,MEO_02,MEO,-0.6358627625945475,-0.5890223470876024,-1.112364226836313,-1.2120276290200713,1.7473730202855233
2024-01-05 09:30:00,MEO_02,MEO,-0.925263143655876,-0.5583713732585371,-0.9617861765239065,-1.491271698778208,1.860296352575025
2024-01-05 09:45:00,MEO_02,MEO,-0.7819487431956432,-0.759089148091269,-1.1245166005849567,-1.247378187429752,1.8430155349905788
2024-01-05 10:00:00,MEO_02,MEO,-0.518828377403312,-0.43808624316825556,-0.5467726959412916,-1.1666458688543704,1.3608609483687717
2024-01-05 10:15:00,MEO_02,MEO,-0.5695950419616131,-0.29201026454216916,-0.9037341579324598,-1.0160668316137786,1.3908260959291576
2024-01-05 10:30:00,MEO_02,MEO,-1.1389861383605226,-0.4441273345119666,-0.5760478278195268,-1.1167031107621632,1.332706279261185
2024-01-05 10:45:00,MEO_02,MEO,-0.5732629442676899,0.07022434003854083,-0.5791650767241768,-1.1509624241510008,1.2903790705983722
2024-01-05 11:00:00,MEO_02,MEO,-0.5549634129153536,-0.3644882428116597,-0.276231255848688,-1.058569355318288,1.1531367940858754
2024-01-05 11:15:00,MEO_02,MEO,-0.16386255868290184,-0.05804009861245554,-0.5247008078492953,-0.8790165218841232,1.0253534203141412
2024-01-05 11:30:00,MEO_02,MEO,-0.062117061681275454,0.1288888638008566,-0.3128357389190488,-0.7869496859709157,0.8566027941856283
2024-01-05 11:45:00,MEO_02,MEO,0.08100327130163232,0.024269595156687175,-0.4788669388736997,-0.8213428905455545,0.9510555726376161
2024-01-05 12:00:00,MEO_02,MEO,-0.47136890762332906,0.11240339790820544,-0.4387465416197487,-0.6581583893429362,0.7989402462681976
2024-01-05 12:15:00,MEO_02,MEO,-0.2926869014154343,-0.03172988663031534,0.11760240267366194,-0.2945948011352679,0.3187839514092873
2024-01-05 12:30:00,MEO_02,MEO,0.3108884753844351,0.6353246222673556,-0.1613818372956537,-0.017147087611509182,0.6557251677964143
2024-01-05 12:45:00,MEO_02,MEO,-0.0913056084950265,0.430283845055514,0.15512132671153409,-0.10171890865830926,0.4685654166657432
2024-01-05 13:00:00,MEO_02,MEO,-0.30945865820932444,0.6773533031665891,0.4321566238333895,0.10970086587608369,0.8109260908416533
2024-01-05 13:15:00,MEO_02,MEO,0.35090352549242765,0.8069441859284345,0.46722870473898714,0.1656708210499892,0.9470524814830238
2024-01-05 13:30:00,MEO_02,MEO,0.09825733345912202,0.585383254085617,0.3731422365487537,0.21162826225638118,0.7257376965861204
2024-01-05 13:45:00,MEO_02,MEO,0.8450059101458749,0.7194198828944905,0.2707602235612396,0.06894302309655655,0.7717701775791465
2024-01-05 14:00:00,MEO_02,MEO,0.503512944324769,1.0761627682507768,0.6589892171437864,0.18187143675371684,1.2749393364344113
2024-01-05 14:15:00,MEO_02,MEO,0.5655720856921597,0.6288501830476294,0.8232280740663356,0.11647609770377794,1.0424604049969022
2024-01-05 14:30:00,MEO_02,MEO,0.46057369711484775,1.2946268704875452,0.5450972244702186,0.19336418945126538,1.4179490215362665
2024-01-05 14:45:00,MEO_02,MEO,1.0447431504748048,0.7573141292777903,0.5282742456943506,0.2696601727802503,0.9619329383338462
2024-01-05 15:00:00,MEO_02,MEO,0.7511138096906556,0.7168693949032995,0.5507859268823296,0.38070198543458317,0.9809183800472308
2024-01-05 15:15:00,MEO_02,MEO,0.5062088642603302,0.974105566668384,0.7126050634959987,0.3141990994135093,1.2471602565856283
2024-01-05 15:30:00,MEO_02,MEO,0.3258446971576402,1.368612808123331,0.7882568202851217,0.17793622584467905,1.5893744473072067
2024-01-05 15:45:00,MEO_02,MEO,0.4987831131673711,0.5272384301751027,0.34404071369093425,0.17626148548213333,0.6537679146263163
2024-01-05 16:00:00,MEO_02,MEO,0.1498944395454495,0.7936114142024131,0.24211094233454294,0.20426864625569724,0.8544954446886242
2024-01-05 16:15:00,MEO_02,MEO,0.7343356205172817,0.8579918506085648,0.8241069429259451,0.1495439881759869,1.199026969458584
2024-01-05 16:30:00,MEO_02,MEO,-0.0816223603477455,0.7199031333953781,0.34355235753852487,-0.31575763761048997,0.8578995451404083
2024-01-05 16:45:00,MEO_02,MEO,0.37839100359380284,0.6960765078425255,0.3061825444987296,-0.3094888920054437,0.8210076915600238
2024-01-05 17:00:00,MEO_02,MEO,0.5024275953485572,0.3620905683772899,0.056304775371380664,-0.01497413358454211,0.36674791357827546
2024-01-05 17:15:00,MEO_02,MEO,0.3512512506241956,0.2872125144017237,0.15207509329680102,-0.3288938240037142,0.4623732365719032
2024-01-05 17:30:00,MEO_02,MEO,-0.06041471035947121,0.27655970255573004,0.09658982675684541,-0.5024001864788527,0.5815675464506399
2024-01-05 17:45:00,MEO_02,MEO,0.2519514217901295,-0.04197622893611169,-0.0741934495673682,-0.5854969900073529,0.5916700068974874
2024-01-05 18:00:00,MEO_02,MEO,-0.32630407036072057,0.11503107613020848,0.07202504576802221,-0.689950946588179,0.7031728552720758
2024-01-05 18:15:00,MEO_02,MEO,-0.27407889960024656,-0.0682558355210418,-0.329844903730675,-0.6439331858528053,0.726709341788254
2024-01-05 18:30:00,MEO_02,MEO,-0.2141261204434857,-0.21131798798458884,-0.41282113582864727,-1.085781647849501,1.1806770807631894
2024-01-05 18:45:00,MEO_02,MEO,-0.4143949456300948,-0.15375348821531487,-0.4809848922516831,-0.9681091669905912,1.0918891706230796
2024-01-05 19:00:00,MEO_02,MEO,-0.7765685115273514,-0.6558258969742328,-0.5010203052608883,-1.0268541788122802,1.317405957922619
2024-01-05 19:15:00,MEO_02,MEO,-0.27742857903847723,-0.4232017271087901,-0.6450852797176917,-1.0493871702510702,1.302477697706899
2024-01-05 19:30:00,MEO_02,MEO,-0.713024437963855,0.018870941336075142,-0.9827776858142021,-1.1806250275695809,1.5362563418534363
2024-01-05 19:45:00,MEO_02,MEO,-0.5535886028119635,-0.7479681123813158,-0.7912802345106241,-1.211901469413019,1.6291979248181885
2024-01-05 20:00:00,MEO_02,MEO,-0.3581690168992051,-0.298662367420907,-0.9256933356000012,-1.4682766271402126,1.7612335492756084
2024-01-05 20:15:00,MEO_02,MEO,-0.5706105221627006,-0.5774633802711586,-0.9788419460181824,-1.5714685622538964,1.939357871304619
2024-01-05 20:30:00,MEO_02,MEO,-0.6146991343588724,-0.7184779464150812,-0.8913430653742593,-1.0282500136557318,1.5388310856811496
2024-01-05 20:45:00,MEO_02,MEO,-0.912180700138195,-0.8726030450387355,-1.0759752864881387,-1.5587335567753653,2.0853798676408304
2024-01-05 21:00:00,MEO_02,MEO,-0.7233522028345654,-0.5676360606456984,-1.116020632647762,-1.5311495271749553,1.9779109242857644
2024-01-05 21:15:00,MEO_02,MEO,-0.9178227368866756,-0.3141930600508071,-1.335555561593754,-1.38460737264226,1.9492469093122604
2024-01-05 21:30:00,MEO_02,MEO,-1.2966119380157994,-0.6702013755273528,-0.6176030609936505,-1.1705084365824563,1.4834734324611913
2024-01-05 21:45:00,MEO_02,MEO,-0.8599394819700269,-0.543673247189197,-0.751265276420921,-1.5280934691103987,1.7874702139064866
2024-01-05 22:00:00,MEO_02,MEO,-0.8079910549126971,-0.24323651385298828,-0.7904973534282304,-1.5777858288026294,1.7814202729897264
2024-01-05 22:15:00,MEO_02,MEO,-0.6625749520844975,-0.34046193947983966,-0.8037952461708631,-1.5490404809123912,1.7780684861687823
2024-01-05 22:30:00,MEO_02,MEO,-0.8078306227049648,-0.6458126246008009,-1.1439714330165707,-0.936360282600949,1.6132312805311861
2024-01-05 22:45:00,MEO_02,MEO,-0.9106135823273147,-0.23898914009760613,-0.7156558855614321,-1.3203775439593282,1.5207485045908735
2024-01-05 23:00:00,MEO_02,MEO,-0.3551641622293366,0.1190247558941554,-0.3969440143513272,-1.024538030841498,1.1051740223537576
2024-01-05 23:15:00,MEO_02,MEO,-0.8236434112328962,-0.08772451367218292,-0.2597874131900223,-1.0667903395661222,1.1014657139205863
2024-01-05 23:30:00,MEO_02,MEO,0.01995112871450716,-0.5020953564537824,-0.22299158787330425,-1.0666704896949435,1.1998378760569108
2024-01-05 23:45:00,MEO_02,MEO,-0.32785903366147,0.2393233508186327,-0.22533463881285998,-0.7349843024232591,0.8051417828585131
2024-01-06 00:00:00,MEO_02,MEO,-0.09143616956052264,0.22289792064016825,0.07640446096094522,-0.7722342834825923,0.8073827551207148
2024-01-06 00:15:00,MEO_02,MEO,0.05644256172329992,0.015390335315111414,-0.08537646084352463,-0.6122114335124471,0.6183274551648527
2024-01-06 00:30:00,MEO_02,MEO,0.2461640215405166,0.14361686252617645,0.26007532943329303,-0.02207562977221711,0.2979132652493651
2024-01-06 00:45:00,MEO_02,MEO,-0.223245125249947,0.7855475285674313,0.11162871211835951,-0.180903424679159,0.8138009204149692
2024-01-06 01:00:00,MEO_02,MEO,0.4863823180899782,0.5707318585755924,0.16214767884675135,0.02945461420514675,0.5940490707395418
2024-01-06 01:15:00,MEO_02,MEO,0.4360214923034616,0.5817576655194939,0.2556373354630447,0.11112796634183211,0.6450905778079602
2024-01-06 01:30:00,MEO_02,MEO,0.31302428355453765,0.8547908928282641,0.33487353435165634,0.03190784788017125,0.9185999484147902
2024-01-06 01:45:00,MEO_02,MEO,0.2966369028648807,0.7723861729347942,0.6776610794506068,0.052490332111890164,1.0288635350269908
2024-01-06 02:00:00,MEO_02,MEO,0.48328736415340223,1.0083332861012573,0.5342179073940707,0.23863747668525082,1.1657927061527549
2024-01-06 02:15:00,MEO_02,MEO,0.3322343744724326,0.9833192996120312,0.5459635669932529,0.2720566662475242,1.1571550851649959
2024-01-06 02:30:00,MEO_02,MEO,1.2187305095413308,0.7943134133980904,0.8672909727220679,0.20288674621749841,1.1934364088044407
2024-01-06 02:45:00,MEO_02,MEO,1.1341347445476198,0.9697758173492204,0.8527661294351788,0.3811001713872411,1.3464444095686197
2024-01-06 03:00:00,MEO_02,MEO,0.8329822555889157,1.1775283967599943,0.9967135473421372,0.2371454826635417,1.5608488077258584
2024-01-06 03:15:00,MEO_02,MEO,0.646285120912425,1.0715442549812824,0.8909809727518653,0.33330213133620823,1.432879790820748
2024-01-06 03:30:00,MEO_02,MEO,0.6799362486543777,1.0018353166560605,0.6456997083715452,0.2870158433866975,1.2259609330828714
2024-01-06 03:45:00,MEO_02,MEO,0.904273817327905,1.3699897918810424,0.7284968303194445,0.056805554734419145,1.552677214585319
2024-01-06 04:00:00,MEO_02,MEO,1.1673737340122994,1.0586059194963608,0.6568455283941308,-0.18891414232557863,1.2600718607026782
2024-01-06 04:15:00,MEO_02,MEO,0.4107398208583066,1.0037596182230044,0.4317042886200227,0.03887421089088747,1.0933495178855208
2024-01-06 04:30:00,MEO_02,MEO,0.14146389073513704,0.734885045244171,0.34833919608752695,0.45083982426598396,0.9298670724348803
2024-01-06 04:45:00,MEO_02,MEO,0.7940126179523086,0.7140815663961555,0.338141874532561,0.03276254965727736,0.7907754393247346
2024-01-06 05:00:00,MEO_02,MEO,-0.1775597499743704,0.5068272727224264,0.6744295132884426,0.16425295070810456,0.859481288095359
2024-01-06 05:15:00,MEO_02,MEO,-0.05035009814148236,0.6870780498126079,0.21562412174494378,-0.4433504041635692,0.8456533505429841
2024-01-06 05:30:00,MEO_02,MEO,0.07407879103308736,0.4077762163445362,0.38363213989487654,-0.33041013276626924,0.6500968521775903
2024-01-06 05:45:00,MEO_02,MEO,-0.3867103724316527,0.374780869427681,0.01705067154037676,-0.5123595803787246,0.6350305229631164
2024-01-06 06:00:00,MEO_02,MEO,0.2944968342824471,0.3009515884024117,0.1567797747050636,-0.4142875543382896,0.5355239807871411
2024-01-06 06:15:00,MEO_02,MEO,0.09803642418822184,0.1354588711426742,0.05157008221046669,-0.019232238546587954,0.14621374131713738
2024-01-06 06:30:00,MEO_02,MEO,-0.3827120598930433,0.6490610885426267,0.004543654767273531,-0.4869001005313781,0.8114016572304062
2024-01-06 06:45:00,MEO_02,MEO,0.009033327471001495,-0.14879389763263232,-0.19585741399140916,-0.34412043709384865,0.42298773719077715
2024-01-06 07:00:00,MEO_02,MEO,0.028457342354548998,-0.2270740786431625,-0.0856626885602462,-0.8157276034541483,0.8510653655507661
2024-01-06 07:15:00,MEO_02,MEO,-0.523832874010907,-0.013651567578514129,-0.35613226622199734,-0.634835756198461,0.728033648734616
2024-01-06 07:30:00,MEO_02,MEO,-0.727752482608181,-0.3453777956719045,-0.21029822606333537,-0.5512517983959637,0.6836590603973254
2024-01-06 07:45:00,MEO_02,MEO,-0.020790883717376363,-0.3673466326146586,-0.8289405919357415,-1.0146955402551756,1.360769301853128
2024-01-06 08:00:00,MEO_02,MEO,-0.5085584029795047,-0.5627931867782452,-0.5476707928108709,-1.1619250416042899,1.4024083822800089
2024-01-06 08:15:00,MEO_02,MEO,-0.6757626987023283,-0.271163792869096,-0.6171977812864321,-1.3243423910898942,1.4860503600570698
2024-01-06 08:30:00,MEO_02,MEO,-0.39366047179375224,-0.28070440485142223,-0.8411510227225438,-1.1547857914864932,1.4559739799011722
2024-01-06 08:45:00,MEO_02,MEO,-0.7499706625156692,-0.46614052983562365,-0.6361944085643928,-1.0895182256854055,1.3450205511979019
2024-01-06 09:00:00,MEO_02,MEO,-0.9310607445469624,-0.2844221213038377,-0.9546255823388325,-0.7585298817968893,1.2520277661144472
2024-01-06 09:15:00,MEO_02,MEO,-0.7326206764300113,-0.7904923744936561,-0.8316760633928392,-1.3581585299566716,1.7779645274997182
2024-01-06 09:30:00,MEO_02,MEO,-0.40078294565800804,-0.5223514345927605,-0.9898247875665461,-1.090553708562653,1.5626616788550327
2024-01-06 09:45:00,MEO_02,MEO,-1.2361585432421902,-0.36225531815831163,-0.412776123161644,-1.3837787844045557,1.4887769368023156
2024-01-06 10:00:00,MEO_02,MEO,-0.7015220172962029,-0.5283318749160008,-0.686993679729666,-1.1001173225613745,1.4004831342934376
2024-01-06 10:15:00,MEO_02,MEO,-0.17174637591638853,-0.5816715133589968,-0.225862748514496,-0.9087728064524192,1.1023718720864
2024-01-06 10:30:00,MEO_02,MEO,-0.5984803269769193,-0.25527240170088594,-0.39183460170947215,-0.8014929810824101,0.9279490033893715
2024-01-06 10:45:00,MEO_02,MEO,0.0922769677211957,0.04163231516391372,-0.3731651048048901,-0.6878221770100884,0.7836356246986538
2024-01-06 11:00:00,MEO_02,MEO,0.14584704438529322,0.22650089294698517,-0.46227323115214125,-0.6241892212909926,0.8090805761612859
2024-01-06 11:15:00,MEO_02,MEO,-0.2288680200496884,-0.03204301842303209,-0.47575226250845337,-0.5290314837726936,0.7122087342446095
2024-01-06 11:30:00,MEO_02,MEO,-0.21416547181439574,0.2955248723983074,-0.13058808137242633,-0.5334449779999284,0.6236599568321758
2024-01-06 11:45:00,MEO_02,MEO,-0.01741142838618319,0.3974619889902497,-0.09691051397712738,-0.6484536541250061,0.7667201718746348
2024-01-06 12:00:00,MEO_02,MEO,0.8898875866952674,0.6218575722837549,-0.17527157523462683,-0.681258218602045,0.9389034698544386
2024-01-06 12:15:00,MEO_02,MEO,0.7834188216316136,0.3926627383242898,-0.09714425624375053,-0.32778145805216585,0.520635877396367
2024-01-06 12:30:00,MEO_02,MEO,0.3423920905602822,0.21705431725277496,0.1174057519395238,-0.15231265983542303,0.2899928164156736
2024-01-06 12:45:00,MEO_02,MEO,0.2682548664294269,0.6741233500613169,0.6333760364550514,0.18842621462067285,0.9439872525673635
2024-01-06 13:00:00,MEO_02,MEO,0.5126381433801902,0.5639049682892452,0.7792437356967019,0.03658311175705464,0.9625736007961548
2024-01-06 13:15:00,MEO_02,MEO,0.6246104893428376,0.7000222839666851,0.5510005717257962,0.10713204437480812,0.897279278164839
2024-01-06 13:30:00,MEO_02,MEO,0.2920105228346448,0.8235610900886292,0.6146142862148151,0.27543670339284215,1.063893306447237
2024-01-06 13:45:00,MEO_02,MEO,0.7634176623226809,0.8611827399743779,0.5972489920477049,0.20044423643983475,1.0670145088299994
2024-01-06 14:00:00,MEO_02,MEO,1.1701044469631379,1.0033958411917678,0.5288722755604736,0.4114841232770138,1.2065770931384787
2024-01-06 14:15:00,MEO_02,MEO,0.3608100420851339,1.1882624341710497,0.8935192892696286,0.6892990750338129,1.6387426727834609
2024-01-06 14:30:00,MEO_02,MEO,1.1261063030235685,1.0241900021154084,1.02326079990056,0.767710567182472,1.6387212514671088
2024-01-06 14:45:00,MEO_02,MEO,1.2964128567435473,1.2292321491161913,0.6040839404020708,0.41556763973628996,1.4313020459247916
2024-01-06 15:00:00,MEO_02,MEO,0.7618359652780499,1.1926134377601656,0.7592099669530523,0.4870872352408057,1.4953195513272428
2024-01-06 15:15:00,MEO_02,MEO,1.3777402938666286,1.3563172586362262,0.6812362925516849,0.6778534729750876,1.6622769694573887
2024-01-06 15:30:00,MEO_02,MEO,0.6310255891659519,1.1050081155412645,0.6469092420273552,0.31140211231241893,1.317765448926743
2024-01-06 15:45:00,MEO_02,MEO,0.8865140443062487,1.0826681101242508,0.86850224704501,0.43236230354774785,1.453754983252461
2024-01-06 16:00:00,MEO_02,MEO,0.6373121353436709,0.9613081843957197,0.44069742052230254,0.06330552253087746,1.059403242879742
2024-01-06 16:15:00,MEO_02,MEO,0.5692150574113142,0.9049693509852268,0.660183702651195,0.11931174086600319,1.1265200126839026
2024-01-06 16:30:00,MEO_02,MEO,0.4067575539749998,0.7100607983533979,0.6503655355610944,0.3198045172062072,1.0146115495249546
2024-01-06 16:45:00,MEO_02,MEO,0.684529744745894,0.5831216015470914,0.4078715431528411,-0.10495738167990568,0.7193094256812058
2024-01-06 17:00:00,MEO_02,MEO,0.6096738865937724,0.8261098451691488,0.4817930090827105,-0.10193021327659375,0.9617545155937557
2024-01-06 17:15:00,MEO_02,MEO,0.24283751039676207,0.4046314293724612,0.26629963618402835,-0.4631308642229045,0.6701733262847763
2024-01-06 17:30:00,MEO_02,MEO,-0.2298296609115975,0.4470118491734443,0.36631280471484384,0.035538315744567506,0.5790230013440554
2024-01-06 17:45:00,MEO_02,MEO,0.16106657867774837,0.6150834844830845,-0.1701071934649936,-0.21227658162606058,0.6725514829804743
2024-01-06 18:00:00,MEO_02,MEO,0.07500713905000286,0.25619208208477084,-0.04627927365035737,-0.523590618979869,0.5847420716660099
2024-01-06 18:15:00,MEO_02,MEO,-0.21420585402268738,0.39411614304472314,-0.13762125607800973,-0.5598905919101668,0.6983871556969349
2024-01-06 18:30:00,MEO_02,MEO,0.23245538378454894,0.01405385731634709,-0.6529764944891716,-0.6852826221776853,0.9466721108808264
2024-01-06 18:45:00,MEO_02,MEO,-0.8737136756398152,-0.1842209255332271,-0.49356216520777973,-0.5938632035475093,0.7938604819844738
2024-01-06 19:00:00,MEO_02,MEO,-1.0626564861637815,-0.3909857038712383,-0.5286748812047666,-1.0776754906746713,1.2624386772629612
2024-01-06 19:15:00,MEO_02,MEO,-0.7703992461605944,0.08408688916672519,-0.35176105752637776,-0.9543870097729912,1.0206179554295742
2024-01-06 19:30:00,MEO_02,MEO,-0.4617627772248646,-0.46539701237958386,-0.654918890354625,-0.9592853042366287,1.2512958990580674
2024-01-06 19:45:00,MEO_02,MEO,-1.006627117664804,-0.19319880974972006,-0.7400620086886858,-1.0079406684067296,1.265291250195482
2024-01-06 20:00:00,MEO_02,MEO,-1.0301560692759166,-0.5786076360752117,-0.5602479844975481,-1.6740169093044341,1.8576859835007853
2024-01-06 20:15:00,MEO_02,MEO,-0.5162861877203115,-0.18949310541988623,-0.9948396064488298,-1.4538306298682566,1.7717892030103544
2024-01-06 20:30:00,MEO_02,MEO,-0.6996367645521476,-0.0229114111220306,-1.106387120984107,-1.547337897568817,1.9023332945337919
2024-01-06 20:45:00,MEO_02,MEO,-0.7339124824150838,-0.8274239635256895,-0.7864549285975355,-1.3673694436493178,1.7812470254172386
2024-01-06 21:00:00,MEO_02,MEO,-0.6232397002901731,-0.7378254335948439,-0.940423009283549,-1.7756895350447885,2.140526835084513
2024-01-06 21:15:00,MEO_02,MEO,-0.9623291902017798,-0.34471890879005856,-0.9239515201262258,-1.7530705308063923,2.011410903719769
2024-01-06 21:30:00,MEO_02,MEO,-0.9182162842304837,-0.35407740738570853,-0.5863117352667738,-0.9493571726160532,1.1706456776198626
2024-01-06 21:45:00,MEO_02,MEO,-0.513673594746194,-0.2743040715866944,-0.4794907685721899,-1.1729557858812196,1.2965258950237812
2024-01-06 22:00:00,MEO_02,MEO,-1.0686627737205265,-0.4800814203831184,-0.4211367596321618,-1.1748015765901005,1.3371585862825455
2024-01-06 22:15:00,MEO_02,MEO,-1.2315541995362496,0.04469451126897034,-0.3766391268312071,-1.0461784260403058,1.1128090268819344
2024-01-06 22:30:00,MEO_02,MEO,-0.6451132385088989,-0.2852570636502153,-0.26853081648749444,-1.0283405217239352,1.1004383764596901
2024-01-06 22:45:00,MEO_02,MEO,-0.14917083522948904,-0.44308717588043434,-0.7252978655881397,-0.7907457963323463,1.1608885190549894
2024-01-06 23:00:00,MEO_02,MEO,-0.19500015612142174,-0.1649319983756847,-0.25300957162703414,-1.000770170959112,1.0453503443844183
2024-01-06 23:15:00,MEO_02,MEO,0.011628137066523964,-0.2975049764002964,-0.29230267463146614,-0.7179854043023949,0.8303331291541505
2024-01-06 23:30:00,MEO_02,MEO,-0.6603024248534916,0.34888163846687326,-0.17259573782811227,-0.5874577323290227,0.7047086445112747
2024-01-06 23:45:00,MEO_02,MEO,0.11866389486677847,-0.015083366445765523,0.15549787362093187,-0.7145041020584323,0.7313844464454349
2024-01-07 00:00:00,MEO_02,MEO,0.2913970413017667,0.3196478426300378,-0.07773285491607132,-0.17194440601965055,0.37119000362737525
2024-01-07 00:15:00,MEO_02,MEO,-0.15378002658729742,0.22683773824140901,0.06858510176058952,-0.39759914663601476,0.4628653768426361
2024-01-07 00:30:00,MEO_02,MEO,0.6069598516518238,0.3075835040625798,0.5367158141830614,-0.02362540996294371,0.6190554394894844
2024-01-07 00:45:00,MEO_02,MEO,0.4088717775772904,0.14945529813529446,0.5725096092517068,-0.10146770068573455,0.6003331017932475
2024-01-07 01:00:00,MEO_02,MEO,1.411952649006268,0.7770437747229783,0.6286569673419201,0.23704799008093586,1.0272284848195585
2024-01-07 01:15:00,MEO_02,MEO,0.06171383947961018,1.0163971133814562,0.5503752595248115,-0.1394912826130169,1.164231006421056
2024-01-07 01:30:00,MEO_02,MEO,1.1005131167893716,0.6648207695635245,0.8599545792308696,-0.04840460613196615,1.088049419777415
2024-01-07 01:45:00,MEO_02,MEO,0.6740026954240824,0.6356786298670455,0.9199498752744072,0.06443763645882891,1.1200657581050506
2024-01-07 02:00:00,MEO_02,MEO,0.4026808654129773,1.158158527948156,0.9026933353121994,0.3090243682976957,1.500560726421258
2024-01-07 02:15:00,MEO_02,MEO,0.7302989414105114,0.6905231362116251,0.7462705467504563,0.5876451755189146,1.1743375932420028
2024-01-07 02:30:00,MEO_02,MEO,0.9623542000107335,1.3255948089222678,0.8846001555280827,0.6113050843050651,1.7068722678335349
2024-01-07 02:45:00,MEO_02,MEO,1.193566320318442,0.9266371417467235,1.1044398026955913,-0.08660417515811536,1.4442797351613128
2024-01-07 03:00:00,MEO_02,MEO,1.4213413125882033,0.8990477691118,1.1915162206574428,0.3789572663459977,1.5400020795281844
2024-01-07 03:15:00,MEO_02,MEO,1.354301948006448,1.1513477205911302,0.8774398918618794,-0.22860810031425272,1.4655251622098713
2024-01-07 03:30:00,MEO_02,MEO,0.6386373399387585,0.862593910412007,0.8680781198794072,0.49451288917602076,1.3199132070156958
2024-01-07 03:45:00,MEO_02,MEO,1.215530064676835,0.9150416078660033,0.8191600709701771,0.48981722873249767,1.3222122687227835
2024-01-07 04:00:00,MEO_02,MEO,0.9360544511703195,1.1036058731315175,0.8597841327573014,0.2236572167401599,1.416755881848231
2024-01-07 04:15:00,MEO_02,MEO,0.5326124609143862,0.5070298649397167,0.6299312878444836,0.17582408762151389,0.8275305560123655
2024-01-07 04:30:00,MEO_02,MEO,0.5766070387382848,1.2705213790254162,0.21573690695947162,0.058512673817350175,1.2900351625371846
2024-01-07 04:45:00,MEO_02,MEO,0.3973218034238679,0.8853205292710986,0.7826101816348154,-0.1627757996832745,1.1927980117814863
2024-01-07 05:00:00,MEO_02,MEO,0.5424023014821355,0.5347317598614569,0.7802304652750833,-0.034576704079390674,0.9465163402778092
2024-01-07 05:15:00,MEO_02,MEO,0.23454924573128216,0.4930428426051727,0.30883386851757677,-0.24918389022126217,0.6328998452626791
2024-01-07 05:30:00,MEO_02,MEO,0.03848209699413768,0.8219540671289791,0.11745410976016993,-0.11322295407406616,0.8379877049806175
2024-01-07 05:45:00,MEO_02,MEO,0.3450892919090373,0.6335888691535285,0.17035155178924055,-0.40177438709809393,0.7693355343673516
2024-01-07 06:00:00,MEO_02,MEO,0.286314760997037,0.6942740200667279,0.04094704912907195,-0.6487529007767452,0.9510906381824159
2024-01-07 06:15:00,MEO_02,MEO,-0.08261569359036253,0.15877462018984081,0.11275510850873817,-0.863950088104811,0.8856256823554499
2024-01-07 06:30:00,MEO_02,MEO,0.23822484400149496,0.23769010601878285,-0.13131354270011483,-1.0059868681112787,1.0419929998843631
2024-01-07 06:45:00,MEO_02,MEO,-0.32449183373581353,0.15904960611550367,-0.3929790513989068,-0.5282299337923282,0.6773154176586629
2024-01-07 07:00:00,MEO_02,MEO,-0.47625351378055203,0.10112818912694543,-0.6011048131115414,-0.9284662477828289,1.1106770368806056
2024-01-07 07:15:00,MEO_02,MEO,-0.32261655169586595,0.11650789505844944,-0.3338439785298257,-0.8758284310010597,0.9445111604218085
2024-01-07 07:30:00,MEO_02,MEO,-0.6106948347096288,-0.36084449109054345,-0.4568780493388476,-0.6971649017988564,0.9082869585204187
2024-01-07 07:45:00,MEO_02,MEO,-0.6199009080037924,-0.30846701445312963,-0.44953470278353125,-1.1876645260905205,1.3068207124721147
2024-01-07 08:00:00,MEO_02,MEO,-1.4194015854417743,-0.4645301935000695,-0.8261945388807193,-1.2732065784886195,1.587274616522369
2024-01-07 08:15:00,MEO_02,MEO,-0.7875771396893856,-0.43947134691611706,-0.42381151029099223,-1.2427873085839145,1.3846557533887793
2024-01-07 08:30:00,MEO_02,MEO,-1.2865322525899916,-0.3341668265943092,-1.0183534629255342,-1.2232252321065864,1.6263428949365968
2024-01-07 08:45:00,MEO_02,MEO,-1.167376622817585,-0.8217236829519178,-0.6460510857262556,-0.8733393867217517,1.3621062737142293
2024-01-07 09:00:00,MEO_02,MEO,-1.200044210536222,-0.26902247120090456,-1.1208835063560478,-0.9102668793644632,1.4687881795888704
2024-01-07 09:15:00,MEO_02,MEO,-1.1299821215188754,-0.7186139530718504,-0.9779963682029613,-1.1008874627339142,1.6385469524467247
2024-01-07 09:30:00,MEO_02,MEO,-0.9726352612151677,-0.5199973549852036,-0.539056906139455,-0.9606751249649113,1.2181446108630112
2024-01-07 09:45:00,MEO_02,MEO,-0.908850402704173,-0.18107787450496804,-0.624823147717821,-1.2451552174224112,1.4048504112657316
2024-01-07 10:00:00,MEO_02,MEO,-0.5890830516489274,-0.32046971576970806,-0.7796328978055026,-1.1131838000126821,1.3963188986319701
2024-01-07 10:15:00,MEO_02,MEO,-0.6577813155507858,-0.257571756546542,-0.7280392305429547,-1.2190897617380652,1.4431092052074996
2024-01-07 10:30:00,MEO_02,MEO,-1.1464019134957975,-0.4759086558932505,-0.5642579919531744,-1.3421847233218602,1.5317754279775242
2024-01-07 10:45:00,MEO_02,MEO,-0.4560914005603687,-0.38732993927470066,-0.4330244248806853,-0.7910372115945106,0.9814654882006856
2024-01-07 11:00:00,MEO_02,MEO,-0.3107844094584245,0.08328293727589645,-0.17380807147420002,-0.8095997902489582,0.8322241967895663
2024-01-07 11:15:00,MEO_02,MEO,-0.39982987919568846,-0.14632882243977655,-0.35050194016344943,-0.8209985400461627,0.9046006506148913
2024-01-07 11:30:00,MEO_02,MEO,-0.15485755949824356,-0.03867070756520727,-0.4519655663641612,-0.7370155439297716,0.8654248718384329
2024-01-07 11:45:00,MEO_02,MEO,0.05291588889495509,0.38275455774894274,-0.10799537743652157,-0.8976008913266595,0.981759345835658
2024-01-07 12:00:00,MEO_02,MEO,0.2941667061835733,0.09328957055270481,-0.059246963327618266,-0.6836166894225015,0.6924918228357885
2024-01-07 12:15:00,MEO_02,MEO,-0.28049478566257857,0.43426059101198233,-0.0968058588452893,-0.35607976902893723,0.5698652798026491
2024-01-07 12:30:00,MEO_02,MEO,0.22351946625631375,0.4756275398397711,0.27560862754084803,-0.4168749259325877,0.6899031642921225
2024-01-07 12:45:00,MEO_02,MEO,0.776219872006828,0.5702849199402218,0.3096539442233884,-0.2756474143261947,0.705047482166303
2024-01-07 13:00:00,MEO_02,MEO,0.877695360099837,0.5385594198238636,0.4726972386570216,-0.18976965394705786,0.7412836499439172
2024-01-07 13:15:00,MEO_02,MEO,0.8143816185323502,0.5947569221115957,0.38006102910485684,-0.21404714757930476,0.7375624472753057
2024-01-07 13:30:00,MEO_02,MEO,0.8194063701108123,0.5992185138650947,0.6626099111740977,-0.19540185904555812,0.9144925413929293
2024-01-07 13:45:00,MEO_02,MEO,1.1898004404866347,0.9644212819917317,0.4169839499705774,-0.2691881649340472,1.0846410889470304
2024-01-07 14:00:00,MEO_02,MEO,1.2976306596476095,0.8097751269763405,0.5776157431328188,0.06211467919200614,0.9966112262841276
2024-01-07 14:15:00,MEO_02,MEO,0.8170244771456406,1.207305282448305,0.7110123966724432,0.25246864105678335,1.423680121363831
2024-01-07 14:30:00,MEO_02,MEO,0.6044287726211006,0.984053709294582,1.071605731172841,-0.11062058445924261,1.4590878861689618
2024-01-07 14:45:00,MEO_02,MEO,0.8042930463376459,0.8162694952079499,0.9459293115444893,0.18428781087678686,1.2629489888684464
2024-01-07 15:00:00,MEO_02,MEO,1.748818253975208,0.9789914550775899,1.0119999863365563,0.2062232395599205,1.4230587710965121
2024-01-07 15:15:00,MEO_02,MEO,0.43971609243279014,0.9121938534898791,1.0211016212803585,-0.02276336301880652,1.369402905657067
2024-01-07 15:30:00,MEO_02,MEO,0.6903246256683325,1.1762642432344945,1.3347199018529734,0.37631556906152186,1.8184301454365868
2024-01-07 15:45:00,MEO_02,MEO,0.37203588710798646,0.8607353248308377,0.7218321045604805,-0.0014596850143960977,1.123347238064082
2024-01-07 16:00:00,MEO_02,MEO,0.7337860985574693,0.8389361845948745,0.875093878192821,-0.022005161254352094,1.2124716263051218
2024-01-07 16:15:00,MEO_02,MEO,0.3307657260242073,1.1464603430413123,0.7601484207110155,-0.09768574499072269,1.379035693682454
2024-01-07 16:30:00,MEO_02,MEO,0.5370100203595228,0.9128095394843447,0.7147470113424448,-0.42796020772625076,1.2358132888886062
2024-01-07 16:45:00,MEO_02,MEO,-0.11727594605756747,1.0742535034936942,0.7907152156508044,-0.017018441750285163,1.333994291363266
2024-01-07 17:00:00,MEO_02,MEO,0.4477577844920595,0.8638292885174138,0.34389925137191146,-0.47912441499873604,1.04595790538747
2024-01-07 17:15:00,MEO_02,MEO,0.4731743064055849,0.34940303442219356,0.24339352090911828,-0.4319907711813046,0.6065796838584294
2024-01-07 17:30:00,MEO_02,MEO,-0.030551015276305923,0.6617672542222444,0.2850850905721568,-0.3781994452094291,0.8137838951368499
2024-01-07 17:45:00,MEO_02,MEO,-0.06329468981506932,0.6019787396209573,0.11618371278965355,-0.36578867334185144,0.7139176504460557
2024-01-07 18:00:00,MEO_02,MEO,-0.15893061180886278,0.5135861443593158,0.07142572408810988,-0.9151603005361254,1.0518511004019295
2024-01-07 18:15:00,MEO_02,MEO,-0.14884403952743724,0.2969461284528306,0.2085312642110966,-0.8652624706269386,0.9382651194795835
2024-01-07 18:30:00,MEO_02,MEO,-0.31061592856917875,0.17247945028234543,-0.19877826155368838,-0.6874784806746101,0.7361308439582442
2024-01-07 18:45:00,MEO_02,MEO,-0.18592206684105578,-0.16311042347784488,-0.24742695116561816,-0.9747371853498362,1.0187922687741382
2024-01-07 19:00:00,MEO_02,MEO,-0.11382527665712278,-0.32687318163081835,-0.2359109354371932,-1.0842926631626766,1.1568018956228914
2024-01-07 19:15:00,MEO_02,MEO,-0.7681794684631505,-0.2994438529936439,-0.37396903255076436,-1.4817885204044363,1.5573107196718972
2024-01-07 19:30:00,MEO_02,MEO,-0.6574556285482676,-0.6473611904402493,-0.7450941707318424,-1.419665227157973,1.7290723499461462
2024-01-07 19:45:00,MEO_02,MEO,-0.3652171839051148,-0.13351816073582906,-0.6025525458526794,-1.44727267090726,1.5733705392293509
2024-01-07 20:00:00,MEO_02,MEO,-1.0930514395484217,-0.5122611053888492,-0.4947449089694673,-1.6017941621342535,1.752977040035832
2024-01-07 20:15:00,MEO_02,MEO,-1.3080132853962776,-0.223357216511684,-0.4096196534872866,-1.7776682189170303,1.837874044443345
2024-01-07 20:30:00,MEO_02,MEO,-0.7489700779622918,-0.7678704294594032,-0.8600325918067235,-1.567725714010226,1.9460331368650514
2024-01-07 20:45:00,MEO_02,MEO,-0.6508698506101195,-0.32954900775558527,-0.8800607527846867,-1.2284958754188398,1.546709925301361
2024-01-07 21:00:00,MEO_02,MEO,-1.0102820003120314,-0.5897553070051732,-0.6663451342040473,-1.4738325921601925,1.7216299456421544
2024-01-07 21:15:00,MEO_02,MEO,-0.9876053788109532,-0.7155244764789255,-1.00467353658979,-1.226619324614575,1.739522681393431
2024-01-07 21:30:00,MEO_02,MEO,-1.004768525540028,-0.0858688872508333,-0.726692536825555,-1.4352263391264313,1.6110028409031174
2024-01-07 21:45:00,MEO_02,MEO,-1.0016157086143596,-0.18453089071230913,-0.8964564237839604,-1.5731562839260613,1.8200292478492373
2024-01-07 22:00:00,MEO_02,MEO,-0.5057574540036722,-0.3295843390302831,-0.39336929141239285,-1.1553081140462567,1.2641606204677613
2024-01-07 22:15:00,MEO_02,MEO,-0.906076527670542,-0.3025467711474894,-0.6806764962358675,-1.2876408842170686,1.4875732210439332
2024-01-07 22:30:00,MEO_02,MEO,-0.5472854297355757,-0.17070586654119987,-0.278962664398071,-1.0554058789263696,1.1049172956705835
2024-01-07 22:45:00,MEO_02,MEO,-0.6437888591545061,-0.10397222441453338,-0.2971312415698021,-1.3453318845710438,1.3816711178171144
2024-01-07 23:00:00,MEO_02,MEO,-0.7548678589507618,-0.18127642876966665,-0.4686768175863272,-0.8935167143917818,1.0251298561001023
2024-01-07 23:15:00,MEO_02,MEO,-0.02346392814710971,-0.019517507413700744,-0.4293381829973344,-0.807473587249938,0.9147271738509684
2024-01-07 23:30:00,MEO_02,MEO,-0.2864997778334863,0.5952232652475451,-0.20030550219095647,-0.833025870785538,1.0432378113823926
2024-01-07 23:45:00,MEO_02,MEO,-0.02156666679051473,0.843311224050689,-0.07924239540441794,-0.9510343710543158,1.2735460544346167
2024-01-01 00:00:00,MEO_03,MEO,-0.47971804004789004,0.210556517237372,0.09842136347137143,-0.16726310740060893,0.2863525079967053
2024-01-01 00:15:00,MEO_03,MEO,0.3255039935387553,0.005881963568360654,-0.16581678978780326,0.21719024968720396,0.27331558651153076
2024-01-01 00:30:00,MEO_03,MEO,0.2108269603304679,-0.10120901440614916,0.11253441116479429,0.016083032682348203,0.15220355525917442
2024-01-01 00:45:00,MEO_03,MEO,0.21210263693153478,0.26682665306281506,0.2725079022723502,0.10082620070292977,0.39449073795688555
2024-01-01 01:00:00,MEO_03,MEO,0.011439913411775415,0.5828352676276578,0.41719807533326003,0.36930050936685205,0.8063089044969034
2024-01-01 01:15:00,MEO_03,MEO,0.4341068190511475,0.7246570688925857,0.3891946202641092,0.1793381980397128,0.8418803413874498
2024-01-01 01:30:00,MEO_03,MEO,0.4521293688948024,1.0153611883279787,0.2625781857697054,0.8937641028782184,1.3779404624288458
2024-01-01 01:45:00,MEO_03,MEO,0.779698498571269,0.4282513117563232,0.5435368353132337,1.0691915716152491,1.273578460157215
2024-01-01 02:00:00,MEO_03,MEO,0.7812320312623784,0.6580208449999151,0.2656191192256832,0.5819068296376478,0.91769303545988
2024-01-01 02:15:00,MEO_03,MEO,1.0651252945723233,0.5236816598915586,0.5864615734816531,0.43911926034818327,0.9005583728365918
2024-01-01 02:30:00,MEO_03,MEO,0.6326308408034469,0.5246461595727494,0.5561218662723566,0.8875355392346647,1.1714283829177312
2024-01-01 02:45:00,MEO_03,MEO,0.19489485792027939,0.7232972746863795,0.6330702210904724,0.7269738271976135,1.2051671244398552
2024-01-01 03:00:00,MEO_03,MEO,1.2298282791136814,0.9911837419028818,0.5439018074218253,1.098513675587828,1.576390396374834
2024-01-01 03:15:00,MEO_03,MEO,0.5507331681747669,1.0744044349156843,0.35667370442798224,0.6603916245288424,1.310602197062371
2024-01-01 03:30:00,MEO_03,MEO,0.47382578367206485,0.6524046522713162,0.5777437363284824,0.9446780883640598,1.285237855732248
2024-01-01 03:45:00,MEO_03,MEO,0.7987321781798233,0.6664618281595809,0.8103287858565984,0.8028510447616496,1.3211260006738614
2024-01-01 04:00:00,MEO_03,MEO,0.8639673809680297,0.38277501268826764,0.8274815790427975,0.5703435645828023,1.0754228264523134
2024-01-01 04:15:00,MEO_03,MEO,0.507436192925653,0.8084967522893702,1.0015346258770337,0.7269027771611637,1.4782172549181403
2024-01-01 04:30:00,MEO_03,MEO,0.46654063676223184,0.5231943616008052,0.7686371383565136,0.8172880572233698,1.237939885031464
2024-01-01 04:45:00,MEO_03,MEO,0.43923070705574546,1.049270850802638,0.09813395637934388,0.5566649145110242,1.191836993378843
2024-01-01 05:00:00,MEO_03,MEO,0.9587877298406053,0.6323305021141354,0.1829829116400588,0.4718891364458015,0.8099407181712452
2024-01-01 05:15:00,MEO_03,MEO,0.3741717389619761,0.3925884273116989,0.13396939430587013,0.17080955900919256,0.44860826710914464
2024-01-01 05:30:00,MEO_03,MEO,-0.04534287411513649,0.1912480204019016,0.02134063255134457,0.5234173413416356,0.5576709972039823
2024-01-01 05:45:00,MEO_03,MEO,-0.14461317231536805,-0.11162336077695423,-0.056027691842213505,0.3940714790339196,0.41338989769016976
2024-01-01 06:00:00,MEO_03,MEO,0.02852584950223,-0.172908015086085,0.3185171018826768,-0.04927232711495941,0.3657568701912144
2024-01-01 06:15:00,MEO_03,MEO,0.11095382092797035,-0.08885069375330207,-0.5106902226052039,-0.10128759773365244,0.5281648669683076
2024-01-01 06:30:00,MEO_03,MEO,0.07269207779842632,-0.18713179409764635,-0.53970683479564,0.18301873824305234,0.599831338323875
2024-01-01 06:45:00,MEO_03,MEO,-0.16414405314137193,-0.3330277857266387,-0.16142131243440755,-0.4928800461670092,0.6163562979994832
2024-01-01 07:00:00,MEO_03,MEO,-0.5922262461005201,-0.06640451133552251,-0.7437351409079204,-0.1754381121644638,0.7670267597332343
2024-01-01 07:15:00,MEO_03,MEO,-0.5679743549548213,-0.13373701853941816,-0.6499492553739376,-0.4991190712822526,0.8303249195384942
2024-01-01 07:30:00,MEO_03,MEO,-0.2356791072884733,-0.48140476725775205,-0.603285827728966,-0.056019151848508586,0.7738491359760895
2024-01-01 07:45:00,MEO_03,MEO,-1.0000423606179987,0.034039755950430906,-0.7736133756762154,-0.5064854839797133,0.9252912544126193
2024-01-01 08:00:00,MEO_03,MEO,-0.8006796845578866,-0.9006613687204801,-0.88881414198657,-0.29527783506563166,1.2993731103812398
2024-01-01 08:15:00,MEO_03,MEO,-0.4580157917720575,-0.4908958531907387,-0.7769352032767445,-0.8229979227240494,1.2336663364048805
2024-01-01 08:30:00,MEO_03,MEO,-0.3860018379915002,-0.546155804094203,-1.1990761997540345,-0.9920591136391781,1.6493183986474276
2024-01-01 08:45:00,MEO_03,MEO,-0.7961800198895849,-0.6544731375375228,-1.1720504848622175,-0.7855872500259569,1.5553728666230853
2024-01-01 09:00:00,MEO_03,MEO,-0.8781829728489016,-0.7063153566318413,-0.9731447368709042,-0.6893988835543743,1.3860602016361065
2024-01-01 09:15:00,MEO_03,MEO,-1.203041858030124,-0.5309063829642607,-1.512781806542009,-0.8298337449842295,1.8052685190827569
2024-01-01 09:30:00,MEO_03,MEO,-0.5595157140241921,-0.5698066712618874,-0.8139352539276019,-0.5300568030788416,1.1261129848691491
2024-01-01 09:45:00,MEO_03,MEO,-0.2578649553203944,-0.5984143605237982,-0.9880950783795482,-0.6868966892845979,1.343971239479898
2024-01-01 10:00:00,MEO_03,MEO,0.23614697258564354,-0.8083468177440013,-0.9711125817779084,-1.0718114151316398,1.6568838021571388
2024-01-01 10:15:00,MEO_03,MEO,-0.4702529130125799,-0.8212798288315033,-1.2832347975794314,-0.3944082724983846,1.5737693567925979
2024-01-01 10:30:00,MEO_03,MEO,-0.5276400673859104,-0.39832310566540113,-1.161540705324454,-0.6435466487694893,1.3863586822229668
2024-01-01 10:45:00,MEO_03,MEO,-0.7404953639454184,-0.294224596568376,-0.8966654166313724,-0.44204729286663297,1.042104981150774
2024-01-01 11:00:00,MEO_03,MEO,-0.9788164500877856,-0.16917143408641297,-0.567605413841122,0.06476436841703448,0.5958097878929669
2024-01-01 11:15:00,MEO_03,MEO,-0.20150863253713397,-0.06460492509385529,-1.0765477652827937,0.213742957404587,1.0994612040094087
2024-01-01 11:30:00,MEO_03,MEO,0.6492075319284603,-0.09015341150646436,-0.4442533911234642,-0.1926971678477605,0.49256564194785196
2024-01-01 11:45:00,MEO_03,MEO,0.34899005339130845,0.11293704228646076,-0.5392287767641014,0.16393885125982458,0.5748029194109175
2024-01-01 12:00:00,MEO_03,MEO,0.3924125530893029,0.07276724936469028,-0.4337051310159113,0.005599697593276873,0.43980287614199154
2024-01-01 12:15:00,MEO_03,MEO,0.17455274533578086,0.7478858252347209,-0.2272449845037267,0.16266606431277184,0.798394475837681
2024-01-01 12:30:00,MEO_03,MEO,0.3060828251372315,0.245353991475473,-0.09636284597972603,0.2152384190370826,0.3403115576171953
2024-01-01 12:45:00,MEO_03,MEO,-0.5505029651941739,0.47056618045139575,-0.19407796538362845,0.07259498032429801,0.5141680834127588
2024-01-01 13:00:00,MEO_03,MEO,0.6650706478057735,0.4819455421730277,0.15278502307006314,0.5949186387425042,0.7807323200804533
2024-01-01 13:15:00,MEO_03,MEO,0.29989141848068934,0.5792684107841359,-0.3789686917597102,0.7270758640887967,1.0038966446835624
2024-01-01 13:30:00,MEO_03,MEO,0.2999440102210732,0.82565180205422,0.04340896186063632,0.5874828014742354,1.0142589798632373
2024-01-01 13:45:00,MEO_03,MEO,0.49961093058656847,0.8162669978492009,0.23731749722902315,1.0557564120250489,1.3554456860386548
2024-01-01 14:00:00,MEO_03,MEO,0.5628157542164361,0.7618576066616364,0.22008150010363742,0.7846161397727744,1.1155650435129247
2024-01-01 14:15:00,MEO_03,MEO,0.5108960241194467,0.8653585026359385,-0.04022957505531205,0.7790610713678858,1.1650750661284974
2024-01-01 14:30:00,MEO_03,MEO,0.7662503661832722,0.8363626261022995,0.49730329681018626,1.0929499688681943,1.4633361356188817
2024-01-01 14:45:00,MEO_03,MEO,0.5766978743585706,1.1246425068471388,0.12699957745793317,0.6509025667858437,1.3056124280697967
2024-01-01 15:00:00,MEO_03,MEO,0.8328089936895158,1.595410194197329,0.35475360732371564,1.1694118074543334,2.0096536480377805
2024-01-01 15:15:00,MEO_03,MEO,0.2641718133191673,0.8731256124643674,0.39493523591852636,0.8794446681136636,1.30067101912238
2024-01-01 15:30:00,MEO_03,MEO,0.6686593473118628,1.1354287351631938,0.34658755105893513,1.1504396139479673,1.6531281403823685
2024-01-01 15:45:00,MEO_03,MEO,0.2926433801491135,1.0176115407409962,0.5331948079672988,1.1953667303111941,1.6579299053420273
2024-01-01 16:00:00,MEO_03,MEO,0.3844321886395252,1.1456198944987015,0.2404373315797405,1.015442810589207,1.5496383948088372
2024-01-01 16:15:00,MEO_03,MEO,0.5649192708904334,1.0365549495235964,0.3099992913337106,0.634114125643482,1.2540520118200305
2024-01-01 16:30:00,MEO_03,MEO,-0.11582184652106997,0.8583546209537687,0.15432827839379293,0.47339526104293916,0.9923169584374704
2024-01-01 16:45:00,MEO_03,MEO,0.09623107272340792,0.74449933507568,0.22878022084160668,0.36925818589275927,0.8619578047823894
2024-01-01 17:00:00,MEO_03,MEO,0.4694715115236747,0.5671621530404334,0.2796831479483957,0.8444885967968241,1.055014957812283
2024-01-01 17:15:00,MEO_03,MEO,-0.31360518535675697,0.3885025235888425,-0.04553055257857782,0.4836250561820675,0.6220132128983418
2024-01-01 17:30:00,MEO_03,MEO,0.72091771680562,0.45188379409641605,-0.004297464770573023,0.2974144924464741,0.5409924323755557
2024-01-01 17:45:00,MEO_03,MEO,0.4171966449523671,0.04661160080724813,-0.0007075719422804383,0.3266685424310397,0.32997799714812465
2024-01-01 18:00:00,MEO_03,MEO,-0.31488942621348764,0.08740915179282194,-0.11473141455821129,0.4779714433503527,0.4992598100809719
2024-01-01 18:15:00,MEO_03,MEO,-0.5137461050397616,0.392278301274597,-0.5771753702277047,0.31202475397779783,0.7644430134047121
2024-01-01 18:30:00,MEO_03,MEO,-0.270974589387424,0.02818784864216079,-0.42416285640914436,0.1183531254938664,0.4412665247697866
2024-01-01 18:45:00,MEO_03,MEO,-0.950023628827507,0.13080766676717037,-0.6778174399759302,0.0491961886509468,0.6920747016026336
2024-01-01 19:00:00,MEO_03,MEO,-1.2484522139004939,0.16898867591048838,-0.5871168955976467,-0.14137118982993113,0.6270958738471561
2024-01-01 19:15:00,MEO_03,MEO,-0.7927545347405174,-0.3489581877188512,-0.7800493077428188,-0.19880118763967608,0.8773657455662499
2024-01-01 19:30:00,MEO_03,MEO,-0.7460047854540814,-0.3127180290531369,-0.9182151411726169,-0.2769384056660849,1.0087648346896319
2024-01-01 19:45:00,MEO_03,MEO,-0.6848080659862712,-0.49903601334895553,-0.9604070884551572,-0.39966036555529133,1.1537534944562118
2024-01-01 20:00:00,MEO_03,MEO,-0.9873154541460221,-0.6958657427643178,-1.0064457174204589,-0.2887969351431263,1.257205545571201
2024-01-01 20:15:00,MEO_03,MEO,-0.3399349706398578,-0.7637339659466811,-1.0653817362324722,-0.4183162520766613,1.3759783070200737
2024-01-01 20:30:00,MEO_03,MEO,-1.3335320908527235,-0.3569776626713553,-1.1713593032639993,-0.742767693044811,1.4322079160584669
2024-01-01 20:45:00,MEO_03,MEO,-1.2289993752507988,-0.5324808606439223,-1.207987726374299,-0.4550838100968988,1.3963779890256616
2024-01-01 21:00:00,MEO_03,MEO,-0.661855434499265,-0.1049112313620158,-0.8256556161408384,-0.5058711814377406,0.9739708492249741
2024-01-01 21:15:00,MEO_03,MEO,-1.2545009621776617,-0.3283620939361813,-1.0744614210993004,-0.4231546608225375,1.2005619005868537
2024-01-01 21:30:00,MEO_03,MEO,-1.238838745529554,-0.7585085394330706,-1.287832061351417,-0.5430164449728647,1.5901929072123602
2024-01-01 21:45:00,MEO_03,MEO,-0.7799837764835126,-0.33269952084877913,-1.203536680793281,-0.29128002679536746,1.2821987237545611
2024-01-01 22:00:00,MEO_03,MEO,-1.1604663526629868,-0.6017113891624795,-0.888620753473373,-0.4625063489862273,1.1685955511655843
2024-01-01 22:15:00,MEO_03,MEO,-0.7750440164663918,-0.16665884215332688,-1.2152045730347867,-0.21662624785824622,1.2455618231359245
2024-01-01 22:30:00,MEO_03,MEO,-0.8770256703031591,-0.5270083971707828,-1.28288930259879,-0.40218235749922,1.444054521856622
2024-01-01 22:45:00,MEO_03,MEO,-0.8226704374945012,-0.644107367892266,-1.2045271060024894,-0.29835748619399993,1.3981334128171883
2024-01-01 23:00:00,MEO_03,MEO,-1.171591081576652,-0.477454940944398,-1.2057443454510315,0.012191970449579675,1.2968929375098002
2024-01-01 23:15:00,MEO_03,MEO,-0.2867137453229351,-0.3718927485558021,-1.042954410637364,-0.11535479067968347,1.113267643843597
2024-01-01 23:30:00,MEO_03,MEO,-0.6496322446453193,-0.2659744528819115,-0.8761972906920515,0.5786446904441472,1.0831868627255072
2024-01-01 23:45:00,MEO_03,MEO,-0.19329170678653937,-0.08815907195512883,-0.2942189645199253,0.31411996924269525,0.43932695811684314
2024-01-02 00:00:00,MEO_03,MEO,-0.19767743816817876,0.39397005834552445,-0.4646241481674514,0.2863656201944441,0.6731220352673462
2024-01-02 00:15:00,MEO_03,MEO,4.621686659454782e-05,0.7641839680996716,-0.43445982947281947,0.5799709481785899,1.0531375889489862
2024-01-02 00:30:00,MEO_03,MEO,0.12231511244354049,0.08545174474088157,-0.5511720027301052,0.3817929260622281,0.6759130237419115
2024-01-02 00:45:00,MEO_03,MEO,0.33540632308631985,0.8361779502113762,-0.17745779306020754,0.785329576445712,1.1607873949944063
2024-01-02 01:00:00,MEO_03,MEO,0.11886130866961109,0.4613069994173583,-0.3888432237666208,0.8703371445598087,1.0590042235898713
2024-01-02 01:15:00,MEO_03,MEO,0.9099120075512468,0.786679970596976,-0.03789910480664478,1.0308484266662186,1.297285703707484
2024-01-02 01:30:00,MEO_03,MEO,-0.07166511237221385,0.36452184836644747,0.50513223559591,0.717312445270154,0.9500378400432591
2024-01-02 01:45:00,MEO_03,MEO,0.574714486064253,0.9576475978543176,0.30865058786238597,0.6257746419327619,1.1848831206283672
2024-01-02 02:00:00,MEO_03,MEO,1.0112349133672143,0.4035426491261265,0.20532283545326124,0.8228752700213842,0.93921661315964
2024-01-02 02:15:00,MEO_03,MEO,0.9723919742335922,0.9817065361131903,0.4306194759375266,0.9651382336184963,1.4424536963439414
2024-01-02 02:30:00,MEO_03,MEO,0.4694600563217912,0.9938468640926102,0.2312790175990089,1.4267661483821406,1.7541046762999881
2024-01-02 02:45:00,MEO_03,MEO,0.5853779391564242,1.0213598918563231,0.19002731634411107,1.541863859347429,1.859201594881914
2024-01-02 03:00:00,MEO_03,MEO,0.5191931884184033,0.7889295711240687,0.684695569609868,1.1370581694002133,1.5440593161653968
2024-01-02 03:15:00,MEO_03,MEO,1.0883647285687181,1.0887297905857103,0.11088163250480004,1.0855938524521271,1.5414737447707583
2024-01-02 03:30:00,MEO_03,MEO,0.594664058023513,1.0210976438839299,0.2599161924706752,0.9945885481785044,1.4489317463640552
2024-01-02 03:45:00,MEO_03,MEO,0.8968356914257261,0.7923494400535266,0.36602120718786013,1.2766538274358812,1.5464909163558254
2024-01-02 04:00:00,MEO_03,MEO,0.8653998192861356,0.9848893812495458,0.08257034035558114,1.5440870077528803,1.8333111143272418
2024-01-02 04:15:00,MEO_03,MEO,1.5665431675591008,0.7335716988094286,0.32906508904849197,1.400504509726805,1.6148758936493421
2024-01-02 04:30:00,MEO_03,MEO,0.7892671798798924,0.8156848370135139,0.09967380044864788,1.1538965570191846,1.416599408488641
2024-01-02 04:45:00,MEO_03,MEO,0.30712147263833517,0.5682467350852688,0.2098237498465789,1.0796608815233195,1.2379814122297874
2024-01-02 05:00:00,MEO_03,MEO,0.06774432612378689,0.5681602546755313,0.1059468440560613,0.9307254070159242,1.0955731796750785
2024-01-02 05:15:00,MEO_03,MEO,0.4136431399824555,0.5797565874839019,-0.17771687686361634,0.6334313343440086,0.8768900982346466
2024-01-02 05:30:00,MEO_03,MEO,0.38903528742469207,0.23682798698679314,0.11081964981963616,0.3776836606672247,0.4593619898743896
2024-01-02 05:45:00,MEO_03,MEO,-0.45255946907691236,-0.10614331155162604,-0.45670150898080697,0.43536161535892615,0.6398299829020403
2024-01-02 06:00:00,MEO_03,MEO,-0.04575906503446589,0.1804103259300541,-0.14386009169240754,0.4279866585906491,0.48622648181225697
2024-01-02 06:15:00,MEO_03,MEO,0.19791393669752433,0.31580899169688276,-0.2538543566320508,-0.066456930050452,0.4106018474987721
2024-01-02 06:30:00,MEO_03,MEO,-0.17332946276235972,-0.004924774876386442,-0.22785355409550867,0.11753108212602828,0.25642747666202464
2024-01-02 06:45:00,MEO_03,MEO,0.23213585728491834,-0.07478732763086675,-0.6416449846772813,-0.13090709658669755,0.6591191839663249
2024-01-02 07:00:00,MEO_03,MEO,-0.7687429799677324,-0.2587564390605471,-0.937147538368726,0.1822262505006289,0.9891444837825136
2024-01-02 07:15:00,MEO_03,MEO,-0.06333706423887009,-0.12553694757325398,-0.46445238293897456,-0.24546767134047265,0.5401202818789682
2024-01-02 07:30:00,MEO_03,MEO,-0.05368745142374842,-0.40389232894970134,-1.0083670287794133,-0.12504062354062118,1.093420429500594
2024-01-02 07:45:00,MEO_03,MEO,-0.12487181541200881,-0.5276839996224352,-1.1566290779827182,-0.4310525513693172,1.3424036388265195
2024-01-02 08:00:00,MEO_03,MEO,-1.0896850960899558,-0.21496446879515563,-1.1117759138724632,-0.0034026545232525574,1.1323722813497066
2024-01-02 08:15:00,MEO_03,MEO,-0.4501550335225383,-0.6749772650148183,-1.3045936422972768,-0.7898198266681634,1.6677452558491919
2024-01-02 08:30:00,MEO_03,MEO,-0.8225563124609708,-0.3266974114133475,-1.0263593981528643,-0.34039528718582057,1.1296077922620793
2024-01-02 08:45:00,MEO_03,MEO,-1.1310107518969654,-0.3299125658324555,-1.2961224760634313,-0.7582685665302347,1.537448208245979
2024-01-02 09:00:00,MEO_03,MEO,-0.819243661321327,-0.48289125652682235,-1.2314207896496088,-0.612774267544858,1.4577631596992897
2024-01-02 09:15:00,MEO_03,MEO,-0.9940673390999949,-0.9404269409272271,-0.9956145003440496,-0.42525596788920533,1.4340480127047555
2024-01-02 09:30:00,MEO_03,MEO,-0.32219334828027313,-0.6235713324341818,-1.0921489887315106,-0.3831140834852652,1.3146889446503143
2024-01-02 09:45:00,MEO_03,MEO,-0.42174135483132913,-0.6295761820613663,-1.1857987283067146,-0.33597618789969524,1.383967048707591
2024-01-02 10:00:00,MEO_03,MEO,-0.9380270211608749,-0.650805089210819,-1.1063963760051627,-0.29225112886891863,1.3164615175937413
2024-01-02 10:15:00,MEO_03,MEO,-0.763367176617035,-0.4524071477922145,-1.0850280516473851,-0.40643676666846185,1.2438444217566444
2024-01-02 10:30:00,MEO_03,MEO,-0.572540264308398,-0.2156899971042162,-1.0538710358113128,-0.2505062477688169,1.104499757874142
2024-01-02 10:45:00,MEO_03,MEO,-0.35987101000560023,-0.45070101477688634,-0.8854193701010122,-0.1024771327312694,0.99879949359409
2024-01-02 11:00:00,MEO_03,MEO,0.12883056914786484,-0.3157396234543432,-0.700105403261167,0.00395524374621288,0.7680200058902525
2024-01-02 11:15:00,MEO_03,MEO,0.11637675418284515,-0.2590769966939725,-0.7247749281364608,0.0317547937136943,0.7703427507252729
2024-01-02 11:30:00,MEO_03,MEO,0.036458895993354765,0.19816296670174832,-0.5280102367238532,0.3174392764118589,0.647171589044283
2024-01-02 11:45:00,MEO_03,MEO,0.03907963118951255,-0.035856967593587155,-0.6624709484492745,0.2853212154929386,0.7221922705724956
2024-01-02 12:00:00,MEO_03,MEO,-0.3678973312229004,-0.19035646469795353,-0.5079882962045195,0.4195698692218305,0.685803592795997
2024-01-02 12:15:00,MEO_03,MEO,0.8070352893109123,-0.16129723803811355,-0.42700637796382046,0.38316170694859797,0.5959564912745462
2024-01-02 12:30:00,MEO_03,MEO,0.2817633253016224,0.45891946064387573,-0.30550658184729595,0.3224913498981858,0.6387033847325677
2024-01-02 12:45:00,MEO_03,MEO,1.0604107859693075,0.2446439392939039,0.1314531588762548,0.7288385725976958,0.7799591366975784
2024-01-02 13:00:00,MEO_03,MEO,0.6792349125057808,0.70093651889255,0.10047936625210144,1.0559188657072942,1.2713664922107273
2024-01-02 13:15:00,MEO_03,MEO,1.3990000766580324,0.30415264977114703,-0.1709292121318659,0.9654993697465446,1.0266034594252083
2024-01-02 13:30:00,MEO_03,MEO,0.9418183200543906,0.5756301510074325,0.19922113129798946,0.7463208463768407,0.9633451799023723
2024-01-02 13:45:00,MEO_03,MEO,0.27344344860814995,0.47254002471706474,0.10509837782875957,1.1833580274731066,1.2785444713293639
2024-01-02 14:00:00,MEO_03,MEO,0.6083471951386494,1.0202401058762467,0.09762804644574682,0.9829415189915156,1.4200687091998527
2024-01-02 14:15:00,MEO_03,MEO,0.8225694649226961,1.1252918223200863,-0.011455179792580483,1.2623949370580352,1.6911693834841919
2024-01-02 14:30:00,MEO_03,MEO,0.6065915337484458,1.0732795382823097,0.49271671171433107,1.0554742113352378,1.5838953677853262
2024-01-02 14:45:00,MEO_03,MEO,0.7968569072902201,0.7577534210886471,0.04706733701789101,1.2629890546932756,1.473616956220482
2024-01-02 15:00:00,MEO_03,MEO,0.43467802707900166,0.8668422725272976,0.30187122349105755,1.0621263539564276,1.4037998976994734
2024-01-02 15:15:00,MEO_03,MEO,0.9065020514806807,1.0441835936066886,0.08504377021771561,1.059434105384052,1.4899504836272675
2024-01-02 15:30:00,MEO_03,MEO,0.9920720275678033,0.541115200533956,0.40388358469141206,0.7854944163392764,1.0358229039426907
2024-01-02 15:45:00,MEO_03,MEO,0.5251774523712226,0.8580441207531081,0.17514176446310825,1.2221160196264484,1.5034899122527623
2024-01-02 16:00:00,MEO_03,MEO,1.476876484310584,1.25877194832051,0.13972770190012204,1.1334226881990708,1.6996110257000894
2024-01-02 16:15:00,MEO_03,MEO,0.7347496017899844,0.7703714951673983,0.08903462744432768,1.0783130847642,1.3282162904528343
2024-01-02 16:30:00,MEO_03,MEO,0.3683509154340497,0.37089512406336145,0.11432029982993666,0.9514908057588255,1.0276025873122168
2024-01-02 16:45:00,MEO_03,MEO,-0.0005434994081313649,0.49126863003068144,0.019755193189773083,0.6397122524799064,0.8068251982202238
2024-01-02 17:00:00,MEO_03,MEO,0.501291538864276,0.4145768063360674,-0.08871280122312376,0.947204720017198,1.0377575203656801
2024-01-02 17:15:00,MEO_03,MEO,0.28201690529899276,1.051233276215225,-0.290198877361197,0.8873050292481048,1.405922118885991
2024-01-02 17:30:00,MEO_03,MEO,0.5579200314380415,0.8132313691300794,-0.6229903179626234,0.3941813978492644,1.0976525727308957
2024-01-02 17:45:00,MEO_03,MEO,0.12456884423885842,0.4440897908728867,-0.6132995290599854,0.581383283325244,0.9546510235854592
2024-01-02 18:00:00,MEO_03,MEO,-0.35139646964617843,0.07152429112943182,-0.36670474135906117,0.5330633884230708,0.6509567325359416
2024-01-02 18:15:00,MEO_03,MEO,0.5294392639852616,0.35247015216755795,-0.6828354215395744,0.10729838353661293,0.7758945573901906
2024-01-02 18:30:00,MEO_03,MEO,0.013687055931517922,-0.3061255126762653,-0.8914958424540518,0.0241981646621397,0.9429014889145005
2024-01-02 18:45:00,MEO_03,MEO,-0.3307993128512756,0.11922906168875916,-1.1218038799532275,0.14134219385996757,1.136942008193226
2024-01-02 19:00:00,MEO_03,MEO,-0.26491988747179296,-0.02354649671597961,-1.2559548121781796,-0.4073359552149454,1.3205678733605455
2024-01-02 19:15:00,MEO_03,MEO,-0.2670911410587201,-0.4293992158766568,-1.1228489925690675,-0.40746429028150305,1.2693308058041712
2024-01-02 19:30:00,MEO_03,MEO,-0.9751799855432487,-0.1523027368335838,-0.9122564126800723,-0.47755143341303563,1.0408954114980808
2024-01-02 19:45:00,MEO_03,MEO,-0.4614180666929236,-0.6107229079939643,-1.2575303208431075,-0.7398529151792905,1.5816912828639056
2024-01-02 20:00:00,MEO_03,MEO,-0.7697955397724361,-0.8825654774251419,-1.154014297141217,-0.1575478589379817,1.4613323194280443
2024-01-02 20:15:00,MEO_03,MEO,-0.4956485311512573,-0.3971192767083004,-1.3981893326972656,-0.8732761358739067,1.6956557255199567
2024-01-02 20:30:00,MEO_03,MEO,-0.9542331402195032,-0.723277920384196,-1.1776854753595922,-0.38093888372485024,1.4335928508896
2024-01-02 20:45:00,MEO_03,MEO,-0.9521366462738902,-0.5602242041740362,-1.388325680252449,-0.3161383689345526,1.5301120291349444
2024-01-02 21:00:00,MEO_03,MEO,-0.16578402571036566,-0.2858179804887889,-1.5589234821047375,-0.5338560961650618,1.672404458389432
2024-01-02 21:15:00,MEO_03,MEO,-0.299014991409505,-0.9099514353932887,-1.3572558964215724,-0.6265043236126696,1.750046528138838
2024-01-02 21:30:00,MEO_03,MEO,-1.8641129278226716,-0.6947618717604109,-0.9505600273484971,-0.4098855813526564,1.2467014934801395
2024-01-02 21:45:00,MEO_03,MEO,-0.2584866171739304,-0.23829795183166447,-0.9130412118683384,-0.4053918664945844,1.0270212918129464
2024-01-02 22:00:00,MEO_03,MEO,-0.6542449019938289,-0.4368285942147707,-1.1228172724723484,-0.12456120514790464,1.2112197744066908
2024-01-02 22:15:00,MEO_03,MEO,-0.8611897054127177,-0.7090470923038246,-1.2034567109358933,-0.8879799444906635,1.6551628971248686
2024-01-02 22:30:00,MEO_03,MEO,-0.8737801889634695,-0.7293947840846112,-1.072748244472397,-0.45025555215848434,1.3731480653294414
2024-01-02 22:45:00,MEO_03,MEO,-0.751771097081234,-0.5009088188529477,-0.9595099299638131,-0.05033865981123117,1.083560303432812
2024-01-02 23:00:00,MEO_03,MEO,-0.5162302523462795,-0.43069877155731084,-0.9176032659735057,-0.08916129201387347,1.0175691237158309
2024-01-02 23:15:00,MEO_03,MEO,-0.6208355257664924,-0.09353761596073501,-0.7111449914079254,0.1658436885180107,0.7361933261212406
2024-01-02 23:30:00,MEO_03,MEO,-0.5827784520625034,-0.05182067002683032,-0.6680643976983427,0.1608522772908673,0.6891073039982504
2024-01-02 23:45:00,MEO_03,MEO,-0.4071610831642781,0.0943655908562786,-0.714263556039181,0.1751833219296348,0.7414623985784397
2024-01-03 00:00:00,MEO_03,MEO,0.2137626027577838,-0.08483421657066989,-0.7680745573094001,0.2445715381469335,0.8105248960758376
2024-01-03 00:15:00,MEO_03,MEO,0.23577189993029715,0.22427481123796503,-0.5064603889896767,0.9272353751829651,1.0800771998158714
2024-01-03 00:30:00,MEO_03,MEO,0.4992182648350891,-0.14186551613236797,-0.15568760090209938,0.8598651973625426,0.8852867396372087
2024-01-03 00:45:00,MEO_03,MEO,0.39971050269576724,0.48651759497342784,-0.19844892081536694,0.7480287035436008,0.9141270621290195
2024-01-03 01:00:00,MEO_03,MEO,0.0513348127283243,0.864683372899194,-0.01914056051720596,0.7487273765442538,1.1439564593165599
2024-01-03 01:15:00,MEO_03,MEO,0.7780091018632067,0.31914655677540604,-0.042355166414789695,0.9394860481653684,0.993117575879615
2024-01-03 01:30:00,MEO_03,MEO,0.3392628977269966,0.8661155050165081,-0.11527495535757848,1.087460607115223,1.394996399776753
2024-01-03 01:45:00,MEO_03,MEO,1.0248563460394688,0.6392014204857756,0.1218528930926849,1.0848549773152807,1.2650442305752905
2024-01-03 02:00:00,MEO_03,MEO,0.48859888990054656,1.0563075172225653,0.038874893614197575,0.8688042776652118,1.3682535222625176
2024-01-03 02:15:00,MEO_03,MEO,0.692904738484017,0.9197559482877905,0.05907326793631576,1.5107824021698708,1.7697186561997966
2024-01-03 02:30:00,MEO_03,MEO,0.8649641491952362,1.041381321664365,0.5617516935254849,1.2074471122829107,1.6905527354242782
2024-01-03 02:45:00,MEO_03,MEO,1.2576920921510741,0.9532100340091083,0.2422700275176327,1.6285706046775923,1.9025105386275731
2024-01-03 03:00:00,MEO_03,MEO,1.063599188875058,1.2910608475146976,0.21231263002110892,1.245458738674477,1.8064003527990324
2024-01-03 03:15:00,MEO_03,MEO,0.990158697782203,1.039347620119396,0.6895833187390534,1.125269118325993,1.6798807152858137
2024-01-03 03:30:00,MEO_03,MEO,1.6725654894469937,0.7447573067041325,0.49772922415095466,1.4816718124320176,1.7314009316789352
2024-01-03 03:45:00,MEO_03,MEO,0.3452224543810102,0.9116685346434742,0.23021211789246881,1.2129022465437593,1.5346885664376384
2024-01-03 04:00:00,MEO_03,MEO,0.6006194618533303,0.7753384113961528,0.32945819803960946,1.1161951641172163,1.3984219680913468
2024-01-03 04:15:00,MEO_03,MEO,0.5247051192733636,0.8238270356668687,0.1684136121298259,0.7665909730809087,1.1378558122431024
2024-01-03 04:30:00,MEO_03,MEO,0.20470670614496644,0.601049433124899,0.03985351395019254,1.1219374899735648,1.2734176278982963
2024-01-03 04:45:00,MEO_03,MEO,0.495636858688219,0.4417770820456661,0.20887364845284342,0.7821175984656459,0.922227265411544
2024-01-03 05:00:00,MEO_03,MEO,0.8966880142272828,0.5738400830019889,-0.007762339524852904,0.7195861424204262,0.9204112728221762
2024-01-03 05:15:00,MEO_03,MEO,0.32525223661689506,0.42893093865322873,-0.018063086066679973,0.6080512402407244,0.7443348278634255
2024-01-03 05:30:00,MEO_03,MEO,0.29670616993006704,0.5412818348175737,0.08688429975148271,0.7228113517228341,0.9071886002514445
2024-01-03 05:45:00,MEO_03,MEO,-0.27747779205236406,0.044693911910170664,-0.014468434506981043,0.1742279206195032,0.1804501307350948
2024-01-03 06:00:00,MEO_03,MEO,-0.06546471119062561,-0.4129942242593423,-0.41115143395625686,0.358468076740097,0.684184984457863
2024-01-03 06:15:00,MEO_03,MEO,-0.05227777917574859,-0.10753665635201848,-0.3071196812505544,0.5296867094433542,0.6216547604834556
2024-01-03 06:30:00,MEO_03,MEO,0.2360049580720057,-0.5211913028817269,-0.7153253735510724,-0.07730536155432918,0.8884294474917964
2024-01-03 06:45:00,MEO_03,MEO,-0.668280079675467,-0.11686472083526812,-0.487159540337466,0.11956133497503543,0.5150501854564553
2024-01-03 07:00:00,MEO_03,MEO,-0.3124667093385446,-0.7350544220940938,-0.6563212581308572,-0.18373122747925263,1.0024069838471728
2024-01-03 07:15:00,MEO_03,MEO,0.11675079282190293,-0.6616306530744053,-0.739235147290179,-0.20830594367052774,1.0137135148774854
2024-01-03 07:30:00,MEO_03,MEO,-0.48758460763373324,-0.5726920017193956,-0.9576438441542999,0.15631005566646017,1.1267167765603054
2024-01-03 07:45:00,MEO_03,MEO,-1.1271629237835619,-0.16412313496176378,-0.5910520846261311,-0.6535047564962915,0.8962965117269228
2024-01-03 08:00:00,MEO_03,MEO,0.021470909726544862,-0.9052613753463667,-1.2664099530981334,-0.16871170556276402,1.5658084067324165
2024-01-03 08:15:00,MEO_03,MEO,-0.24592501085109902,-0.6760461202275042,-0.9562631211591902,-0.502198317864285,1.2742372871759384
2024-01-03 08:30:00,MEO_03,MEO,-0.22918297472489407,-0.6268955265481068,-1.4031306883905286,-0.5188019614049337,1.6220139349176113
2024-01-03 08:45:00,MEO_03,MEO,-1.131201829751934,-0.4137375372795706,-1.1030115999713634,-0.6699032877925952,1.355206166758726
2024-01-03 09:00:00,MEO_03,MEO,-0.002625340081297667,-0.6321716174016893,-1.0783235911743672,-0.24761948931968944,1.2742598371691682
2024-01-03 09:15:00,MEO_03,MEO,-0.7882903157645422,-0.5509221023820121,-1.1684801266725076,-0.45147114389786236,1.3684616045377598
2024-01-03 09:30:00,MEO_03,MEO,-0.6621060449073175,-0.6182275355153154,-1.2487805765181856,-0.4655600722545495,1.4691509094834656
2024-01-03 09:45:00,MEO_03,MEO,-0.7197627766303093,-1.1055418897626064,-1.0781943643703493,-0.3386876078022316,1.580960231333684
2024-01-03 10:00:00,MEO_03,MEO,-0.06136524104441193,-0.6563804264182801,-1.0563856752461231,-0.3357513714552804,1.288221620096617
2024-01-03 10:15:00,MEO_03,MEO,-0.39025825109692447,-0.4439247974407191,-0.6963569256273385,-0.6755842764493152,1.066956563425844
2024-01-03 10:30:00,MEO_03,MEO,-0.0820811970595699,-0.8650558191748388,-1.1965189209860012,-0.23979031514564594,1.495820341419184
2024-01-03 10:45:00,MEO_03,MEO,-0.1824914262216689,-0.6725635137520181,-1.0480617711998623,0.15114636360950143,1.2544402654225626
2024-01-03 11:00:00,MEO_03,MEO,-0.14219881871933188,-0.6414923978078304,-0.8353462497295965,-0.31894192643310104,1.1004725375125899
2024-01-03 11:15:00,MEO_03,MEO,-0.33928811378303236,-0.16735594899556255,-0.8562245439076099,-0.14130572764316923,0.8837962389141321
2024-01-03 11:30:00,MEO_03,MEO,0.7554055648840754,-0.26429159177587186,-0.7188758026550156,0.08547554760426752,0.7706740779113869
2024-01-03 11:45:00,MEO_03,MEO,-0.2980171286551374,-0.23329314315839206,-0.4064019636259715,0.1294277935047016,0.48614792030334053
2024-01-03 12:00:00,MEO_03,MEO,0.43941756026946005,-0.35565593042500304,-1.0653212331502586,0.37854739951966954,1.1851998162041566
2024-01-03 12:15:00,MEO_03,MEO,0.5141608322249713,0.025979909083690394,-0.5101965511205668,0.19298287585721074,0.546093276671154
2024-01-03 12:30:00,MEO_03,MEO,0.875409525848045,-0.014416345846704842,-0.6325534505366757,0.48897443374350735,0.7996422297929306
2024-01-03 12:45:00,MEO_03,MEO,1.0302047159714511,0.3061305744003707,-0.4142765083753845,0.6525198389213813,0.8313381346722802
2024-01-03 13:00:00,MEO_03,MEO,0.6133314582267471,0.08477662662830393,0.3897354908886837,0.8911183900619345,0.9763056972010827
2024-01-03 13:15:00,MEO_03,MEO,0.9580785074456817,0.4980581414620868,0.11517420485073515,1.1348028277789883,1.2446302533985165
2024-01-03 13:30:00,MEO_03,MEO,1.4617574023105862,0.3546152894114868,0.26165633738550687,0.8528859408122589,0.9600158698759114
2024-01-03 13:45:00,MEO_03,MEO,0.8792267053422886,0.21341511044332728,0.12101883451046447,1.420066604403901,1.4411039964607115
2024-01-03 14:00:00,MEO_03,MEO,0.5469212409498259,0.24992476947606151,0.3315040594596822,1.0000808777375945,1.0828292080712953
2024-01-03 14:15:00,MEO_03,MEO,0.8433429037254501,0.3255803012155025,-0.15337197596691615,1.2510766560547038,1.301813463932753
2024-01-03 14:30:00,MEO_03,MEO,0.5860628604909586,0.607037591445142,0.4322544839907293,1.5564119425136353,1.7256177766691785
2024-01-03 14:45:00,MEO_03,MEO,1.177683345507134,0.6956775294734985,0.0711542309801729,1.1852674029014654,1.3761863848990494
2024-01-03 15:00:00,MEO_03,MEO,1.422175526274061,0.7568558890084713,0.11948583332580133,0.8635022102742562,1.1544452209788434
2024-01-03 15:15:00,MEO_03,MEO,1.0070496995668603,0.7300653702850805,0.33369344090445,1.189579646345396,1.435077172974116
2024-01-03 15:30:00,MEO_03,MEO,0.4948431985518543,0.46982910907397424,0.2514566834260573,1.0182409849129406,1.1492539139499816
2024-01-03 15:45:00,MEO_03,MEO,1.388298603524781,0.9245783851183472,0.1663288748785051,1.0395972060416152,1.4011683823352328
2024-01-03 16:00:00,MEO_03,MEO,0.3650006655286273,0.48016902816139784,-0.14933060288176803,1.5016717568763256,1.5836287412024714
2024-01-03 16:15:00,MEO_03,MEO,0.38960729607697586,0.6223291116815184,0.10063777432873214,0.7059486218764568,0.9464591600261563
2024-01-03 16:30:00,MEO_03,MEO,0.7687905196099925,0.4079595226512328,0.22527233333193628,0.9569402524635786,1.0643839735131746
2024-01-03 16:45:00,MEO_03,MEO,0.8099252059430837,0.4354557274493206,-0.16425646636497238,0.6183471788689322,0.7739219023430539
2024-01-03 17:00:00,MEO_03,MEO,0.765108527744801,0.1885497051866469,0.13199230987028876,0.6764862574188364,0.7145674339538641
2024-01-03 17:15:00,MEO_03,MEO,0.5202854780860607,0.27159308012688543,-0.42008409070744074,0.8127992914780553,0.9543983092323324
2024-01-03 17:30:00,MEO_03,MEO,1.052968742768187,0.08887212364221904,-0.34903939707629666,0.6139074859047643,0.7117648181260232
2024-01-03 17:45:00,MEO_03,MEO,0.34597955337668784,0.23729120946234009,-0.1496503850452549,0.37120755045417253,0.4652928124810013
2024-01-03 18:00:00,MEO_03,MEO,0.5695894247335542,-0.271395128937517,-0.7083337553508477,0.17121786332961417,0.7776294629858135
2024-01-03 18:15:00,MEO_03,MEO,0.3757613785316056,-0.6277209594625375,-0.4723626494259765,0.29593065484552494,0.8394849778278333
2024-01-03 18:30:00,MEO_03,MEO,-0.4196923444171641,-0.5297089454274746,-0.3998046437354468,0.5189173263409963,0.8424431800395815
2024-01-03 18:45:00,MEO_03,MEO,-0.12824198450956484,-0.12120176079967915,-0.8775266044693467,-0.15828001253773333,0.8998863098977498
2024-01-03 19:00:00,MEO_03,MEO,0.5651396584166856,-0.5233581758082525,-1.0941722633333058,0.3720153607310461,1.2686654999065439
2024-01-03 19:15:00,MEO_03,MEO,-0.44008852917005464,-0.5483160178507741,-1.2328009872834151,0.11570754844561226,1.3541923668541287
2024-01-03 19:30:00,MEO_03,MEO,-0.5413238130519907,-0.933940846538776,-0.8910750147901716,0.08864940631922469,1.293877468718588
2024-01-03 19:45:00,MEO_03,MEO,-0.3234323833515804,-0.7152247378007981,-0.961229158106225,-0.20520116531247767,1.2155720621178414
2024-01-03 20:00:00,MEO_03,MEO,-0.6278568566889972,-1.0766823460910722,-0.9822741175531445,-0.0703379986423413,1.4591280788374932
2024-01-03 20:15:00,MEO_03,MEO,-0.796469812242862,-1.101156062719597,-1.3215169727774516,-0.6119471542948008,1.8257686336040801
2024-01-03 20:30:00,MEO_03,MEO,-0.7169210319030053,-1.0173284470138302,-1.1448525132157847,-0.5490273727845534,1.62698355928595
2024-01-03 20:45:00,MEO_03,MEO,-0.050836858095442916,-0.8763383535886531,-1.3538947885545425,-0.2502916030224737,1.6320679811175698
2024-01-03 21:00:00,MEO_03,MEO,-0.5838784133375492,-0.8363686372933351,-1.5110644808572005,-0.34915580280812,1.762026713018487
2024-01-03 21:15:00,MEO_03,MEO,-1.0130357635443616,-0.8681011374303985,-1.100040867648735,-0.4419812925612517,1.4693661756959864
2024-01-03 21:30:00,MEO_03,MEO,-1.0738164671011075,-1.3713618502374467,-0.9835499525177358,-0.9648689363200308,1.943958820978382
2024-01-03 21:45:00,MEO_03,MEO,0.2573640143719399,-0.9697858906244864,-1.4803783459916147,-0.4386398282423435,1.8232963609505914
2024-01-03 22:00:00,MEO_03,MEO,-0.5301284009742063,-0.9776733197538059,-1.4272426215049676,-0.5539096505728556,1.8165028273571562
2024-01-03 22:15:00,MEO_03,MEO,-0.26459666237066426,-1.2384233449380906,-1.1221795309742006,-0.12862349832266612,1.6761632633326284
2024-01-03 22:30:00,MEO_03,MEO,-0.627120513685625,-0.7282674113481644,-0.8927479189270353,-0.23212043541863958,1.1752668487280868
2024-01-03 22:45:00,MEO_03,MEO,-0.17517361752665694,-0.7104225723924067,-1.216613522479334,-0.26860072427519355,1.4342228012151306
2024-01-03 23:00:00,MEO_03,MEO,0.33264098118072216,-0.4759174273719011,-0.8331552009632979,0.5518196481392545,1.1068649017115924
2024-01-03 23:15:00,MEO_03,MEO,-0.2985764790084937,-0.4642609002167068,-0.9275131437282016,0.31743781649665437,1.0847052975812195
2024-01-03 23:30:00,MEO_03,MEO,0.21101733315459228,-0.5249783677867405,-0.5703428315616732,0.41473659677718977,0.8791471303849786
2024-01-03 23:45:00,MEO_03,MEO,-0.30823940135241523,-0.048690899092754064,-0.7841790094149765,0.8008428279210247,1.121898728715769
2024-01-04 00:00:00,MEO_03,MEO,0.9932170013649235,-0.7147708135781234,-0.3544679125710073,0.5915151185589539,0.9931943175780825
2024-01-04 00:15:00,MEO_03,MEO,0.4626159130348327,-0.11960815504358546,-0.4395074284538723,0.32706049211372934,0.5607507966296088
2024-01-04 00:30:00,MEO_03,MEO,0.3058960129435733,-0.438312099156423,-0.491845142523214,0.3993521624313844,0.7703968393816355
2024-01-04 00:45:00,MEO_03,MEO,0.41085734614869274,-0.13275896701863268,-0.19707578495286648,0.8988263978046952,0.9297057070542307
2024-01-04 01:00:00,MEO_03,MEO,0.42426008664639026,0.3519568782689361,-0.48684963934613,0.3022276320529348,0.672486250468064
2024-01-04 01:15:00,MEO_03,MEO,0.5244413362876328,0.009259609487994147,-0.1166342558753178,0.8245829088476359,0.8328422801317713
2024-01-04 01:30:00,MEO_03,MEO,-0.07372507105663606,0.01576790604701328,0.14873837449081861,0.4060031146043247,0.4326780095818262
2024-01-04 01:45:00,MEO_03,MEO,0.8209335455008104,1.0685344769227647,-0.19810004739154552,1.0120181754881485,1.4849883314920356
2024-01-04 02:00:00,MEO_03,MEO,0.8572624177323386,0.204706805252741,-0.2862062870384561,1.2462167525958474,1.2949421258526044
2024-01-04 02:15:00,MEO_03,MEO,1.1239417035357098,0.970226530524984,-0.19570837465784796,1.1554136043789787,1.5213881443043347
2024-01-04 02:30:00,MEO_03,MEO,0.7848645365350349,0.5521393823949593,0.6058148150983094,1.3433310443046789,1.573660631259734
2024-01-04 02:45:00,MEO_03,MEO,0.7420111209024312,0.511000983937717,0.32480183648256006,1.584421810615118,1.6961753189221471
2024-01-04 03:00:00,MEO_03,MEO,1.0023166404365758,0.7648938580114537,0.21049329573933895,1.0781414364248114,1.3385660232170136
2024-01-04 03:15:00,MEO_03,MEO,0.41279556588701694,0.9847858776733516,0.46745680472189866,1.7830801404151133,2.089902838958898
2024-01-04 03:30:00,MEO_03,MEO,1.0257046466842783,0.31059146648877406,0.14015776001069752,1.1837894548478727,1.2318558073719046
2024-01-04 03:45:00,MEO_03,MEO,0.3038774111032977,0.4194079045192375,0.2556457870475617,1.3086997205178719,1.3978385877103054
2024-01-04 04:00:00,MEO_03,MEO,1.2680042527290925,0.6921975996518241,0.17289939247242025,0.8833135877647805,1.1354622896472466
2024-01-04 04:15:00,MEO_03,MEO,1.076097516640713,0.5279160455674933,0.03962587224457054,1.3055454081559938,1.4087989117244388
2024-01-04 04:30:00,MEO_03,MEO,0.42962913504082195,0.6523271609628708,0.10517251742112133,1.1334143284559342,1.3119527519311782
2024-01-04 04:45:00,MEO_03,MEO,0.9000201416165592,0.40105050386413044,0.13746584390402672,1.1757099119158727,1.2498128507369206
2024-01-04 05:00:00,MEO_03,MEO,0.6254161011094779,0.6486264154238452,-0.13916036496721942,0.7824358801829525,1.0258107722972438
2024-01-04 05:15:00,MEO_03,MEO,0.15211586232934216,0.1634888034809087,-0.28427322925492976,0.37742264836217354,0.4999877130803935
2024-01-04 05:30:00,MEO_03,MEO,-0.2921878781284901,0.09126527542548402,-0.34747875906114734,0.688173814086284,0.77630795235604
2024-01-04 05:45:00,MEO_03,MEO,0.42323914633456716,0.007616896804449741,-0.8550694957288728,0.10736732647088726,0.8618176155292165
2024-01-04 06:00:00,MEO_03,MEO,-0.07850776288884972,-0.20682814720674297,-0.3946204156076139,0.31932592681776606,0.5481534478860143
2024-01-04 06:15:00,MEO_03,MEO,0.4866301170056081,-0.07883898536791406,-0.7725801608372903,0.3403031824504603,0.8478808563230608
2024-01-04 06:30:00,MEO_03,MEO,0.0029271383818612867,-0.2955933559457806,-0.5177504764557157,0.7060252363041936,0.9240739268304251
2024-01-04 06:45:00,MEO_03,MEO,-0.30955245603383275,-0.23081469284994138,-0.7818791700781105,0.12474884892350098,0.8247258540540524
2024-01-04 07:00:00,MEO_03,MEO,0.48193800596192904,-0.261137366215452,-0.8390165189552098,-0.017981474782109992,0.8788997534127545
2024-01-04 07:15:00,MEO_03,MEO,-0.052387527276778506,-0.4596335054120259,-0.8045124257218422,-0.14160754865625014,0.9373131281885589
2024-01-04 07:30:00,MEO_03,MEO,-1.6230174683800753,-0.5090559820436754,-1.189707797086775,-0.5304810891500636,1.398553832088474
2024-01-04 07:45:00,MEO_03,MEO,-0.5833366003167385,-0.9863635833237133,-1.0228404977234973,-0.2822474785675237,1.4487164806987503
2024-01-04 08:00:00,MEO_03,MEO,-0.9306436503004958,-0.9163166155100456,-1.0974867528393175,-0.3408092280416162,1.4697837400229656
2024-01-04 08:15:00,MEO_03,MEO,-0.7453026965978002,-0.6132352148232814,-1.2646813200079519,-0.6176988393808134,1.5352615822877922
2024-01-04 08:30:00,MEO_03,MEO,-0.5596716189927109,-0.4743255970414222,-1.4407138154997854,-0.6919336163291808,1.6671572210163712
2024-01-04 08:45:00,MEO_03,MEO,-0.42667744718075595,-1.319048288832187,-1.1605379065305517,-0.5713161161028149,1.847468193307869
2024-01-04 09:00:00,MEO_03,MEO,-0.48989959874916783,-0.972183390489259,-1.1116195386533354,-0.4351567708247791,1.5395453740158795
2024-01-04 09:15:00,MEO_03,MEO,-0.19450503894188154,-0.8590377057422959,-1.2541559717886872,-0.5661724570356655,1.622160359695063
2024-01-04 09:30:00,MEO_03,MEO,-0.28396408368117565,-1.0689459456708041,-1.4473214075856566,-0.6649648946200875,1.9182187056482585
2024-01-04 09:45:00,MEO_03,MEO,-0.26361278472434285,-1.0367584090569766,-1.3397580540434924,-0.3409255876885033,1.7280190677378273
2024-01-04 10:00:00,MEO_03,MEO,-0.38333479997771425,-0.6630227708579709,-1.227744762989348,-0.2387378053327331,1.4156101643528283
2024-01-04 10:15:00,MEO_03,MEO,0.036931347160395256,-0.3408238556928351,-1.0542101111937743,-0.2739589050617312,1.1413033517935287
2024-01-04 10:30:00,MEO_03,MEO,-0.4708840427182664,-1.18452627485852,-1.4378902278538837,-0.3588606196583199,1.8972115716307048
2024-01-04 10:45:00,MEO_03,MEO,-0.40298523363489613,-0.632896508534978,-1.1803719593607875,-0.012349926158242652,1.3393985492142002
2024-01-04 11:00:00,MEO_03,MEO,-0.8923821673762473,-0.4006323988862794,-1.089578912320588,-0.09915403844402763,1.1651266233980107
2024-01-04 11:15:00,MEO_03,MEO,0.24244505281494982,-0.22790350315937707,-0.9312154881448588,-0.2210931505265697,0.9838620194534131
2024-01-04 11:30:00,MEO_03,MEO,-0.04432990330266674,-0.2826590129189589,-1.070492071882709,0.3826234130131694,1.17143077889131
2024-01-04 11:45:00,MEO_03,MEO,1.1310554468236524,0.15792317238302778,-0.7536073793160097,0.3089151639396349,0.8296338885598364
2024-01-04 12:00:00,MEO_03,MEO,0.07422517674570106,-0.15878801293865016,-0.6740919624134641,0.30784083670895634,0.757878346167187
2024-01-04 12:15:00,MEO_03,MEO,0.30836197237905555,0.23451550245499492,-0.6840300235259166,0.07366246120303255,0.7268567617949723
2024-01-04 12:30:00,MEO_03,MEO,0.5463977963002332,-0.1267162981060353,-0.39798935773751626,0.34185280556521264,0.5397368708461794
2024-01-04 12:45:00,MEO_03,MEO,0.06208712756447027,0.16790280231768928,-0.37164169130973096,1.0550238600520365,1.1310986884550744
2024-01-04 13:00:00,MEO_03,MEO,0.6669217866992276,-0.06534490843642707,-0.07094085139063121,0.3549579804849258,0.36782839662610284
2024-01-04 13:15:00,MEO_03,MEO,0.6550514912482043,0.6166897698869268,-0.28385511056094753,0.7255040973106681,0.9935976002835987
2024-01-04 13:30:00,MEO_03,MEO,0.6131261116551834,0.46589622713860723,-0.002886045224388012,0.8702574094273594,0.987124907183607
2024-01-04 13:45:00,MEO_03,MEO,1.1968820626619643,0.6293954307933287,-0.12882446320574562,1.032187805425504,1.2157902846679136
2024-01-04 14:00:00,MEO_03,MEO,0.5302725010361695,0.5342088685570479,-0.03355347531039239,0.6836473698359126,0.8682618713464086
2024-01-04 14:15:00,MEO_03,MEO,0.9810911393046389,0.8041951623199958,0.1950935937322499,1.1111679372147818,1.3854549989474223
2024-01-04 14:30:00,MEO_03,MEO,1.4267617519516995,0.7698548016782876,0.17711144718354663,0.7250496409622618,1.0722601653750223
2024-01-04 14:45:00,MEO_03,MEO,0.711215391028422,0.4148294047212785,0.034435448954016956,1.1560449721801054,1.228702247441981
2024-01-04 15:00:00,MEO_03,MEO,0.8573634078935801,0.45690137550826815,0.08548644628321564,0.9992889062381382,1.1021093945566816
2024-01-04 15:15:00,MEO_03,MEO,1.7724316347385236,0.6611598596777544,-0.1728935151759305,0.9413380563304564,1.1632462610879086
2024-01-04 15:30:00,MEO_03,MEO,1.094434348797822,0.8081346050477906,0.3643199625420419,1.3346388811692966,1.6022083254406136
2024-01-04 15:45:00,MEO_03,MEO,0.7422186206431365,1.0519956763478715,0.18883995951262894,1.0498403675845467,1.4981722967580875
2024-01-04 16:00:00,MEO_03,MEO,1.1296410543950897,0.5966034812804633,0.1263872437231319,1.1838220529777077,1.3316696671353045
2024-01-04 16:15:00,MEO_03,MEO,0.6265169877213768,0.7101057561037987,-0.374749741660649,1.1107390920656304,1.3705578734111346
2024-01-04 16:30:00,MEO_03,MEO,0.1832303306424662,-0.006306855217578233,-0.24614855611239878,1.2246234519507404,1.249132293700992
2024-01-04 16:45:00,MEO_03,MEO,1.118073877358124,0.7601011953549552,-0.27006034487780517,0.6093180980478334,1.0109178807718162
2024-01-04 17:00:00,MEO_03,MEO,0.17894307137794052,0.3207184750130784,-0.6904978474974588,0.9706273905870746,1.2335984553213464
2024-01-04 17:15:00,MEO_03,MEO,1.349581929419971,0.04494202565105554,-0.21725754053466517,0.6750961338778853,0.7106162217158144
2024-01-04 17:30:00,MEO_03,MEO,0.19189701838281684,-0.050831190861556096,-0.1833501095626413,0.4977060459300905,0.532834290184483
2024-01-04 17:45:00,MEO_03,MEO,0.984510608542529,-0.3209527731942752,-0.17535292973387379,0.22512758353992446,0.42946683394398966
2024-01-04 18:00:00,MEO_03,MEO,-0.3400143887115872,-0.36236069312563346,-0.8842620829839483,0.521486917291581,1.088656653050849
2024-01-04 18:15:00,MEO_03,MEO,0.4415612197711368,0.1761905901531124,-0.7569024227640375,0.07528718732090012,0.7807768965711422
2024-01-04 18:30:00,MEO_03,MEO,0.18070904300140675,-0.6482640148692964,-0.6043291524963442,0.2801308423753548,0.9294800946665479
2024-01-04 18:45:00,MEO_03,MEO,0.19538512766384936,-0.7564174236289869,-1.0157577016829904,0.5352920817602023,1.3749431406763686
2024-01-04 19:00:00,MEO_03,MEO,0.09841228739770119,-0.7271549596158869,-1.1721690691985849,0.22116098735831177,1.3970135448195062
2024-01-04 19:15:00,MEO_03,MEO,-0.49899662456875926,-0.8984333355086577,-1.511469156125056,0.23436494591633622,1.7738794762173016
2024-01-04 19:30:00,MEO_03,MEO,-0.8529977284645769,-0.6524534241196004,-0.9664828889767487,-0.32796795883718,1.211341251404434
2024-01-04 19:45:00,MEO_03,MEO,-0.4881947359823369,-0.46534802766741284,-1.260074355057534,-0.09726871474278961,1.3467729467120007
2024-01-04 20:00:00,MEO_03,MEO,-0.46630135769902836,-0.9310266572697361,-1.4497027449809972,-0.5971634019294403,1.8234727346347241
2024-01-04 20:15:00,MEO_03,MEO,-0.7508089296521896,-1.1601251282782337,-1.298535730461116,-0.45909516186413213,1.8007925266931295
2024-01-04 20:30:00,MEO_03,MEO,-0.5395152645986756,-0.7699458787745316,-1.3269482150814897,-0.02969802483127404,1.5344348127009881
2024-01-04 20:45:00,MEO_03,MEO,-0.5013473772063691,-0.9114445483368826,-1.3302164333800404,-0.5859331369242646,1.715670296202988
2024-01-04 21:00:00,MEO_03,MEO,-0.9088230361315677,-0.6267259884095597,-1.410436560962679,-0.21163718938975962,1.5578533489969348
2024-01-04 21:15:00,MEO_03,MEO,-0.42939058518832796,-0.9792940199927576,-1.0356156465706157,-0.24032874339989116,1.445432270955516
2024-01-04 21:30:00,MEO_03,MEO,-0.6363761535106106,-0.9101076364471321,-1.3455172101359978,-0.20264002642944354,1.6370019709831964
2024-01-04 21:45:00,MEO_03,MEO,-0.7650457835367803,-0.8601163037970049,-0.9700040858344752,-0.7042680374177501,1.4753648535603818
2024-01-04 22:00:00,MEO_03,MEO,-0.19583435142317457,-0.7698833335478651,-1.165451929508488,-0.2366797955908535,1.4166918764892948
2024-01-04 22:15:00,MEO_03,MEO,-0.6488237704498385,-0.8218709529885705,-1.1456589644282495,-0.3244105242499211,1.4468063154359185
2024-01-04 22:30:00,MEO_03,MEO,-0.4469732771064795,-0.8311060645740208,-1.1442313348716107,0.018908202093018134,1.414340891857467
2024-01-04 22:45:00,MEO_03,MEO,-0.17601883480874653,-1.0549343094345223,-0.8151740714560237,-0.5035478948554966,1.4251160115617552
2024-01-04 23:00:00,MEO_03,MEO,0.3888033429560524,-0.6680689282220511,-0.8992410443396022,0.04184190641064986,1.1210268925466578
2024-01-04 23:15:00,MEO_03,MEO,0.08346345553733735,-0.2987691666831541,-1.010407710800441,0.107394762176947,1.059113021328969
2024-01-04 23:30:00,MEO_03,MEO,0.31131159331138114,-0.12030984544316625,-0.9050074191304268,-0.31151857817299466,0.964653674713676
2024-01-04 23:45:00,MEO_03,MEO,0.14817393468177145,-0.36472133298033643,-0.5264840622951452,0.04183392387939605,0.6418389173062808
2024-01-05 00:00:00,MEO_03,MEO,0.3431392437750109,0.1688194322498551,-0.6750715366203339,-0.05808833153805071,0.6982806273418852
2024-01-05 00:15:00,MEO_03,MEO,0.47874785796579605,-0.02914340561282116,-0.3999540462945418,0.318492000180004,0.5121032429273902
2024-01-05 00:30:00,MEO_03,MEO,0.7077020814681365,-0.20739760470191632,-0.05119480401788937,0.699808195464394,0.7316872178968646
2024-01-05 00:45:00,MEO_03,MEO,0.5985803377658026,-0.219375611896863,-0.0859459675021988,0.7575907569466952,0.7933827093125225
2024-01-05 01:00:00,MEO_03,MEO,1.25700139587518,0.5730805578034535,-0.1789174634657342,0.8573631424830087,1.0466634332743594
2024-01-05 01:15:00,MEO_03,MEO,0.7338902078115799,0.24487092695569762,0.33379289690238956,0.6520483142406788,0.7723642100685031
2024-01-05 01:30:00,MEO_03,MEO,0.31588461040676763,0.13809116127748422,0.2792629682497266,1.206816704039463,1.2463801712989842
2024-01-05 01:45:00,MEO_03,MEO,1.926730629754226,-0.013101948105837424,0.4543081587588428,1.0443396685720485,1.1389525484023442
2024-01-05 02:00:00,MEO_03,MEO,0.8939601520246816,0.4886806022803061,-0.13709661792134664,1.136324522782867,1.2445230551372783
2024-01-05 02:15:00,MEO_03,MEO,1.5068377127760244,0.7707713829683603,0.4173628066041843,1.3896714949798754,1.6430055085419166
2024-01-05 02:30:00,MEO_03,MEO,1.6071419095292427,0.514962713919971,0.5540981336988462,0.9936338999312898,1.2488072972196433
2024-01-05 02:45:00,MEO_03,MEO,1.4660132022096288,0.4568381226100835,0.7508159111048945,1.273121148153457,1.5470174725948491
2024-01-05 03:00:00,MEO_03,MEO,1.0800537725206951,0.5624589010638378,0.11244012656646823,1.3465573436449965,1.4636322889211253
2024-01-05 03:15:00,MEO_03,MEO,1.2506835730967036,1.003156834778325,0.6363318424529765,1.1087078672198747,1.6249538404881876
2024-01-05 03:30:00,MEO_03,MEO,0.7183840054910804,0.32318898032046933,0.7025329860273396,1.3729128985198475,1.5757200069743496
2024-01-05 03:45:00,MEO_03,MEO,1.8175151783519707,0.47194615464371137,-0.06048232970732664,1.3225697918133146,1.4055540328663734
2024-01-05 04:00:00,MEO_03,MEO,0.7737263594703945,0.8994611865574131,0.36104814582082334,1.1486383276111622,1.50291589830612
2024-01-05 04:15:00,MEO_03,MEO,0.924226581625947,0.6402932672956941,0.329719466394263,1.0999736084191303,1.3147746323541973
2024-01-05 04:30:00,MEO_03,MEO,1.0033268454504418,0.4733255591689679,0.06606321520095397,1.20830973705785,1.2993898006503337
2024-01-05 04:45:00,MEO_03,MEO,0.8810342787277166,0.19909485005473282,-0.04446993927124586,1.1945200612398688,1.2118145532719125
2024-01-05 05:00:00,MEO_03,MEO,0.6123760974635603,0.3139939483238397,0.12049487821021568,0.942507816876058,1.0007158438494725
2024-01-05 05:15:00,MEO_03,MEO,1.2623970834891396,0.07826946504789897,-0.19065439447555155,1.0862582495359703,1.1056365551014826
2024-01-05 05:30:00,MEO_03,MEO,1.012049929842353,-0.08896108115630988,-0.19693175376323857,0.8723845393353558,0.8987496726409002
2024-01-05 05:45:00,MEO_03,MEO,0.6863262329701144,-0.22880674380992064,-0.11648140530304094,0.20770939488717272,0.33024784105072574
2024-01-05 06:00:00,MEO_03,MEO,0.35355136892568423,0.1522382550471275,-0.0389577512207564,0.19651052317971107,0.2516159343132631
2024-01-05 06:15:00,MEO_03,MEO,0.7713328761955152,-0.1855977062824604,-0.37550992451891513,0.6715626169620819,0.7914862983592778
2024-01-05 06:30:00,MEO_03,MEO,0.11827931916641868,-0.21289886241754555,-0.5502924010099856,0.2521248236628326,0.6416498881282799
2024-01-05 06:45:00,MEO_03,MEO,0.7512483626448015,-0.3692871851895375,-0.7613589311078328,0.22202108139724283,0.8748335885799509
2024-01-05 07:00:00,MEO_03,MEO,0.14167966029355905,-0.3467048263496047,-0.9566231692050259,0.34539947079860983,1.0745384678558219
2024-01-05 07:15:00,MEO_03,MEO,0.4384532276154274,-0.5967507062868845,-0.6273701690482056,0.01551991262221624,0.8659939966034816
2024-01-05 07:30:00,MEO_03,MEO,-0.09337867262125689,-0.722535741137758,-0.9269076057618237,-0.0717109081038658,1.1774370731303168
2024-01-05 07:45:00,MEO_03,MEO,-0.10066871321517558,-0.8677690456354267,-0.7353231864642206,-0.34565330263604727,1.1887806823540332
2024-01-05 08:00:00,MEO_03,MEO,0.2514643214749636,-1.1078478174659683,-1.1101395303414603,-0.15517866325166244,1.5760130015388325
2024-01-05 08:15:00,MEO_03,MEO,0.5559630788260166,-1.0377854205882766,-1.1944063580926363,-0.17457541562427142,1.591879927374577
2024-01-05 08:30:00,MEO_03,MEO,0.28266746684744876,-0.8730267276471175,-1.0440168195710808,-0.45967016808026817,1.436469091263885
2024-01-05 08:45:00,MEO_03,MEO,0.02891359950206751,-1.1880996869030112,-1.2315846560779993,-0.5643549809314358,1.8019095914079368
2024-01-05 09:00:00,MEO_03,MEO,-0.05332497089015323,-1.1830646272130558,-1.452020808009026,0.25299132167370264,1.8899764410955386
2024-01-05 09:15:00,MEO_03,MEO,-0.4521052139119027,-0.5543647078640701,-0.8258894252612752,-0.3477131326008877,1.0537162780685976
2024-01-05 09:30:00,MEO_03,MEO,-0.14425832378618883,-0.7492556237616945,-1.2891018704988404,-0.454583122061987,1.558785885593579
2024-01-05 09:45:00,MEO_03,MEO,-0.5531370197402428,-0.9180550397507117,-0.9716594060802572,-0.12736911919342575,1.3428216374336646
2024-01-05 10:00:00,MEO_03,MEO,-0.037658693608759036,-0.2158855318429087,-0.9464067144887351,-0.26020497758783445,1.0049869961596236
2024-01-05 10:15:00,MEO_03,MEO,0.06077588286551161,-1.170015621487108,-1.3166403662879085,-0.4491031486094984,1.8177381678210938
2024-01-05 10:30:00,MEO_03,MEO,-0.7207648177309163,-0.4778524425792032,-1.2092944973831554,-0.046507882702525996,1.301114568911424
2024-01-05 10:45:00,MEO_03,MEO,0.09987964811758707,-0.6725991321381012,-0.9669969908215067,-0.26131011877313004,1.2065470363744646
2024-01-05 11:00:00,MEO_03,MEO,0.33803053236478947,-0.373590270415048,-1.0155946175150836,0.38253551156873333,1.1477523839598636
2024-01-05 11:15:00,MEO_03,MEO,0.268645916544054,-0.44417508650711096,-0.40057321508919985,0.2359058514514843,0.6429634350952996
2024-01-05 11:30:00,MEO_03,MEO,0.5324265656363462,-0.8046220634229369,-0.6676213296550974,0.14545653249056764,1.0556005435777325
2024-01-05 11:45:00,MEO_03,MEO,0.05700129604940929,-0.2163302884995227,-0.3430977376065062,0.3368285796278538,0.5272270320527079
2024-01-05 12:00:00,MEO_03,MEO,0.33584636708040494,-0.10738009526794104,-0.2938706499324761,0.5871637643388408,0.6653207721874057
2024-01-05 12:15:00,MEO_03,MEO,1.0747567994645384,-0.6437434316228848,-0.23206063022687384,0.5472883625288879,0.8762318720626711
2024-01-05 12:30:00,MEO_03,MEO,0.8199410186720199,0.5174058762831503,-0.1693628766551979,1.062310283956605,1.1936899782611987
2024-01-05 12:45:00,MEO_03,MEO,1.0263810622835983,0.20305973383237327,0.17274865280467663,0.9190157732394352,0.956904041172772
2024-01-05 13:00:00,MEO_03,MEO,0.8163106143931413,0.41949949128392044,-0.13751353693771776,0.8655993846592368,0.9716748894311505
2024-01-05 13:15:00,MEO_03,MEO,1.1234761590940952,0.05453543238493702,0.44941279427888653,0.6320877767285598,0.7774837172163944
2024-01-05 13:30:00,MEO_03,MEO,0.3779399618361077,0.5514212718829369,-0.10212396049329475,0.8843536396541758,1.0471752873141247
2024-01-05 13:45:00,MEO_03,MEO,1.5446526776806049,0.7197092801936731,0.39554957480672703,1.0740730207830744,1.3520627826032179
2024-01-05 14:00:00,MEO_03,MEO,1.9198001330928616,0.5728866592698858,0.03527509430403952,0.853886267950102,1.0288659850735287
2024-01-05 14:15:00,MEO_03,MEO,0.9212371268620172,0.5757895867115099,0.3014017638721731,1.3475948514068148,1.4961245118534834
2024-01-05 14:30:00,MEO_03,MEO,1.0117798218228085,0.4280444156881944,0.40388807668737803,0.8455257739383188,1.030175438789952
2024-01-05 14:45:00,MEO_03,MEO,1.5125639306937826,0.6363927884032592,0.27653112680185726,0.9375740293100477,1.1664091501950156
2024-01-05 15:00:00,MEO_03,MEO,1.879542546331874,0.5771403956255348,0.34360314011361853,0.9394212620091092,1.1548447781730344
2024-01-05 15:15:00,MEO_03,MEO,1.333695290085944,0.8547965683760406,0.06813932917912735,1.2430449041233955,1.5101260792250353
2024-01-05 15:30:00,MEO_03,MEO,0.8778845017336603,0.47292931161618645,0.09760073057123933,0.8539400859184396,0.9810207473505297
2024-01-05 15:45:00,MEO_03,MEO,1.2220068927705219,0.7569861606234606,0.35881173909160735,0.6184890598657018,1.0412985300378326
2024-01-05 16:00:00,MEO_03,MEO,0.8865523972383096,0.3590313498763706,0.2027443754555741,1.2362207528621036,1.3031694217483258
2024-01-05 16:15:00,MEO_03,MEO,0.9538490698939621,0.45200759214718705,0.005506635155438866,0.8507630773833417,0.9633997094810682
2024-01-05 16:30:00,MEO_03,MEO,1.0154262364074804,0.5732577025873804,0.3351298645204606,0.6690467716093292,0.9426346069767063
2024-01-05 16:45:00,MEO_03,MEO,0.6914702524334875,0.19433075127319552,-0.2649285933954811,0.6610397902245411,0.7381904935374188
2024-01-05 17:00:00,MEO_03,MEO,0.6692844856374824,0.46834471456948046,-0.21322457723010158,1.1135973752060742,1.2267479798499696
2024-01-05 17:15:00,MEO_03,MEO,0.8473795165121962,0.3174506468024614,-0.3526446208839751,0.48330853211072794,0.6772889184127628
2024-01-05 17:30:00,MEO_03,MEO,0.7777201311423237,0.04361427483626053,-0.24345107094888868,0.4950352563090886,0.5533810024789961
2024-01-05 17:45:00,MEO_03,MEO,0.0796581980709965,0.29167022241191654,-0.48278266193299857,0.3083609878099412,0.642835216916475
2024-01-05 18:00:00,MEO_03,MEO,0.6086744189232047,-0.10196810113152295,-0.6247533685970718,0.029363454698565106,0.6337006215032394
2024-01-05 18:15:00,MEO_03,MEO,0.22474413468199136,0.07494904705549843,-1.0978140951673607,0.03048717604836465,1.1007918127902578
2024-01-05 18:30:00,MEO_03,MEO,0.5081738947829495,0.1442448524236289,-0.6613512621171056,-0.20904701214963994,0.7084438740248198
2024-01-05 18:45:00,MEO_03,MEO,0.41218991400538646,-0.41882307069574265,-0.9719687854461271,0.1964383092053925,1.0764404738545015
2024-01-05 19:00:00,MEO_03,MEO,-0.1241264647071095,-0.3102106897692667,-1.0138907937522084,-0.0805940298486474,1.0633440700685042
2024-01-05 19:15:00,MEO_03,MEO,0.21240705681062477,-0.7571855518764745,-1.2648091099187833,0.383978700305592,1.5233225813308218
2024-01-05 19:30:00,MEO_03,MEO,-0.37655663583246674,-0.9400449593290799,-1.3993417609699652,-0.43633507035286606,1.7413300040986992
2024-01-05 19:45:00,MEO_03,MEO,0.3022675389169494,-0.7799929366262682,-1.0068434695490431,-0.5423894594902801,1.3843081590190034
2024-01-05 20:00:00,MEO_03,MEO,-0.5091871568022561,-1.1499421605681366,-1.7200693675719432,-0.062821712185884,2.070012601274066
2024-01-05 20:15:00,MEO_03,MEO,-0.15692358106118828,-1.1191926169481332,-1.6079196434003142,-0.23263736495787382,1.9728451122777853
2024-01-05 20:30:00,MEO_03,MEO,-0.4064085141322193,-0.7633380431917969,-1.1164295620019116,-0.41768457632703015,1.415471773083855
2024-01-05 20:45:00,MEO_03,MEO,-0.7346172084550111,-1.0919987913628022,-1.2724500201574136,-0.7708979395134934,1.845501028794775
2024-01-05 21:00:00,MEO_03,MEO,-0.05040582752160122,-0.7834306656474322,-1.4773686939494688,-0.1243113789865316,1.6768527617785263
2024-01-05 21:15:00,MEO_03,MEO,-0.5652697328186966,-0.8848981991971817,-1.156118255943333,-0.5227384738194322,1.5469032796781246
2024-01-05 21:30:00,MEO_03,MEO,-0.8889915114697676,-0.46251509642136085,-1.3125067219305246,-0.5940380108078286,1.5131012087150661
2024-01-05 21:45:00,MEO_03,MEO,-1.2724914095567048,-0.7901156860526511,-1.3425861841476272,-0.17269134537050623,1.5673680997061326
2024-01-05 22:00:00,MEO_03,MEO,-0.5283817334676072,-0.5633835856967988,-1.2906531653731268,-0.3730445728500523,1.456828373986837
2024-01-05 22:15:00,MEO_03,MEO,0.31213553998492455,-0.6847017821628438,-1.1962595857990568,-0.5607696736406533,1.4880578463178609
2024-01-05 22:30:00,MEO_03,MEO,0.33622821856126633,-0.6175846934801447,-1.0930566518731053,-0.20197542442886263,1.2716044077849944
2024-01-05 22:45:00,MEO_03,MEO,-0.2872440288889039,-0.30018106489743945,-0.7007143753198476,-0.30134189748889006,0.8197049753936166
2024-01-05 23:00:00,MEO_03,MEO,-0.07111326395489984,-0.360951257081917,-1.0796174256457722,-0.6926929176520509,1.3325475878603104
2024-01-05 23:15:00,MEO_03,MEO,-0.0051388945474374614,-0.35807044824459894,-0.9952886288882419,-0.11606052131579947,1.0640883164984096
2024-01-05 23:30:00,MEO_03,MEO,-0.2172261036083461,-0.29000530719838924,-1.122939800499822,0.06593039302355085,1.1616555816910845
2024-01-05 23:45:00,MEO_03,MEO,0.04885428721567897,-0.13284569574966243,-0.76992984246234,0.04032274222899851,0.7823463841126651
2024-01-06 00:00:00,MEO_03,MEO,0.8708147040707566,-0.2818653869987695,-0.2919696914837272,0.5617379989797331,0.6929963756260371
2024-01-06 00:15:00,MEO_03,MEO,0.8353150203598616,-0.15891493041595178,-0.3696414034040192,0.3883561608059456,0.5592041039330211
2024-01-06 00:30:00,MEO_03,MEO,0.8718367002974051,0.5300179742216615,-0.5846275811017941,0.7859471951442298,1.113742095432354
2024-01-06 00:45:00,MEO_03,MEO,0.42684845714834707,0.7334770719865584,-0.33405696475553653,0.5110791185323122,0.9543503215441497
2024-01-06 01:00:00,MEO_03,MEO,1.064390179721994,0.13457560229653304,-0.5139048482038111,1.100908009394632,1.2223776956776118
2024-01-06 01:15:00,MEO_03,MEO,0.3284832810422711,0.30195600027600733,-0.3573331250891091,0.7144424224484942,0.8539861611189644
2024-01-06 01:30:00,MEO_03,MEO,1.4995842615157156,0.8362900792472745,-0.05567292417364308,0.5765436407701058,1.0172920627066278
2024-01-06 01:45:00,MEO_03,MEO,1.3751020944407681,0.7386589917125612,-0.10831806209008935,1.4501065368769233,1.6309993491433261
2024-01-06 02:00:00,MEO_03,MEO,0.8875963613167022,0.8145629825571132,-0.16886389697542728,1.0604657203235333,1.347818760900507
2024-01-06 02:15:00,MEO_03,MEO,1.952901389230635,0.923643323283338,0.18331623120221285,1.7026942860037457,1.9457362773145483
2024-01-06 02:30:00,MEO_03,MEO,0.788965970305785,0.6507874372545127,0.11259003301289325,1.4807383851121745,1.6213534374610463
2024-01-06 02:45:00,MEO_03,MEO,1.6486728285603098,0.7909368208335101,-0.17772618792555994,1.5757388352819603,1.772038523689742
2024-01-06 03:00:00,MEO_03,MEO,1.6293264592541794,0.789880481130397,-0.24956430251975908,1.6538966916520454,1.8497480320899229
2024-01-06 03:15:00,MEO_03,MEO,0.9709590952149876,0.5053883243643383,0.06910950319274538,1.4535157216320307,1.5404224858352416
2024-01-06 03:30:00,MEO_03,MEO,1.3696497966462962,0.8022473025794261,-0.14149552804594867,1.431739328604816,1.6472702340620182
2024-01-06 03:45:00,MEO_03,MEO,0.7855075855076138,0.9912860040755646,-0.22804426306216258,1.6834688801565796,1.9669060979740018
2024-01-06 04:00:00,MEO_03,MEO,0.2898538805864078,0.5402473377535945,0.270835938505962,1.3863800482676825,1.5123719548348393
2024-01-06 04:15:00,MEO_03,MEO,0.8531407095563854,0.6151810986148454,-0.02313045187483253,1.1428305340973852,1.2980926128601984
2024-01-06 04:30:00,MEO_03,MEO,0.9670206599001769,0.5421783974665899,-0.13167062107001576,1.3877739767607333,1.4957309844041822
2024-01-06 04:45:00,MEO_03,MEO,1.3322088867071,0.32650078719255854,-0.19840939266098423,0.7427334647432551,0.8352377211207485
2024-01-06 05:00:00,MEO_03,MEO,1.0634524583516471,0.46644533300548113,-0.5099721157381132,1.4111449317597309,1.5712965429683148
2024-01-06 05:15:00,MEO_03,MEO,0.9673844279605588,0.029214885627489057,-0.28405495290794064,1.3103564561873746,1.3411095287431578
2024-01-06 05:30:00,MEO_03,MEO,0.4644785904452006,0.47506758998729287,-0.518141950473056,1.22113626929307,1.4090188373756238
2024-01-06 05:45:00,MEO_03,MEO,0.5490639298463068,0.16411480718718907,-0.743574096844674,1.1167543378973601,1.3516568938340203
2024-01-06 06:00:00,MEO_03,MEO,0.31232934214239233,-0.3008043221710375,-0.8009495192866651,0.7354914032157863,1.1282512915510639
2024-01-06 06:15:00,MEO_03,MEO,0.08029512142785472,0.2705258978694153,-1.0382538924885432,0.6241225410094207,1.241243067606712
2024-01-06 06:30:00,MEO_03,MEO,0.18191296970072293,-0.17845240381387306,-0.954137646814873,0.2871101625833077,1.0122530093583255
2024-01-06 06:45:00,MEO_03,MEO,0.3481506286100609,-0.42786818642915464,-1.0344618494980977,0.8976732432567074,1.4349215151652772
2024-01-06 07:00:00,MEO_03,MEO,0.008148965074391279,-0.03228799643045133,-1.1563176683754763,0.2903957462429154,1.192662045319952
2024-01-06 07:15:00,MEO_03,MEO,0.0264900253694772,-0.2511832295285216,-1.1712828220902773,0.38654834642758945,1.2587359088569954
2024-01-06 07:30:00,MEO_03,MEO,0.2933307590060056,-0.9282033799834493,-1.2584882172643097,0.2820048603392108,1.588987365859382
2024-01-06 07:45:00,MEO_03,MEO,-0.19556598888361545,-0.7145720493484363,-1.2505354190109599,-0.1358122164055569,1.4466848330012763
2024-01-06 08:00:00,MEO_03,MEO,-0.5408473064788646,-0.5646832938475196,-1.1589575911523409,-0.2676267845332083,1.3166905544734895
2024-01-06 08:15:00,MEO_03,MEO,0.0322838920095736,-1.2618639391674584,-1.2843662354297936,0.10313091163962723,1.8034780876459064
2024-01-06 08:30:00,MEO_03,MEO,-0.13732570841363845,-0.7219301974983134,-1.2739145591148076,-0.023957748708829676,1.4644505753721508
2024-01-06 08:45:00,MEO_03,MEO,-0.1360680788899859,-0.7758599815834376,-1.6642034871162386,0.07431710255971098,1.8376765192180509
2024-01-06 09:00:00,MEO_03,MEO,-0.0559446729411692,-1.0935033356023376,-1.584617385423977,0.3162278219372102,1.9510924730848898
2024-01-06 09:15:00,MEO_03,MEO,-0.09033240575626808,-0.7329970232287916,-1.3452793266282002,0.1187271365781519,1.5366057515431668
2024-01-06 09:30:00,MEO_03,MEO,-0.2550531846446999,-0.7779611617732056,-1.3529711638590713,0.2792939677462722,1.5854840459245063
2024-01-06 09:45:00,MEO_03,MEO,0.6144343740524154,-1.064083087990948,-1.6131270481666227,0.24169414013148433,1.9475286259896183
2024-01-06 10:00:00,MEO_03,MEO,-0.6569453026710541,-0.5370313990556039,-1.2880568396772112,0.09263749706239313,1.3985974587681935
2024-01-06 10:15:00,MEO_03,MEO,-0.3643990240079332,-0.47348241032529315,-1.5346687282471643,-0.011207829537066477,1.6060882023693934
2024-01-06 10:30:00,MEO_03,MEO,0.22366973001289286,-0.6582897780253028,-1.2068991710085244,0.3437131452346638,1.417070840516017
2024-01-06 10:45:00,MEO_03,MEO,0.04951734937405156,-0.5680636627922,-1.2659041552178363,0.3686903000960026,1.4356678559358897
2024-01-06 11:00:00,MEO_03,MEO,0.3213772854935035,-0.2375752886994564,-1.4653873793501286,0.6239785156087984,1.610326481587081
2024-01-06 11:15:00,MEO_03,MEO,0.20369026970202286,-0.38773382510010446,-1.2194024282989173,0.47158546658469785,1.3636981533909773
2024-01-06 11:30:00,MEO_03,MEO,0.6857532849163264,-0.7177204423992817,-0.6031961673075633,0.5181072298465742,1.071169151587015
2024-01-06 11:45:00,MEO_03,MEO,-0.015713813737913418,0.0037792695097962348,-0.8536929305408547,0.6425299047727986,1.0684805010203986
2024-01-06 12:00:00,MEO_03,MEO,0.9161310018279542,-0.20720556865823736,-0.36298671642759883,0.5586729094823156,0.6977169367123813
2024-01-06 12:15:00,MEO_03,MEO,0.9600700384261076,0.03099522185059475,-1.0142033461967759,1.193484344680329,1.5665165215251766
2024-01-06 12:30:00,MEO_03,MEO,0.2561406744315395,0.6043728455478949,-0.45126370002766214,1.2317238742807248,1.444316158557895
2024-01-06 12:45:00,MEO_03,MEO,0.9993521271478641,0.30292724073099464,-0.9983539068703194,0.7968447978482822,1.3127974209290612
2024-01-06 13:00:00,MEO_03,MEO,0.8587112327942562,0.4098089820015152,-0.4036591498264026,1.3581656419997976,1.47495695600801
2024-01-06 13:15:00,MEO_03,MEO,0.7480427607311294,0.6095383792623557,-0.19623775327373516,0.8249247182928225,1.0442926230009457
2024-01-06 13:30:00,MEO_03,MEO,0.38646739225487636,0.7029139295714938,-0.10098818805954324,1.5265592982698164,1.6836477950115407
2024-01-06 13:45:00,MEO_03,MEO,0.7496482968297793,0.37785993132521917,-0.3674276765386081,1.2091253182429733,1.3190016150118355
2024-01-06 14:00:00,MEO_03,MEO,1.4021432915387582,0.6735620087019923,0.06006637523542202,1.5130087632604843,1.6572535312086698
2024-01-06 14:15:00,MEO_03,MEO,1.4992206472470972,0.7346391151208044,-0.1902443693990582,1.0447609360230858,1.291283455711161
2024-01-06 14:30:00,MEO_03,MEO,1.1772759266255606,0.805541373126183,-0.09698550260409478,1.273174240662115,1.509727041096813
2024-01-06 14:45:00,MEO_03,MEO,1.5525196759091888,0.8021657436463864,-0.13650812559423797,1.6538189824511602,1.8431553313133442
2024-01-06 15:00:00,MEO_03,MEO,1.573238151054284,1.3968649240067381,-0.29048439014667404,1.3736318124147127,1.980524464104638
2024-01-06 15:15:00,MEO_03,MEO,1.3180681288463338,0.44661829975847356,0.24588650254274785,1.3608130158961653,1.4531827627811553
2024-01-06 15:30:00,MEO_03,MEO,0.9751129775504812,1.0000758142725676,-0.06623142922148609,1.819349576186994,2.0771545722168714
2024-01-06 15:45:00,MEO_03,MEO,1.3669399967900941,0.9859701879153229,0.11790576302219388,1.9777218030609407,2.21301209005153
2024-01-06 16:00:00,MEO_03,MEO,1.338597912695645,0.7518609072089087,0.03940616410718947,1.6280029821010553,1.793667020182
2024-01-06 16:15:00,MEO_03,MEO,1.3179090639584516,0.40426064115866983,-0.4200471875494062,1.0799573203769386,1.2272628567645656
2024-01-06 16:30:00,MEO_03,MEO,1.340174977252812,0.895167934249997,-0.06629598215939375,1.6463036072622497,1.8751096914699632
2024-01-06 16:45:00,MEO_03,MEO,0.4859015289177967,-0.14868125827249168,-0.2696876809779624,0.8322116292755867,0.8873633741226247
2024-01-06 17:00:00,MEO_03,MEO,0.7235262290623441,0.14797162835699715,-0.6695380381662459,1.008250951599827,1.219322257958118
2024-01-06 17:15:00,MEO_03,MEO,0.13915840375389343,0.5283835254173611,-0.49470845507931194,1.0033612889048051,1.2371982385746234
2024-01-06 17:30:00,MEO_03,MEO,0.9798943942354627,0.07834961995476891,-0.8928228850293455,1.3360672648772647,1.6088340819536973
2024-01-06 17:45:00,MEO_03,MEO,0.5051467527762589,0.4367150635816663,-0.4612860445949657,0.9859699616006671,1.1728774986655803
2024-01-06 18:00:00,MEO_03,MEO,0.6154857153905053,-0.4370227036703725,-0.7197678267756171,0.5682409865954338,1.015850573082286
2024-01-06 18:15:00,MEO_03,MEO,-0.18212714193347485,-0.45646118029961874,-1.0106763660097067,0.37994197922696266,1.1722539970117438
2024-01-06 18:30:00,MEO_03,MEO,0.714727646351855,-0.40365512249833135,-0.856786424865962,0.7257550525277571,1.1932061146437807
2024-01-06 18:45:00,MEO_03,MEO,-0.2825466531514325,-0.2549199049587868,-1.5432409168947805,0.2776708199721353,1.5886087528987234
2024-01-06 19:00:00,MEO_03,MEO,0.30109823171717603,-0.5308444484940317,-1.4772322796306583,0.35972774736742696,1.6104083608531619
2024-01-06 19:15:00,MEO_03,MEO,0.0028856110874217397,-0.7049627281025354,-1.4799703671412503,-0.09384986161362796,1.641978237418168
2024-01-06 19:30:00,MEO_03,MEO,-0.19973920041072313,-0.2928848438353721,-1.0416625130192165,0.2820583466755813,1.1182125172378201
2024-01-06 19:45:00,MEO_03,MEO,-0.27753842585298344,-0.33672513977466517,-1.7874593402830619,0.21342735418718944,1.8313781554984132
2024-01-06 20:00:00,MEO_03,MEO,-0.43612161482617284,-0.880385827507854,-1.9691236742437848,-0.2306270827633879,2.1692662586801053
2024-01-06 20:15:00,MEO_03,MEO,0.21668522598564033,-1.2334811373097776,-1.9600756941453283,0.23984964472944886,2.3282826922337323
2024-01-06 20:30:00,MEO_03,MEO,-0.2709871435052107,-1.3601188786399658,-1.503934305072875,0.08544106526118023,2.0295422965882812
2024-01-06 20:45:00,MEO_03,MEO,-0.7814238252500352,-0.7915861047959555,-1.801905558326247,0.08796984335210292,1.9700789059762178
2024-01-06 21:00:00,MEO_03,MEO,-0.4642873598386705,-0.711849103610401,-1.7064269543004718,-0.1741449236687313,1.8571345000063146
2024-01-06 21:15:00,MEO_03,MEO,-0.27831090615429027,-0.8802133191885417,-1.50618566434271,-0.040790720479060474,1.745002758056732
2024-01-06 21:30:00,MEO_03,MEO,-0.006056607299580574,-0.8899670780700282,-1.6871101495672087,-0.02748836039390795,1.9076523967375028
2024-01-06 21:45:00,MEO_03,MEO,-0.5069819420010122,-1.0701870964341695,-1.5984324364101512,-0.02458635689188189,1.9237700392945891
2024-01-06 22:00:00,MEO_03,MEO,-0.40519805654293295,-0.6539316049497156,-1.4990324576927891,0.09902318393117227,1.6384536746958889
2024-01-06 22:15:00,MEO_03,MEO,-0.17100483071446718,-0.3087988556306146,-1.617072278070682,0.4227153353465717,1.6996963671434515
2024-01-06 22:30:00,MEO_03,MEO,0.20804474795493633,-1.218809894686002,-1.4908463315709488,0.43932880686933234,1.9751278804898404
2024-01-06 22:45:00,MEO_03,MEO,-0.49052337058373885,-0.6147013927007174,-1.3111466824138442,0.029874102988460882,1.4483976964295397
2024-01-06 23:00:00,MEO_03,MEO,0.24824817685647202,-0.7012957395719872,-1.0769368507242814,0.5954769191427635,1.416404411184006
2024-01-06 23:15:00,MEO_03,MEO,0.019169393338407587,-0.69916419695304,-1.32563463996737,0.7578978843029825,1.6794484142162107
2024-01-06 23:30:00,MEO_03,MEO,0.20373100244469317,-0.5245093320558251,-1.6683541469520065,0.5579898498150908,1.8357200961917568
2024-01-06 23:45:00,MEO_03,MEO,1.1176731865227734,-0.03797275281776595,-0.8226758182229182,0.7815252610963479,1.1353497987743786
2024-01-07 00:00:00,MEO_03,MEO,0.45107669956398466,0.0836869678197878,-0.6715114762760563,0.8972094665059065,1.1237953542087333
2024-01-07 00:15:00,MEO_03,MEO,0.9043930276498331,0.4599473657243799,-0.7193969369770522,0.7149734957899831,1.1136743832246976
2024-01-07 00:30:00,MEO_03,MEO,1.0165340560750484,0.2451772823516482,-0.5776141285723306,0.9191356115282587,1.1129062196282034
2024-01-07 00:45:00,MEO_03,MEO,0.4516145733201984,-0.09222450478517269,-0.6408394071058954,1.2706109590559889,1.4260549478389273
2024-01-07 01:00:00,MEO_03,MEO,0.30953122436485825,0.3903471704175616,-0.3306542960623177,1.084701585762785,1.1992834140076167
2024-01-07 01:15:00,MEO_03,MEO,1.2875631389363342,0.20945579127972747,-0.18498741919577932,1.4762447215980499,1.5024614976123134
2024-01-07 01:30:00,MEO_03,MEO,0.6868102524935025,0.36377201360907324,-0.2499077582111523,1.5957013549988766,1.6556106969467714
2024-01-07 01:45:00,MEO_03,MEO,0.532271559515709,0.9043840100365195,0.29015199063542296,1.651429300862132,1.9050767310072902
2024-01-07 02:00:00,MEO_03,MEO,1.5489128088093667,0.8813305359028257,-0.45128306283137487,1.8878929900062857,2.1317926395473137
2024-01-07 02:15:00,MEO_03,MEO,0.8770318722470488,0.992477384595206,-0.04782815210844325,1.4996522727595152,1.7989596522045257
2024-01-07 02:30:00,MEO_03,MEO,0.9939603035296726,0.7811534748667549,-0.2867383317722833,1.6173359922864639,1.8188445052145603
2024-01-07 02:45:00,MEO_03,MEO,1.9781313154944316,1.1101663012734,0.1530089465427864,1.6966918264133644,2.0333824303418955
2024-01-07 03:00:00,MEO_03,MEO,0.6976346525410816,0.8242405474305885,-0.3265377237736038,1.6101716443030205,1.8381110111180488
2024-01-07 03:15:00,MEO_03,MEO,0.8659907426558843,1.2213733365820816,-0.282373294949746,1.7163770361098305,2.1254264595839563
2024-01-07 03:30:00,MEO_03,MEO,1.152998654894867,1.0539252935786219,-0.16032293792862704,1.1742899617677724,1.5860072141006822
2024-01-07 03:45:00,MEO_03,MEO,1.231154237775543,0.8569045903812472,-0.011090551609326038,1.5668086303145687,1.7858605100566134
2024-01-07 04:00:00,MEO_03,MEO,0.9718503004109892,0.9435935666015889,-0.2254680384756213,1.1296820019862115,1.4890890104078822
2024-01-07 04:15:00,MEO_03,MEO,0.8219338982930076,0.8218243670126191,-0.2789264169133829,1.1590988887341493,1.4480005076423732
2024-01-07 04:30:00,MEO_03,MEO,1.7213275836475086,1.1794289691841033,-0.2863852103478946,1.4698368886886881,1.9061714669480099
2024-01-07 04:45:00,MEO_03,MEO,1.1934285293654228,0.7632790467367143,-0.3790362496005984,1.1626796462220592,1.4415572626287334
2024-01-07 05:00:00,MEO_03,MEO,1.2023211368972366,0.6649391288638613,-0.11418400926692823,1.2623627980891186,1.4313426798170623
2024-01-07 05:15:00,MEO_03,MEO,0.8440750226134737,0.5156356059032066,-0.36577561318364415,0.9592176397635461,1.1488125859811016
2024-01-07 05:30:00,MEO_03,MEO,0.905544688950869,0.6725951078093219,-0.648527649284824,1.1647615411416934,1.493198492719138
2024-01-07 05:45:00,MEO_03,MEO,1.0128561452504181,0.5462316495115029,-0.25488305945507816,0.7459960573057867,0.9590852446164609
2024-01-07 06:00:00,MEO_03,MEO,0.23014539318665728,0.20401511775485298,-0.6966066778350835,0.2601189051049152,0.7710673619535054
2024-01-07 06:15:00,MEO_03,MEO,0.5342645543208759,-0.09448650153795593,-1.0963873021467407,0.6482681105920128,1.2772017689042046
2024-01-07 06:30:00,MEO_03,MEO,0.5920678677468203,-0.12359977303624059,-0.9600916271973955,0.007328300426610701,0.9680426336150156
2024-01-07 06:45:00,MEO_03,MEO,0.7584903165764465,0.013806320874381467,-1.0039979860881514,0.05879504028431137,1.0058128192298923
2024-01-07 07:00:00,MEO_03,MEO,0.785918739284922,0.29989093210945617,-1.3432776333585257,0.07186601405428061,1.378221352112501
2024-01-07 07:15:00,MEO_03,MEO,0.06553399606757793,-0.19016155928242728,-1.4927337439892916,-0.018041777236622758,1.5049056298648325
2024-01-07 07:30:00,MEO_03,MEO,0.38390960912283856,-0.3700257452785008,-1.341440097794713,0.0159333725413133,1.3916301450101385
2024-01-07 07:45:00,MEO_03,MEO,-1.011867519762737,-0.7300292946539475,-1.478023721981987,-0.15075629397090556,1.6553623029313758
2024-01-07 08:00:00,MEO_03,MEO,0.41194622588575747,0.03423116698838913,-1.1653096294236687,-0.29359817159894835,1.2022138709843437
2024-01-07 08:15:00,MEO_03,MEO,-0.44427868746648275,-0.24336624808821786,-1.376507212345668,0.3191173834754741,1.4338183778932432
2024-01-07 08:30:00,MEO_03,MEO,-0.32594845117024907,-0.22060060618636376,-1.6972082030626532,-0.20836561208807572,1.7241219621284887
2024-01-07 08:45:00,MEO_03,MEO,-0.11707474545913596,-0.21585869362811427,-1.4950219335005095,-0.6084481475279956,1.6284639097912754
2024-01-07 09:00:00,MEO_03,MEO,-0.3651937105411105,-0.5270548268264786,-1.3661663073658288,-0.21397664893653284,1.4798591744327503
2024-01-07 09:15:00,MEO_03,MEO,-0.23311280161582687,-0.46899648089226864,-1.9191620059666523,-0.3936629696002144,2.0144753753445923
2024-01-07 09:30:00,MEO_03,MEO,0.2727054202079998,-0.07355124535059843,-1.8268699452578043,-0.3288298258036656,1.857684751758744
2024-01-07 09:45:00,MEO_03,MEO,-0.40557054664553494,-0.33826484048455374,-1.5757195693935948,0.04754643802460021,1.6123200449807735
2024-01-07 10:00:00,MEO_03,MEO,-0.5759402229298655,-0.1945644295325546,-1.49832462643242,-0.16448656571477918,1.5198315149100645
2024-01-07 10:15:00,MEO_03,MEO,0.5068559572236713,-0.09046069939854609,-1.46470800558934,-0.2664790869648958,1.4914971617682753
2024-01-07 10:30:00,MEO_03,MEO,0.13667283955214932,-0.08323696043570558,-1.4304927831288397,0.1807271865712521,1.4442646260752317
2024-01-07 10:45:00,MEO_03,MEO,0.6907393768187977,-0.15173810709748337,-1.3565786950632563,0.452763074764651,1.4381671011796215
2024-01-07 11:00:00,MEO_03,MEO,0.4040771327858278,-0.021048956202556462,-1.1593850312629668,0.37925475884576754,1.22002085284679
2024-01-07 11:15:00,MEO_03,MEO,-0.2579578607520738,0.2853112495554849,-0.9189329449469291,-0.2006563854317412,0.9829055150146832
2024-01-07 11:30:00,MEO_03,MEO,0.5301717650371145,0.4031607799548631,-1.157667014662835,0.19862516236933225,1.2418468047462285
2024-01-07 11:45:00,MEO_03,MEO,0.09203445120913151,0.6364356369365406,-0.457181183696209,0.5593332201114377,0.9627661220716675
2024-01-07 12:00:00,MEO_03,MEO,0.5360017460336285,0.5564825867099688,-0.4520539514342808,0.5781360706572845,0.9210140935478727
2024-01-07 12:15:00,MEO_03,MEO,0.5977355827555796,0.6598902402464164,-0.5011796575101706,0.6464938680782877,1.0509950046205316
2024-01-07 12:30:00,MEO_03,MEO,0.17039878244639894,0.4862585981990721,-0.5713090531286797,0.6020905345886971,0.9619534657927162
2024-01-07 12:45:00,MEO_03,MEO,0.522104911262318,0.5620513238211228,-0.19873863705357542,0.5882607106856037,0.8375257609192215
2024-01-07 13:00:00,MEO_03,MEO,1.6879682950522878,0.9968879612682798,-0.613125512494261,1.4493873818399468,1.8629096285192777
2024-01-07 13:15:00,MEO_03,MEO,1.0568697763683794,0.759656753512204,-0.6474723434022787,1.0838273264871174,1.473424749441841
2024-01-07 13:30:00,MEO_03,MEO,1.0006490456778847,0.9618497734177033,-0.5061948236217557,1.3000001658351836,1.6945172224727174
2024-01-07 13:45:00,MEO_03,MEO,1.7493822391867202,1.409714511843845,-0.555414597338423,1.2082668732501773,1.9379600658510723
2024-01-07 14:00:00,MEO_03,MEO,1.0411841975848715,1.4237404007954657,-0.25655428211029363,1.2749656903745048,1.928313859349276
2024-01-07 14:15:00,MEO_03,MEO,1.2099249343095,1.2537075322174411,-0.15508575444316675,1.2805034192898768,1.7987560074626627
2024-01-07 14:30:00,MEO_03,MEO,1.6228172469217779,1.16301249348717,-0.1629921988783704,1.0758283110317899,1.592661631270109
2024-01-07 14:45:00,MEO_03,MEO,1.129138361109542,1.25003059698945,-0.19335539686299863,1.0256791889171335,1.628490282895037
2024-01-07 15:00:00,MEO_03,MEO,0.9942350385612653,1.5106406294605483,-0.14110950022917793,1.4618148460812406,2.106857766118874
2024-01-07 15:15:00,MEO_03,MEO,0.442724283715767,1.2945810604668386,0.1704190482922638,1.4130542345355772,1.9239815601713057
2024-01-07 15:30:00,MEO_03,MEO,0.8425301170023419,1.1821618634059474,-0.10150378644179164,1.5719957373976576,1.969512703272017
2024-01-07 15:45:00,MEO_03,MEO,0.8267033599298412,1.602081571691146,-0.07924571244506981,1.469183192341194,2.175188382175475
2024-01-07 16:00:00,MEO_03,MEO,1.1675514820362922,1.2785525433815357,-0.28961198594089294,1.100269468485949,1.71148023998829
2024-01-07 16:15:00,MEO_03,MEO,0.8154969525896094,1.0427224580979302,-0.6897643298747447,1.4610832458751688,1.922968852261124
2024-01-07 16:30:00,MEO_03,MEO,1.7438778246420132,1.2355565743461305,-0.7883959444060873,1.3215791852325154,1.9735095024868137
2024-01-07 16:45:00,MEO_03,MEO,0.5242335133938476,1.2241741041351464,-0.09477619696922579,1.236559894527064,1.742602977588361
2024-01-07 17:00:00,MEO_03,MEO,1.301794029902,0.6522400940892427,-0.7029931358660851,1.4853681410271338,1.7680313921960717
2024-01-07 17:15:00,MEO_03,MEO,0.7770122615313735,0.7621623818891762,-0.8391316004756004,1.360099431492274,1.7705659555151658
2024-01-07 17:30:00,MEO_03,MEO,0.8415816284632578,0.6778830957745667,-0.7804232934469525,0.9634803838550463,1.4131102075085884
2024-01-07 17:45:00,MEO_03,MEO,0.689466470627588,0.7322207832876759,-0.7932717402260212,0.8615669910894583,1.381204188183116
2024-01-07 18:00:00,MEO_03,MEO,-0.46172026062899196,0.637594673799436,-0.871503324017568,0.8762197689862972,1.390613567959654
2024-01-07 18:15:00,MEO_03,MEO,0.22467060309164016,0.2413343577223584,-0.7388461140540823,0.39547245148090737,0.8720861840153185
2024-01-07 18:30:00,MEO_03,MEO,0.04170551691296659,-0.08745420160428286,-0.891540708741573,0.28841032142833634,0.9411023250571986
2024-01-07 18:45:00,MEO_03,MEO,-0.3587489917064595,0.44730765257910465,-1.4277610947138033,0.4427381500885255,1.5603214249564086
2024-01-07 19:00:00,MEO_03,MEO,0.06445696552200003,-0.1832568743301045,-1.2024605535683563,0.0005007078042426061,1.2163448177163674
2024-01-07 19:15:00,MEO_03,MEO,0.4442846377946458,0.05360358354411564,-1.5626182833775883,0.23627318484372425,1.5812887976555354
2024-01-07 19:30:00,MEO_03,MEO,-1.1650063471660985,-0.12794317211638384,-1.5599492995482849,0.06469883669548235,1.566523926380359
2024-01-07 19:45:00,MEO_03,MEO,-0.48660787180086473,-0.13008909063401836,-1.8009427444956132,-0.2527917222239157,1.8232447985057603
2024-01-07 20:00:00,MEO_03,MEO,-0.7690044275042209,0.21046832587141656,-1.9524744993444254,-0.11460469512143334,1.9671267938110288
2024-01-07 20:15:00,MEO_03,MEO,-0.32691435412289305,0.5214992377571432,-1.6648547713555852,0.1375365866542277,1.75003405034166
2024-01-07 20:30:00,MEO_03,MEO,-0.4741295554764995,-0.6846289840108886,-1.8915527452855239,-0.15890281206842327,2.0179045412576473
2024-01-07 20:45:00,MEO_03,MEO,-0.5955403893903489,-0.008528687962130133,-1.552415396222639,-0.20494084108470456,1.5659077397126417
2024-01-07 21:00:00,MEO_03,MEO,-0.16734960912918329,-0.30443041942827814,-1.8193930810802703,-0.14412223795704432,1.8503081589913026
2024-01-07 21:15:00,MEO_03,MEO,0.19343723942343255,0.0188034992990595,-1.6770768628419699,-0.10939121499093518,1.6807459098218702
2024-01-07 21:30:00,MEO_03,MEO,0.5472710905246394,0.015216877988693533,-1.4327111671371215,-0.2670521784351614,1.4574668805232252
2024-01-07 21:45:00,MEO_03,MEO,-0.5669521589417513,0.2025805627051046,-1.9682284948606346,-0.11391771115560619,1.9819030090501926
2024-01-07 22:00:00,MEO_03,MEO,-0.8957541670945534,-0.027531915139164975,-1.7574912245117045,-0.3567067213965035,1.7935364773754459
2024-01-07 22:15:00,MEO_03,MEO,-0.02339563610863568,-0.25743582218559274,-1.5126936613525903,-0.23671122598578176,1.5525938039771925
2024-01-07 22:30:00,MEO_03,MEO,0.39134710876033824,0.265594278108891,-1.3963248931846695,-0.15953345664898536,1.4302847449657483
2024-01-07 22:45:00,MEO_03,MEO,0.1680866667888044,0.14949137628772133,-1.1385077738520333,0.1846877159359144,1.163037907861792
2024-01-07 23:00:00,MEO_03,MEO,0.5385265394678553,0.17957704167424676,-1.115645370728735,0.21048810929252806,1.1494423653574257
2024-01-07 23:15:00,MEO_03,MEO,-0.005706260412989939,0.23569903044819718,-1.167512622136497,0.2600698433837215,1.219129229917769
2024-01-07 23:30:00,MEO_03,MEO,-0.0630858107026305,0.7093117653026522,-1.055227130136111,0.5432749725509367,1.3826695817773236
2024-01-07 23:45:00,MEO_03,MEO,0.289270473518661,1.004039813357355,-0.9413053481121232,0.5791708503241051,1.4931813617428742
